{"type":"FeatureCollection","name":"turkiye-iller","attribution":"© OpenStreetMap contributors, geoBoundaries (CC BY-SA 2.0)","features":[{"type":"Feature","id":1,"properties":{"plaka":1,"ad":"Adana"},"geometry":{"type":"Polygon","coordinates":[[[34.9115,36.7287],[34.9749,36.7191],[35.019,36.7035],[35.1139,36.6569],[35.3252,36.5573],[35.3392,36.5388],[35.4087,36.5738],[35.4217,36.5907],[35.4989,36.5856],[35.5673,36.5654],[35.5805,36.5858],[35.6198,36.6007],[35.6369,36.6272],[35.6446,36.6683],[35.6851,36.6903],[35.6659,36.7066],[35.6444,36.6983],[35.5954,36.7057],[35.5945,36.7181],[35.6418,36.7563],[35.6667,36.7669],[35.711,36.7589],[35.7558,36.77],[35.7897,36.7658],[35.8442,36.7976],[35.9435,36.8895],[35.9474,36.9336],[35.9844,36.967],[36.0077,36.9712],[36.0576,37.0082],[36.0571,37.0459],[36.0951,37.061],[36.0947,37.0938],[36.0773,37.1155],[36.0962,37.155],[36.0768,37.1655],[36.0737,37.1999],[36.0354,37.2118],[35.9724,37.2201],[35.9581,37.2062],[35.8959,37.1835],[35.8798,37.1914],[35.917,37.2432],[35.9034,37.2846],[35.916,37.3499],[35.9141,37.384],[35.9225,37.4236],[35.9144,37.4588],[35.9472,37.4886],[35.9622,37.5169],[35.9716,37.5663],[35.9935,37.5875],[36.0372,37.6132],[36.0694,37.6409],[36.1034,37.6861],[36.1547,37.7374],[36.2036,37.749],[36.2607,37.7498],[36.2684,37.7778],[36.2555,37.7898],[36.2923,37.9066],[36.2354,37.9466],[36.2057,37.9577],[36.2338,38.0139],[36.2569,38.0295],[36.2654,38.0533],[36.3322,38.0676],[36.3582,38.1047],[36.348,38.1225],[36.3609,38.1637],[36.3889,38.1862],[36.3848,38.2269],[36.4096,38.2629],[36.4091,38.281],[36.3625,38.2947],[36.3878,38.3486],[36.3727,38.3796],[36.292,38.3841],[36.2808,38.4046],[36.2283,38.3996],[36.1795,38.3837],[36.1846,38.349],[36.1395,38.3436],[36.0497,38.2725],[36.0455,38.2598],[35.9904,38.2234],[36.0004,38.195],[35.9922,38.1529],[35.9729,38.139],[35.9745,38.1173],[35.9373,38.0955],[35.8517,38.0902],[35.8352,38.0761],[35.7897,38.0812],[35.7767,38.0535],[35.7484,38.0407],[35.7247,38.0548],[35.693,37.9958],[35.671,37.9838],[35.5982,37.9655],[35.5757,37.9414],[35.5944,37.9051],[35.5866,37.8849],[35.5973,37.8601],[35.6236,37.8408],[35.6037,37.8018],[35.5761,37.7881],[35.5611,37.8023],[35.5187,37.801],[35.5299,37.7761],[35.5174,37.7606],[35.5196,37.7252],[35.4825,37.708],[35.4744,37.7242],[35.4051,37.6914],[35.3589,37.7036],[35.3207,37.7056],[35.3111,37.7176],[35.091,37.6496],[35.0527,37.65],[34.9693,37.6743],[34.9365,37.6936],[34.9056,37.6948],[34.8796,37.682],[34.8477,37.6087],[34.8695,37.5608],[34.8475,37.5396],[34.8499,37.5147],[34.8321,37.4823],[34.8021,37.4661],[34.7972,37.4316],[34.7748,37.4209],[34.7875,37.3758],[34.7788,37.3309],[34.8174,37.309],[34.8716,37.296],[34.9349,37.2918],[34.9746,37.2677],[34.9623,37.2189],[34.9308,37.1986],[34.9546,37.1661],[34.9529,37.1471],[34.9816,37.1209],[35.0119,37.0648],[35.0533,37.0675],[35.0983,37.0436],[35.1225,37.0407],[35.1208,36.9848],[35.0939,36.9804],[35.0984,36.9523],[35.12,36.9414],[35.1236,36.9164],[35.1515,36.8591],[35.1391,36.8304],[35.1404,36.7908],[35.0956,36.7832],[35.0817,36.7972],[35.0477,36.7678],[35.0029,36.7522],[34.9816,36.7608],[34.9598,36.7433],[34.9115,36.7287]]]}},{"type":"Feature","id":2,"properties":{"plaka":2,"ad":"Adıyaman"},"geometry":{"type":"Polygon","coordinates":[[[37.6038,37.4835],[37.6292,37.488],[37.6495,37.5117],[37.7315,37.5271],[37.7478,37.5222],[37.8174,37.4759],[37.861,37.4667],[37.9308,37.4678],[38,37.4755],[38.0417,37.4729],[38.0797,37.4611],[38.081,37.4479],[38.1178,37.4277],[38.1811,37.4102],[38.199,37.4511],[38.2474,37.4435],[38.2669,37.4721],[38.3055,37.4726],[38.3274,37.4902],[38.383,37.4811],[38.4108,37.4897],[38.4631,37.4883],[38.4994,37.4986],[38.5675,37.5508],[38.5794,37.5705],[38.615,37.5869],[38.6444,37.6208],[38.6942,37.6275],[38.7497,37.6272],[38.7831,37.6405],[38.8474,37.6476],[38.8472,37.6628],[38.8058,37.6819],[38.8269,37.6978],[38.8584,37.6926],[38.9126,37.7129],[38.9053,37.7412],[38.9586,37.753],[38.9542,37.7986],[38.968,37.8222],[38.9739,37.86],[38.9924,37.8851],[38.9737,37.9001],[39.0249,37.9166],[39.0572,37.9647],[39.0592,37.9844],[39.112,38.018],[39.1375,38.018],[39.1594,38.0181],[39.2223,38.0718],[39.2378,38.1214],[39.2629,38.1461],[39.2568,38.1779],[39.2201,38.2078],[39.1952,38.2068],[39.1625,38.1835],[39.1267,38.1867],[39.0687,38.1426],[39.037,38.0836],[39.0074,38.071],[38.9358,38.0589],[38.933,38.0883],[38.8738,38.0723],[38.8994,38.0543],[38.8509,38.0354],[38.8256,38.0094],[38.7606,37.987],[38.7637,38.0192],[38.7318,38.0539],[38.6825,38.0509],[38.6132,38.0979],[38.5668,38.1391],[38.4964,38.1582],[38.492,38.1903],[38.4417,38.1751],[38.4292,38.1259],[38.3958,38.1064],[38.3781,38.1187],[38.327,38.1128],[38.2848,38.133],[38.282,38.1566],[38.2581,38.1788],[38.2229,38.1676],[38.1938,38.1408],[38.1876,38.1037],[38.1593,38.1193],[38.1295,38.0932],[38.1103,38.0476],[38.1338,38.0152],[38.1534,38.0052],[38.132,37.9761],[38.0708,37.9363],[38.0386,37.8991],[37.9661,37.8666],[37.9354,37.8805],[37.8847,37.8884],[37.8595,37.8805],[37.7668,37.8876],[37.7563,37.9346],[37.725,37.9117],[37.6816,37.9139],[37.6983,37.9436],[37.6457,37.9537],[37.612,37.9385],[37.6079,37.9214],[37.5641,37.9007],[37.5357,37.9196],[37.4829,37.882],[37.5122,37.8648],[37.5082,37.7948],[37.5152,37.7744],[37.4836,37.7499],[37.4533,37.7482],[37.4694,37.6822],[37.436,37.6409],[37.4484,37.623],[37.4507,37.574],[37.4942,37.5707],[37.5538,37.6104],[37.5863,37.5832],[37.5814,37.5211],[37.6038,37.4835]]]}},{"type":"Feature","id":3,"properties":{"plaka":3,"ad":"Afyonkarahisar"},"geometry":{"type":"Polygon","coordinates":[[[30.0926,37.7992],[30.1574,37.8657],[30.1502,37.8835],[30.1566,37.9222],[30.1917,37.9793],[30.2101,37.9789],[30.2799,38.0064],[30.3204,38.0393],[30.3479,38.0402],[30.3826,38.0601],[30.3979,38.1092],[30.4283,38.1535],[30.4806,38.199],[30.5244,38.1963],[30.5785,38.2167],[30.6437,38.2283],[30.6961,38.2662],[30.7248,38.2694],[30.7506,38.2958],[30.7884,38.3071],[30.7997,38.3661],[30.8576,38.4048],[30.9128,38.4075],[30.9582,38.4273],[30.9622,38.4569],[30.9833,38.4994],[31.0816,38.5091],[31.1324,38.5016],[31.1382,38.4619],[31.1994,38.4385],[31.2058,38.4244],[31.1829,38.4039],[31.1857,38.3858],[31.2586,38.3769],[31.2721,38.3857],[31.2735,38.4218],[31.3019,38.4395],[31.3222,38.4877],[31.3422,38.5036],[31.4429,38.5463],[31.5556,38.6163],[31.5778,38.6422],[31.5693,38.6707],[31.5408,38.6876],[31.5406,38.7211],[31.572,38.7458],[31.6097,38.792],[31.6209,38.8365],[31.6034,38.8607],[31.5706,38.8641],[31.621,38.9202],[31.6235,38.969],[31.6812,38.9693],[31.7071,38.9605],[31.7293,38.9713],[31.7278,38.9926],[31.6764,39.0199],[31.6311,39.0111],[31.596,39.0165],[31.5925,39.0433],[31.5446,39.0441],[31.5297,39.0831],[31.4905,39.0891],[31.4427,39.1211],[31.4593,39.1476],[31.4522,39.1654],[31.4119,39.1657],[31.3867,39.1839],[31.3363,39.193],[31.3176,39.2207],[31.3296,39.2517],[31.3039,39.2611],[31.2821,39.24],[31.1651,39.2504],[31.1211,39.2613],[31.0719,39.2422],[31.1055,39.2189],[31.0896,39.1984],[31.0545,39.202],[31.0249,39.1847],[30.9532,39.2136],[30.9273,39.2182],[30.8812,39.2043],[30.8844,39.1677],[30.9208,39.1387],[30.8916,39.1166],[30.8197,39.1231],[30.7971,39.1161],[30.7846,39.0714],[30.7506,39.0632],[30.7348,39.0476],[30.6934,39.0554],[30.6614,39.0914],[30.5903,39.0926],[30.5481,39.1146],[30.5082,39.2159],[30.479,39.2288],[30.4462,39.2205],[30.41,39.179],[30.378,39.1535],[30.3081,39.1532],[30.2694,39.1138],[30.268,39.09],[30.2423,39.0594],[30.2677,39.0022],[30.2568,38.9766],[30.2282,38.9704],[30.1921,38.9175],[30.1424,38.8861],[30.1035,38.8334],[30.0638,38.8156],[30.0341,38.822],[30.0156,38.7925],[29.9967,38.736],[29.9509,38.7316],[29.9039,38.7088],[29.9013,38.6354],[29.832,38.5404],[29.8143,38.4741],[29.8856,38.4545],[29.9007,38.4251],[29.9321,38.4094],[29.9782,38.421],[30.0056,38.4041],[29.9795,38.375],[29.9697,38.3382],[29.9911,38.3114],[30.0544,38.2882],[30.093,38.2359],[30.0766,38.2193],[30.08,38.1978],[30.0581,38.1842],[30.02,38.195],[29.9993,38.1415],[29.9686,38.1349],[29.9294,38.1702],[29.8671,38.1358],[29.8702,38.1156],[29.8938,38.0932],[29.812,38.0706],[29.8118,38.0507],[29.7786,38.036],[29.7401,37.9859],[29.7101,37.9794],[29.6837,37.9884],[29.6668,37.9632],[29.7227,37.9433],[29.6694,37.8981],[29.7045,37.8725],[29.7418,37.8582],[29.7474,37.8216],[29.7703,37.8126],[29.8869,37.8254],[29.8971,37.7775],[29.9207,37.7878],[30.0257,37.8074],[30.0479,37.7905],[30.0926,37.7992]]]}},{"type":"Feature","id":4,"properties":{"plaka":4,"ad":"Ağrı"},"geometry":{"type":"Polygon","coordinates":[[[43.0008,39.0188],[42.9876,39.0484],[43.0117,39.0922],[43.0819,39.1338],[43.0808,39.1457],[43.1384,39.1712],[43.1864,39.2838],[43.2162,39.3312],[43.311,39.3658],[43.4335,39.3555],[43.5127,39.3199],[43.5773,39.2492],[43.6441,39.2003],[43.6858,39.2052],[43.7345,39.2005],[43.7754,39.25],[43.8528,39.3199],[43.9098,39.3492],[43.983,39.371],[44.0377,39.3613],[44.0513,39.4041],[44.097,39.4122],[44.1414,39.3977],[44.1908,39.4024],[44.2332,39.4163],[44.2949,39.3765],[44.3336,39.3879],[44.3856,39.413],[44.422,39.4116],[44.4329,39.4427],[44.4176,39.4852],[44.4397,39.5011],[44.4162,39.5564],[44.4801,39.6104],[44.4871,39.6437],[44.4672,39.6841],[44.4263,39.6609],[44.295,39.675],[44.2546,39.6985],[44.1778,39.7129],[44.1451,39.7401],[44.0939,39.7326],[44.045,39.7401],[43.9988,39.7278],[43.9764,39.7476],[43.881,39.7578],[43.838,39.7774],[43.7903,39.7785],[43.7709,39.7635],[43.7274,39.7708],[43.6698,39.7892],[43.6089,39.8008],[43.5682,39.835],[43.53,39.8412],[43.5016,39.8205],[43.4925,39.7884],[43.4537,39.771],[43.418,39.7989],[43.4031,39.841],[43.4047,39.871],[43.3663,39.925],[43.3785,39.9817],[43.3576,39.992],[43.2843,40.0023],[43.2708,39.9944],[43.0933,39.9839],[43.053,39.9884],[42.8839,39.9809],[42.8643,39.9731],[42.7929,39.9725],[42.6822,39.9438],[42.6307,39.9348],[42.5567,39.9346],[42.522,39.9092],[42.4405,39.9117],[42.3865,39.8819],[42.2871,39.843],[42.279,39.8171],[42.3022,39.7713],[42.3304,39.7528],[42.3575,39.7595],[42.3815,39.744],[42.4235,39.7349],[42.4588,39.7186],[42.5203,39.6359],[42.5115,39.6082],[42.4861,39.5884],[42.4822,39.5607],[42.4196,39.5347],[42.4661,39.4781],[42.5113,39.4859],[42.5126,39.4352],[42.5006,39.4219],[42.5245,39.3602],[42.5563,39.3718],[42.5878,39.3528],[42.6256,39.303],[42.6017,39.2766],[42.6526,39.2682],[42.6639,39.2395],[42.6861,39.2203],[42.6814,39.1822],[42.7019,39.1546],[42.693,39.125],[42.7099,39.0776],[42.6945,39.0236],[42.7122,38.9654],[42.6946,38.9576],[42.7147,38.9351],[42.7715,38.9308],[42.9096,38.9308],[42.9254,38.947],[42.9241,38.9795],[42.9552,39.0217],[43.0008,39.0188]]]}},{"type":"Feature","id":5,"properties":{"plaka":5,"ad":"Amasya"},"geometry":{"type":"Polygon","coordinates":[[[35.4326,40.2427],[35.4447,40.2599],[35.5217,40.3105],[35.6261,40.3396],[35.6606,40.3551],[35.7084,40.3642],[35.714,40.3885],[35.7388,40.4261],[35.7795,40.4189],[35.8058,40.4245],[35.8246,40.4459],[35.8297,40.4933],[35.9806,40.4977],[36.0115,40.4885],[36.014,40.468],[36.0702,40.4591],[36.1006,40.4433],[36.1381,40.4731],[36.1956,40.4853],[36.2417,40.5038],[36.2928,40.5454],[36.285,40.5629],[36.3096,40.5929],[36.3987,40.6758],[36.397,40.7328],[36.4405,40.757],[36.476,40.758],[36.5122,40.7705],[36.4418,40.7956],[36.4154,40.8127],[36.411,40.8384],[36.427,40.8654],[36.374,40.9394],[36.3508,40.9408],[36.3415,40.975],[36.2708,40.9838],[36.2354,40.9765],[36.1998,40.9811],[36.1619,40.8908],[36.1196,40.9009],[36.0934,40.8834],[36.0963,40.8583],[36.0751,40.8404],[36.0232,40.8221],[35.8644,40.87],[35.806,40.8718],[35.7889,40.8863],[35.7625,40.8737],[35.7338,40.8798],[35.6946,40.8637],[35.6466,40.8934],[35.6267,40.9366],[35.5737,40.9401],[35.5016,40.9596],[35.466,40.9914],[35.4462,41.0203],[35.3583,41.0053],[35.3396,41.0361],[35.2408,41.045],[35.2106,41.0759],[35.0814,41.076],[35.0996,41.046],[35.0757,41.022],[35.0463,41.0173],[35.0199,40.9975],[35.0538,40.9513],[35.0654,40.9107],[35.0082,40.8639],[35.0075,40.8261],[34.9788,40.7921],[35.0428,40.718],[35.1738,40.7074],[35.2538,40.7093],[35.3292,40.6839],[35.3237,40.6488],[35.3713,40.6382],[35.4066,40.6402],[35.4564,40.622],[35.4855,40.5971],[35.4869,40.5694],[35.5151,40.5634],[35.5305,40.5372],[35.4839,40.5039],[35.4349,40.4877],[35.4114,40.4632],[35.3958,40.4057],[35.3539,40.3857],[35.3799,40.332],[35.4086,40.3233],[35.3851,40.2862],[35.3559,40.2762],[35.34,40.2551],[35.3624,40.233],[35.4326,40.2427]]]}},{"type":"Feature","id":6,"properties":{"plaka":6,"ad":"Ankara"},"geometry":{"type":"Polygon","coordinates":[[[31.8435,39.1422],[31.8599,39.1425],[31.9041,39.1103],[31.9394,39.0473],[31.9279,39.0305],[31.9483,39.0077],[31.9907,38.9949],[32.0139,38.974],[32.0744,38.9576],[32.1318,38.9551],[32.1303,39.0102],[32.145,39.0285],[32.2163,39.0108],[32.22,38.9902],[32.2454,38.987],[32.3296,39.0217],[32.3669,39.0267],[32.4001,38.9757],[32.4491,38.9605],[32.5097,39.006],[32.5137,39.0311],[32.5514,39.0395],[32.585,39.0198],[32.6254,39.075],[32.6201,39.0981],[32.6887,39.1046],[32.7329,39.119],[32.791,39.1265],[32.828,39.1771],[32.8053,39.1981],[32.7902,39.2453],[32.8689,39.2543],[32.8982,39.2703],[32.8992,39.2318],[32.9749,39.2916],[33.0343,39.2713],[33.0018,39.2326],[33.023,39.1959],[33.0678,39.213],[33.0785,39.2319],[33.1164,39.248],[33.1369,39.2826],[33.1847,39.2939],[33.195,39.237],[33.1617,39.2182],[33.1395,39.1827],[33.1464,39.1474],[33.1856,39.1209],[33.2122,39.117],[33.2336,39.0825],[33.2712,39.0726],[33.3056,39.0742],[33.341,39.0941],[33.3897,39.0312],[33.3938,38.9691],[33.3742,38.9053],[33.3443,38.865],[33.3267,38.7466],[33.3237,38.6619],[33.4422,38.6659],[33.5552,38.6757],[33.6169,38.6908],[33.6967,38.7223],[33.7375,38.7496],[33.7766,38.7995],[33.7671,38.8215],[33.7987,38.8576],[33.803,38.8828],[33.7864,38.9101],[33.7334,38.9489],[33.7205,38.9777],[33.7591,38.9864],[33.7842,38.975],[33.811,38.9832],[33.8478,39.0248],[33.8852,39.0279],[33.8642,39.0625],[33.815,39.0769],[33.7579,39.0764],[33.7456,39.1015],[33.7076,39.1203],[33.6561,39.1586],[33.5585,39.2083],[33.5061,39.2911],[33.4595,39.3021],[33.4444,39.3239],[33.4563,39.3429],[33.4063,39.3652],[33.4218,39.3965],[33.3846,39.4102],[33.3966,39.4258],[33.3937,39.4564],[33.3453,39.4668],[33.3541,39.4872],[33.3151,39.5226],[33.322,39.5565],[33.3168,39.6017],[33.328,39.627],[33.3063,39.6537],[33.2618,39.6775],[33.2312,39.6432],[33.1883,39.6532],[33.1926,39.675],[33.256,39.7123],[33.2837,39.7479],[33.2672,39.763],[33.2983,39.8218],[33.2633,39.8329],[33.2682,39.848],[33.3117,39.8756],[33.3037,39.8884],[33.3315,39.9138],[33.3747,39.9234],[33.3945,39.9694],[33.4301,39.9561],[33.4463,39.9863],[33.4864,39.9718],[33.5174,39.9874],[33.515,40.0281],[33.4925,40.054],[33.5264,40.0821],[33.5943,40.0891],[33.6322,40.1358],[33.6341,40.1659],[33.5931,40.1781],[33.6077,40.2083],[33.6101,40.2484],[33.6291,40.2834],[33.6468,40.2956],[33.6001,40.327],[33.5382,40.3293],[33.5153,40.3166],[33.4273,40.3552],[33.3929,40.3915],[33.3131,40.4074],[33.3114,40.3879],[33.3362,40.3382],[33.265,40.3187],[33.2369,40.3577],[33.2063,40.3758],[33.213,40.4074],[33.1696,40.4373],[33.1519,40.4648],[33.1172,40.4914],[33.0748,40.4723],[33.0367,40.4804],[32.9793,40.5372],[32.9579,40.5417],[32.9196,40.5171],[32.8816,40.5163],[32.8798,40.5592],[32.9072,40.5711],[32.8953,40.6276],[32.8196,40.6567],[32.7793,40.6604],[32.7169,40.6976],[32.6995,40.7408],[32.6799,40.7519],[32.5935,40.7454],[32.54,40.7344],[32.5058,40.6735],[32.4704,40.6855],[32.4266,40.6849],[32.4183,40.6309],[32.4345,40.6237],[32.4484,40.5594],[32.3964,40.5452],[32.3587,40.5516],[32.3728,40.585],[32.3569,40.5947],[32.3071,40.5877],[32.2948,40.5668],[32.2542,40.5627],[32.2516,40.5446],[32.1567,40.5489],[32.1149,40.5325],[32.0907,40.5004],[32.0299,40.507],[31.9923,40.4825],[32.0267,40.4673],[32.0196,40.4311],[32.0336,40.413],[32.0111,40.3784],[31.9377,40.3437],[31.9235,40.3486],[31.8528,40.3048],[31.8083,40.3142],[31.7628,40.3331],[31.7024,40.3092],[31.6741,40.3138],[31.6385,40.2884],[31.5923,40.2704],[31.54,40.2964],[31.5104,40.2994],[31.4721,40.2865],[31.4574,40.2698],[31.4174,40.27],[31.4159,40.2899],[31.3867,40.3128],[31.4116,40.3229],[31.4352,40.3653],[31.3853,40.3714],[31.3734,40.3499],[31.3123,40.3301],[31.2782,40.3422],[31.2263,40.3345],[31.1846,40.3496],[31.1092,40.3549],[31.0689,40.3496],[31.0557,40.2819],[31.0764,40.2507],[31.0651,40.223],[30.9488,40.2081],[30.9507,40.1909],[30.9253,40.1683],[30.9013,40.1777],[30.8522,40.1579],[30.8733,40.1107],[30.8361,40.0979],[30.8547,40.0613],[30.8971,40.0526],[30.9116,40.0378],[31.0059,40.0317],[31.054,40.0541],[31.101,40.054],[31.1232,40.065],[31.1596,40.0511],[31.2025,40.047],[31.2356,40.0611],[31.2986,40.0622],[31.3479,40.0509],[31.3919,40.0617],[31.4116,40.0233],[31.4384,40.022],[31.4631,40.045],[31.4961,40.0235],[31.5563,40.0355],[31.5967,40.0217],[31.6401,40.0295],[31.6717,40.0069],[31.7024,40.0216],[31.699,39.9775],[31.7414,39.9635],[31.7397,39.9339],[31.7901,39.8821],[31.8994,39.8525],[31.8801,39.8321],[31.8462,39.8356],[31.8394,39.8013],[31.7888,39.7832],[31.7664,39.7456],[31.7752,39.7048],[31.8112,39.6846],[31.8692,39.6647],[31.9212,39.6643],[31.9436,39.6345],[31.8955,39.6136],[31.8876,39.5944],[31.8984,39.5437],[31.9719,39.5357],[31.9727,39.5074],[31.9977,39.4553],[31.9914,39.4236],[31.9708,39.3944],[31.9921,39.3754],[31.9724,39.3569],[32.0016,39.3433],[32.0017,39.326],[31.9475,39.2757],[31.9773,39.2527],[31.8648,39.1767],[31.8196,39.1595],[31.8435,39.1422]]]}},{"type":"Feature","id":7,"properties":{"plaka":7,"ad":"Antalya"},"geometry":{"type":"Polygon","coordinates":[[[29.262,36.2932],[29.3141,36.2507],[29.3533,36.2301],[29.3696,36.2632],[29.4176,36.2597],[29.4062,36.2357],[29.4512,36.2279],[29.4705,36.2143],[29.544,36.2118],[29.6036,36.1969],[29.6376,36.1988],[29.6307,36.172],[29.6796,36.1469],[29.7098,36.1486],[29.7211,36.1634],[29.7512,36.1598],[29.7771,36.1371],[29.8108,36.1535],[29.8486,36.1972],[29.8869,36.1939],[29.9126,36.2286],[29.9814,36.2181],[30.051,36.2545],[30.0733,36.2593],[30.1118,36.2467],[30.1496,36.3016],[30.1912,36.3147],[30.2738,36.3156],[30.3208,36.3004],[30.3694,36.2693],[30.4087,36.2746],[30.4026,36.2161],[30.4198,36.2212],[30.4509,36.2581],[30.4875,36.2793],[30.4668,36.3141],[30.5291,36.3347],[30.5114,36.3444],[30.4761,36.3975],[30.4895,36.4394],[30.5111,36.4456],[30.5147,36.4725],[30.5412,36.5218],[30.5885,36.5793],[30.557,36.6193],[30.5547,36.6465],[30.5753,36.7043],[30.5637,36.727],[30.5762,36.7984],[30.6339,36.8587],[30.6778,36.8835],[30.7014,36.8838],[30.7579,36.8454],[31.0041,36.8576],[31.08,36.8413],[31.1709,36.8288],[31.2933,36.8165],[31.3628,36.7971],[31.387,36.7673],[31.5111,36.7311],[31.5854,36.6994],[31.6634,36.6517],[31.7355,36.6417],[31.8159,36.5937],[31.8642,36.5857],[31.9189,36.5636],[31.9611,36.5587],[31.9886,36.541],[32.0207,36.541],[32.077,36.5043],[32.1174,36.4661],[32.1345,36.4375],[32.1652,36.4177],[32.2138,36.3389],[32.2751,36.2888],[32.2783,36.2623],[32.2971,36.2368],[32.3603,36.2008],[32.3908,36.1654],[32.5171,36.0979],[32.5624,36.1007],[32.5929,36.1456],[32.581,36.1793],[32.5375,36.2254],[32.6067,36.2505],[32.6203,36.2695],[32.6145,36.2994],[32.5906,36.3151],[32.5762,36.3563],[32.5312,36.3638],[32.5109,36.3983],[32.5422,36.4224],[32.6126,36.4547],[32.6236,36.471],[32.6036,36.5014],[32.5585,36.5167],[32.5188,36.5284],[32.5087,36.5473],[32.5106,36.6004],[32.5188,36.6271],[32.4991,36.6596],[32.4751,36.7226],[32.4698,36.7532],[32.4344,36.7786],[32.3492,36.8155],[32.3193,36.8492],[32.271,36.9163],[32.1814,36.9873],[32.1387,37.0107],[32.0626,37.0416],[32.0226,37.0791],[31.9652,37.1159],[31.9324,37.1669],[31.9233,37.2018],[31.9386,37.2222],[31.9105,37.2479],[31.8894,37.2522],[31.842,37.3017],[31.7719,37.3368],[31.769,37.37],[31.7273,37.3726],[31.7016,37.3437],[31.6794,37.3373],[31.6347,37.2833],[31.6041,37.2881],[31.5532,37.2793],[31.4748,37.326],[31.4508,37.3307],[31.3736,37.368],[31.3155,37.4158],[31.2761,37.4261],[31.2369,37.4217],[31.2056,37.3961],[31.1569,37.3811],[31.0961,37.3783],[31.0092,37.3467],[30.9739,37.3472],[30.94,37.3708],[30.9138,37.3724],[30.9031,37.3217],[30.879,37.2777],[30.8459,37.2387],[30.7717,37.2309],[30.674,37.2511],[30.5144,37.236],[30.4785,37.2457],[30.4409,37.2354],[30.4144,37.2823],[30.371,37.2912],[30.3346,37.3094],[30.2831,37.3],[30.2003,37.3184],[30.1454,37.3171],[30.1149,37.2999],[30.0934,37.2636],[30.0673,37.2453],[30.0188,37.2357],[29.9558,37.2158],[29.9174,37.2195],[29.8489,37.186],[29.8338,37.1329],[29.8118,37.1069],[29.8162,37.0898],[29.8716,37.0549],[29.881,37.039],[29.8006,36.9856],[29.7585,36.9634],[29.7308,36.9589],[29.7605,36.9393],[29.7718,36.879],[29.7671,36.8415],[29.7501,36.8033],[29.7397,36.7426],[29.6953,36.7042],[29.6849,36.6527],[29.6553,36.6062],[29.6243,36.5896],[29.6113,36.5651],[29.5116,36.5019],[29.4893,36.4752],[29.4538,36.4616],[29.3933,36.4736],[29.3681,36.466],[29.3262,36.4196],[29.3164,36.3854],[29.3149,36.3205],[29.262,36.2932]]]}},{"type":"Feature","id":8,"properties":{"plaka":8,"ad":"Artvin"},"geometry":{"type":"Polygon","coordinates":[[[41.1293,40.8257],[41.1627,40.8093],[41.218,40.8384],[41.2178,40.8042],[41.2316,40.7694],[41.2575,40.7592],[41.2919,40.7643],[41.3303,40.751],[41.3782,40.7139],[41.3408,40.69],[41.291,40.6819],[41.3222,40.5727],[41.3581,40.5621],[41.4114,40.5694],[41.4534,40.6099],[41.5198,40.6448],[41.5767,40.6904],[41.6517,40.6886],[41.7082,40.6691],[41.7359,40.6727],[41.7766,40.6623],[41.8068,40.6843],[41.8132,40.7423],[41.8453,40.7605],[41.8735,40.8059],[41.8692,40.8342],[41.8363,40.8595],[41.8496,40.8947],[41.8893,40.9163],[41.8986,40.9381],[41.9308,40.9339],[41.9651,40.9804],[42.0214,40.9747],[42.069,40.983],[42.1252,40.9687],[42.1509,40.9795],[42.1751,40.9708],[42.2185,40.973],[42.2303,40.945],[42.2772,40.9228],[42.3389,40.9321],[42.3626,40.9553],[42.3763,40.995],[42.3579,41.0787],[42.3844,41.1014],[42.5016,41.1722],[42.5702,41.2601],[42.5879,41.3168],[42.5911,41.3492],[42.52,41.4075],[42.5202,41.4367],[42.4921,41.4451],[42.4483,41.4384],[42.3996,41.4668],[42.3448,41.4717],[42.2743,41.4942],[42.202,41.4933],[42.1782,41.5146],[42.1592,41.5068],[42.0848,41.5102],[42.0407,41.4939],[41.9945,41.5048],[41.9848,41.522],[41.9553,41.5233],[41.901,41.4891],[41.8814,41.4604],[41.8222,41.4325],[41.7528,41.4705],[41.6354,41.4867],[41.6205,41.5006],[41.5471,41.5207],[41.5219,41.4823],[41.4734,41.4606],[41.4292,41.4063],[41.4019,41.3816],[41.3422,41.3728],[41.2614,41.3398],[41.2462,41.3235],[41.2872,41.2499],[41.3342,41.2157],[41.3438,41.1725],[41.3686,41.1458],[41.3758,41.1208],[41.3514,41.0562],[41.3116,41.0095],[41.2452,40.9797],[41.2012,40.9075],[41.1513,40.8665],[41.1293,40.8257]]]}},{"type":"Feature","id":9,"properties":{"plaka":9,"ad":"Aydın"},"geometry":{"type":"Polygon","coordinates":[[[27.3827,37.3544],[27.4185,37.3608],[27.4733,37.3841],[27.4902,37.402],[27.4894,37.4269],[27.444,37.4703],[27.4626,37.5009],[27.4909,37.5037],[27.4981,37.5279],[27.5222,37.5415],[27.5691,37.5222],[27.605,37.5352],[27.6221,37.5098],[27.6678,37.4906],[27.7273,37.5213],[27.7734,37.5106],[27.7655,37.4794],[27.8107,37.4486],[27.8284,37.4489],[27.8419,37.476],[27.8888,37.4798],[27.8977,37.5005],[27.9388,37.4969],[27.939,37.4771],[27.9632,37.4593],[28.0405,37.4783],[28.0812,37.4667],[28.0967,37.4492],[28.169,37.4782],[28.224,37.4876],[28.223,37.53],[28.251,37.5365],[28.2505,37.5916],[28.2883,37.575],[28.2779,37.5149],[28.3427,37.5292],[28.3835,37.5132],[28.467,37.5091],[28.4635,37.4968],[28.5228,37.4741],[28.5861,37.472],[28.6138,37.4861],[28.5928,37.5199],[28.6306,37.5474],[28.6514,37.5426],[28.6926,37.5724],[28.6907,37.5852],[28.7227,37.607],[28.7478,37.6089],[28.7747,37.6428],[28.7903,37.6447],[28.8031,37.6994],[28.8639,37.7218],[28.8618,37.7513],[28.8134,37.7726],[28.8081,37.7844],[28.7444,37.8136],[28.7402,37.8357],[28.7482,37.8801],[28.7376,37.9446],[28.7619,37.9481],[28.8108,37.9302],[28.8414,37.9449],[28.8442,37.9767],[28.8073,37.988],[28.7702,37.9826],[28.7422,38.0146],[28.7156,38.0594],[28.6503,38.0693],[28.639,38.0906],[28.5633,38.1061],[28.5282,38.1041],[28.4851,38.1226],[28.4363,38.0877],[28.3754,38.1078],[28.366,38.1293],[28.3317,38.1222],[28.3092,38.0922],[28.2793,38.0332],[28.1894,38.0371],[28.1582,38.0493],[28.1414,38.0225],[28.0551,38.0321],[28.0192,37.9974],[28.0101,37.9698],[27.9659,37.9994],[27.9003,37.9933],[27.8803,38.0066],[27.8561,37.9704],[27.8136,37.9628],[27.7776,37.975],[27.7577,37.9543],[27.7394,37.9781],[27.694,37.9824],[27.653,37.9625],[27.6227,37.9723],[27.6187,38.0085],[27.5842,38.0037],[27.524,38.0078],[27.4954,37.9746],[27.4968,37.9458],[27.4547,37.918],[27.4592,37.8963],[27.4319,37.8791],[27.4406,37.8387],[27.3897,37.8152],[27.3807,37.8263],[27.3877,37.8664],[27.3581,37.881],[27.313,37.8755],[27.2716,37.922],[27.2617,37.9094],[27.2604,37.8629],[27.236,37.8399],[27.2697,37.8096],[27.2591,37.7623],[27.2368,37.7271],[27.2129,37.7117],[27.0957,37.6804],[27.0122,37.6786],[27.0064,37.6548],[27.0567,37.6409],[27.0947,37.6395],[27.1788,37.6101],[27.1976,37.6092],[27.2194,37.5847],[27.1951,37.5465],[27.2008,37.5005],[27.2279,37.4724],[27.2192,37.4364],[27.2302,37.4056],[27.2044,37.3731],[27.2154,37.3456],[27.2611,37.3367],[27.2817,37.3563],[27.3231,37.3432],[27.3335,37.3754],[27.3597,37.3728],[27.3686,37.3991],[27.4139,37.4162],[27.4311,37.4001],[27.3827,37.3544]]]}},{"type":"Feature","id":10,"properties":{"plaka":10,"ad":"Balıkesir"},"geometry":{"type":"MultiPolygon","coordinates":[[[[26.7686,39.1667],[26.7927,39.1977],[26.8388,39.237],[26.8786,39.2361],[26.9109,39.2802],[26.9573,39.2935],[26.9886,39.2814],[27.0109,39.3086],[27.0665,39.3243],[27.0788,39.3508],[27.1124,39.3669],[27.1427,39.3659],[27.1747,39.3798],[27.2382,39.3513],[27.2739,39.3561],[27.2834,39.3716],[27.3288,39.3831],[27.3496,39.3751],[27.3765,39.3855],[27.4,39.371],[27.4405,39.4028],[27.4714,39.4071],[27.5087,39.3912],[27.5656,39.3458],[27.5893,39.3485],[27.649,39.329],[27.6848,39.3395],[27.721,39.3619],[27.7473,39.3622],[27.7692,39.3209],[27.8022,39.3072],[27.8442,39.3329],[27.8958,39.3463],[27.9344,39.3366],[27.942,39.3029],[27.9345,39.2676],[27.9557,39.2448],[28.0066,39.2292],[28.0191,39.2122],[28.0705,39.1976],[28.092,39.1271],[28.1434,39.1056],[28.1542,39.0824],[28.1939,39.072],[28.2667,39.0764],[28.3136,39.0855],[28.3621,39.1257],[28.402,39.1268],[28.4501,39.1398],[28.5351,39.1315],[28.5843,39.1393],[28.5986,39.1759],[28.6325,39.1682],[28.654,39.1944],[28.6186,39.2463],[28.6283,39.2791],[28.6644,39.289],[28.7586,39.2846],[28.797,39.3025],[28.8531,39.3417],[28.8719,39.3681],[28.8942,39.376],[28.8918,39.4007],[28.9503,39.4076],[28.9514,39.4589],[28.9226,39.4909],[28.9238,39.5147],[28.9538,39.5395],[28.9573,39.5562],[28.9979,39.5806],[28.9976,39.5987],[28.9407,39.6231],[28.8391,39.6133],[28.7963,39.6244],[28.7581,39.6607],[28.7246,39.7168],[28.7184,39.7502],[28.6694,39.7759],[28.5274,39.7539],[28.488,39.7775],[28.4835,39.8095],[28.4511,39.8133],[28.4499,39.8485],[28.4285,39.8616],[28.3765,39.8551],[28.3507,39.8627],[28.3265,39.8898],[28.266,39.9289],[28.2528,39.9683],[28.2056,39.9936],[28.1886,40.0411],[28.1919,40.0743],[28.1448,40.1108],[28.1129,40.1473],[28.1314,40.1852],[28.1075,40.231],[28.1098,40.2632],[28.1619,40.2505],[28.1775,40.2648],[28.1648,40.3129],[28.1832,40.3358],[28.179,40.3974],[28.1124,40.3899],[28.0495,40.3742],[27.987,40.3662],[27.9586,40.3525],[27.9279,40.3627],[27.8968,40.3906],[27.9259,40.4116],[27.9708,40.4229],[28.0245,40.4534],[28.0225,40.4866],[27.9976,40.4872],[27.8605,40.5165],[27.8409,40.5102],[27.7623,40.5234],[27.7016,40.5152],[27.684,40.5022],[27.6881,40.4737],[27.7175,40.456],[27.7404,40.4562],[27.7458,40.4304],[27.7819,40.4105],[27.8756,40.3818],[27.8794,40.3729],[27.8245,40.3464],[27.7827,40.3132],[27.7618,40.3065],[27.7039,40.3147],[27.6764,40.308],[27.6329,40.3268],[27.5669,40.3081],[27.517,40.3037],[27.5073,40.2633],[27.4445,40.2213],[27.3998,40.1654],[27.3872,40.1397],[27.4545,40.1396],[27.5003,40.1282],[27.5028,40.114],[27.482,40.0696],[27.4792,40.0354],[27.4478,39.9948],[27.4534,39.9818],[27.5196,39.9557],[27.5487,39.9259],[27.5326,39.8999],[27.4967,39.8815],[27.4763,39.8311],[27.4796,39.7981],[27.4536,39.7517],[27.4111,39.7596],[27.3834,39.7455],[27.3725,39.7111],[27.3142,39.6782],[27.2971,39.6869],[27.2559,39.6818],[27.2024,39.6841],[27.1122,39.7471],[27.061,39.7608],[26.9728,39.773],[26.9484,39.7867],[26.9233,39.779],[26.8411,39.7709],[26.783,39.7573],[26.7271,39.7355],[26.6778,39.7039],[26.659,39.6534],[26.6519,39.5685],[26.6587,39.5523],[26.7281,39.5675],[26.8182,39.5683],[26.838,39.5576],[26.8729,39.5813],[26.9223,39.5836],[26.9525,39.5549],[26.93,39.4847],[26.8834,39.4742],[26.8581,39.4776],[26.8541,39.4393],[26.8172,39.432],[26.8079,39.399],[26.7756,39.3688],[26.7092,39.3422],[26.6897,39.3135],[26.626,39.3121],[26.6101,39.2729],[26.7039,39.2644],[26.7345,39.24],[26.7341,39.2062],[26.7686,39.1667]]],[[[26.6447,39.3632],[26.6234,39.3698],[26.6134,39.3396],[26.6331,39.325],[26.6642,39.3392],[26.6447,39.3632]]],[[[27.623,40.4984],[27.5778,40.4631],[27.6283,40.4581],[27.6512,40.4928],[27.623,40.4984]]],[[[27.4971,40.4707],[27.5451,40.5154],[27.5171,40.5385],[27.4784,40.4944],[27.4971,40.4707]]],[[[27.5641,40.6439],[27.5264,40.6417],[27.5298,40.5969],[27.5685,40.5773],[27.6077,40.5748],[27.6588,40.59],[27.6649,40.6042],[27.713,40.6139],[27.7305,40.6398],[27.6586,40.6633],[27.5722,40.6531],[27.5641,40.6439]]]]}},{"type":"Feature","id":11,"properties":{"plaka":11,"ad":"Bilecik"},"geometry":{"type":"Polygon","coordinates":[[[30.0316,39.6648],[29.992,39.7007],[29.9889,39.7272],[30.0162,39.7801],[30.0985,39.8403],[30.1555,39.8584],[30.2344,39.8604],[30.2946,39.8405],[30.3036,39.873],[30.2912,39.9027],[30.2907,39.9532],[30.318,39.9374],[30.3524,39.9397],[30.3634,39.9628],[30.3472,39.976],[30.3807,40.0126],[30.4495,40.0111],[30.4852,40.0362],[30.5368,40.102],[30.5337,40.1219],[30.5884,40.1357],[30.6624,40.1677],[30.6336,40.1672],[30.6421,40.1985],[30.6089,40.219],[30.6125,40.2435],[30.588,40.2861],[30.5606,40.2952],[30.5115,40.2957],[30.4721,40.332],[30.4812,40.3443],[30.4744,40.3834],[30.4272,40.3941],[30.3622,40.3773],[30.307,40.3812],[30.2248,40.352],[30.2205,40.3371],[30.1504,40.3616],[30.0739,40.4476],[30.0387,40.4212],[30.0114,40.4302],[29.9772,40.5013],[29.992,40.5163],[29.967,40.5514],[29.9053,40.5301],[29.9034,40.5077],[29.8513,40.466],[29.8802,40.4542],[29.886,40.4155],[29.8612,40.4111],[29.7981,40.3698],[29.8525,40.328],[29.8277,40.2665],[29.8286,40.2433],[29.797,40.2234],[29.7775,40.1888],[29.7291,40.1704],[29.7216,40.0995],[29.7351,40.0705],[29.7541,40.0018],[29.7402,39.9868],[29.7602,39.9557],[29.7981,39.9319],[29.7596,39.9159],[29.7416,39.8855],[29.7605,39.8678],[29.7776,39.827],[29.7348,39.79],[29.7299,39.7495],[29.7775,39.7182],[29.8152,39.707],[29.8477,39.7115],[29.9189,39.6902],[29.94,39.6715],[29.982,39.66],[30.0316,39.6648]]]}},{"type":"Feature","id":12,"properties":{"plaka":12,"ad":"Bingöl"},"geometry":{"type":"Polygon","coordinates":[[[39.9346,39.101],[39.9514,39.0892],[39.9978,39.0915],[40.0859,39.1283],[40.1023,39.1517],[40.1934,39.1738],[40.2195,39.1857],[40.2733,39.181],[40.301,39.149],[40.241,39.0873],[40.2418,39.0704],[40.2133,39.0347],[40.2192,39.0174],[40.1861,38.9837],[40.183,38.9627],[40.2145,38.9357],[40.2152,38.9049],[40.2639,38.8651],[40.2359,38.8593],[40.2358,38.8367],[40.2968,38.8273],[40.3348,38.784],[40.3174,38.7513],[40.2811,38.7392],[40.2291,38.7384],[40.2098,38.7043],[40.1687,38.6753],[40.1041,38.6586],[40.0939,38.6377],[40.1106,38.6168],[40.1658,38.5791],[40.2107,38.5655],[40.2453,38.5377],[40.2634,38.4951],[40.2936,38.4767],[40.3549,38.4892],[40.3544,38.5325],[40.4006,38.565],[40.4433,38.5812],[40.4382,38.5993],[40.4574,38.6184],[40.4843,38.6195],[40.6034,38.5633],[40.6463,38.5781],[40.672,38.6013],[40.7175,38.5966],[40.7673,38.6001],[40.8082,38.5743],[40.8473,38.5764],[40.8943,38.612],[40.9328,38.629],[41.0004,38.6706],[41.1392,38.7146],[41.1579,38.7279],[41.1588,38.7532],[41.1155,38.8113],[41.1183,38.8635],[41.1094,38.8885],[41.1332,38.9446],[41.1775,38.9694],[41.1888,39.0038],[41.2275,39.0301],[41.2491,39.0288],[41.2555,39.1136],[41.2265,39.1245],[41.2186,39.1509],[41.1901,39.1707],[41.1772,39.2242],[41.1327,39.2369],[41.1433,39.2662],[41.1348,39.2919],[41.1481,39.3624],[41.1676,39.3725],[41.1793,39.4047],[41.1475,39.4135],[41.1289,39.4324],[41.0538,39.4297],[41.0504,39.4527],[41.0025,39.4741],[40.9818,39.4563],[40.9091,39.4566],[40.802,39.4256],[40.7317,39.422],[40.7131,39.4077],[40.6472,39.4217],[40.6322,39.4421],[40.5919,39.4442],[40.5898,39.4966],[40.634,39.5276],[40.6115,39.523],[40.52,39.5273],[40.5157,39.5169],[40.4487,39.5111],[40.4173,39.5319],[40.4038,39.565],[40.3966,39.553],[40.3027,39.5102],[40.2821,39.4941],[40.2903,39.4451],[40.2372,39.3678],[40.1917,39.3509],[40.1558,39.3468],[40.1154,39.3037],[40.0422,39.3224],[40.0215,39.3101],[40.0336,39.2775],[39.9925,39.2388],[39.9819,39.208],[39.9468,39.1769],[39.9523,39.1217],[39.9346,39.101]]]}},{"type":"Feature","id":13,"properties":{"plaka":13,"ad":"Bitlis"},"geometry":{"type":"Polygon","coordinates":[[[42.6946,38.9576],[42.6608,38.9318],[42.6326,38.9353],[42.6141,38.9203],[42.5628,38.9328],[42.5033,38.923],[42.4556,38.9548],[42.422,38.9574],[42.3778,38.9264],[42.3331,38.9483],[42.2918,38.9295],[42.2622,38.8862],[42.2396,38.8915],[42.1808,38.876],[42.1657,38.8443],[42.119,38.8362],[42.1121,38.7908],[42.0883,38.7784],[42.1158,38.737],[42.0789,38.71],[42.0306,38.6927],[42.042,38.6713],[41.9987,38.6499],[41.931,38.6343],[41.9367,38.5933],[41.9541,38.5696],[41.909,38.5407],[41.857,38.5792],[41.8488,38.5932],[41.7651,38.6046],[41.7182,38.6167],[41.6583,38.6189],[41.6244,38.6079],[41.5571,38.5999],[41.5071,38.5818],[41.4937,38.5509],[41.5365,38.5216],[41.5631,38.5243],[41.5867,38.5103],[41.6462,38.5028],[41.6671,38.4824],[41.6393,38.4727],[41.6096,38.4414],[41.6114,38.4112],[41.589,38.3542],[41.6413,38.3297],[41.6383,38.2973],[41.6607,38.2673],[41.6828,38.2437],[41.7853,38.2357],[41.824,38.2028],[41.8546,38.1913],[41.9149,38.1898],[41.954,38.1633],[42.0407,38.1731],[42.1163,38.2167],[42.1709,38.2228],[42.2233,38.2367],[42.246,38.2326],[42.2363,38.1802],[42.2871,38.1194],[42.3718,38.1048],[42.3915,38.0691],[42.4404,38.0569],[42.4896,38.0203],[42.4835,37.9995],[42.5019,37.9816],[42.5483,37.9692],[42.6495,37.9943],[42.6542,38.0167],[42.6833,38.0305],[42.6767,38.0464],[42.6904,38.0869],[42.6721,38.0974],[42.6721,38.1439],[42.702,38.1806],[42.7325,38.1893],[42.7404,38.2152],[42.7089,38.2453],[42.6702,38.2675],[42.6622,38.3131],[42.6843,38.3115],[42.7139,38.3285],[42.7744,38.3194],[42.7946,38.3552],[42.7776,38.4115],[42.7562,38.4403],[42.753,38.4676],[42.7899,38.4958],[42.8787,38.5466],[42.9288,38.6238],[43.0021,38.7025],[43.0264,38.7339],[43.071,38.7608],[43.1346,38.7827],[43.1839,38.8291],[43.1991,38.8955],[43.1598,38.9159],[43.0836,38.9204],[43.0353,39.0016],[43.0008,39.0188],[42.9552,39.0217],[42.9241,38.9795],[42.9254,38.947],[42.9096,38.9308],[42.7715,38.9308],[42.7147,38.9351],[42.6946,38.9576]]]}},{"type":"Feature","id":14,"properties":{"plaka":14,"ad":"Bolu"},"geometry":{"type":"Polygon","coordinates":[[[32.5935,40.7454],[32.5692,40.7656],[32.5958,40.8135],[32.572,40.8254],[32.5349,40.8466],[32.5197,40.8792],[32.4925,40.8827],[32.4194,40.8537],[32.331,40.8686],[32.3261,40.88],[32.4029,40.9267],[32.4009,40.9624],[32.3666,40.9485],[32.3447,40.967],[32.3719,41.0084],[32.3277,41.0266],[32.2359,41.0303],[32.1713,41.0487],[32.157,41.0304],[32.1188,41.0293],[32.1137,41.0106],[32.0839,41.0078],[32.0279,41.0201],[31.9809,41.0463],[31.9436,41.0355],[31.927,41.0119],[31.8536,41.0083],[31.7958,40.9721],[31.7491,40.9879],[31.644,40.9505],[31.643,40.9208],[31.5945,40.8849],[31.533,40.8612],[31.5456,40.8027],[31.519,40.8018],[31.4728,40.7821],[31.4428,40.7788],[31.4152,40.7628],[31.3858,40.6709],[31.3641,40.6517],[31.2793,40.6282],[31.2473,40.644],[31.2263,40.6231],[31.1895,40.6242],[31.1118,40.654],[31.0716,40.6502],[31.0118,40.6305],[30.9693,40.6248],[30.9399,40.6316],[30.9186,40.6599],[30.8705,40.5986],[30.8751,40.5709],[30.8656,40.519],[30.7904,40.5079],[30.6853,40.4989],[30.6386,40.5073],[30.5902,40.4709],[30.5798,40.4499],[30.5741,40.3872],[30.5791,40.3709],[30.5667,40.3087],[30.588,40.2861],[30.6125,40.2435],[30.6089,40.219],[30.6421,40.1985],[30.6336,40.1672],[30.6624,40.1677],[30.6888,40.1744],[30.7156,40.1562],[30.7739,40.1534],[30.819,40.1419],[30.8361,40.0979],[30.8733,40.1107],[30.8522,40.1579],[30.9013,40.1777],[30.9253,40.1683],[30.9507,40.1909],[30.9488,40.2081],[31.0651,40.223],[31.0764,40.2507],[31.0557,40.2819],[31.0689,40.3496],[31.1092,40.3549],[31.1846,40.3496],[31.2263,40.3345],[31.2782,40.3422],[31.3123,40.3301],[31.3734,40.3499],[31.3853,40.3714],[31.4352,40.3653],[31.4116,40.3229],[31.3867,40.3128],[31.4159,40.2899],[31.4174,40.27],[31.4574,40.2698],[31.4721,40.2865],[31.5104,40.2994],[31.54,40.2964],[31.5923,40.2704],[31.6385,40.2884],[31.6741,40.3138],[31.7024,40.3092],[31.7628,40.3331],[31.8083,40.3142],[31.8528,40.3048],[31.9235,40.3486],[31.9377,40.3437],[32.0111,40.3784],[32.0336,40.413],[32.0196,40.4311],[32.0267,40.4673],[31.9923,40.4825],[32.0299,40.507],[32.0907,40.5004],[32.1149,40.5325],[32.1567,40.5489],[32.2516,40.5446],[32.2542,40.5627],[32.2948,40.5668],[32.3071,40.5877],[32.3569,40.5947],[32.3728,40.585],[32.3587,40.5516],[32.3964,40.5452],[32.4484,40.5594],[32.4345,40.6237],[32.4183,40.6309],[32.4266,40.6849],[32.4704,40.6855],[32.5058,40.6735],[32.54,40.7344],[32.5935,40.7454]]]}},{"type":"Feature","id":15,"properties":{"plaka":15,"ad":"Burdur"},"geometry":{"type":"Polygon","coordinates":[[[29.8971,37.7775],[29.8455,37.7297],[29.8314,37.695],[29.8043,37.6852],[29.7643,37.694],[29.7475,37.7145],[29.7021,37.7078],[29.6865,37.6862],[29.6832,37.6553],[29.7307,37.6234],[29.7102,37.6074],[29.6519,37.628],[29.5209,37.5954],[29.5117,37.5821],[29.5559,37.5663],[29.5866,37.5408],[29.5847,37.528],[29.5008,37.5053],[29.5369,37.4782],[29.5623,37.4404],[29.5859,37.449],[29.623,37.4381],[29.6236,37.3684],[29.6157,37.3418],[29.5931,37.3302],[29.5889,37.3006],[29.5682,37.2876],[29.5242,37.2931],[29.5022,37.2557],[29.482,37.2409],[29.4617,37.206],[29.4385,37.1879],[29.4458,37.1561],[29.4399,37.0707],[29.4295,37.0398],[29.3827,37.0665],[29.3662,37.0127],[29.3914,36.9818],[29.3586,36.9567],[29.3452,36.9261],[29.3257,36.8836],[29.3452,36.8555],[29.3653,36.8463],[29.3733,36.821],[29.405,36.8006],[29.4281,36.7996],[29.4428,36.8237],[29.4757,36.8408],[29.5002,36.8412],[29.528,36.8753],[29.5309,36.9058],[29.549,36.9351],[29.5826,36.9609],[29.6491,36.9805],[29.6748,36.978],[29.7308,36.9589],[29.7585,36.9634],[29.8006,36.9856],[29.881,37.039],[29.8716,37.0549],[29.8162,37.0898],[29.8118,37.1069],[29.8338,37.1329],[29.8489,37.186],[29.9174,37.2195],[29.9558,37.2158],[30.0188,37.2357],[30.0673,37.2453],[30.0934,37.2636],[30.1149,37.2999],[30.1454,37.3171],[30.2003,37.3184],[30.2831,37.3],[30.3346,37.3094],[30.371,37.2912],[30.4144,37.2823],[30.4409,37.2354],[30.4785,37.2457],[30.5144,37.236],[30.674,37.2511],[30.7717,37.2309],[30.8459,37.2387],[30.879,37.2777],[30.9031,37.3217],[30.9138,37.3724],[30.9089,37.3998],[30.8391,37.4318],[30.8347,37.4592],[30.8062,37.516],[30.7755,37.558],[30.7407,37.668],[30.7283,37.6753],[30.6493,37.6716],[30.553,37.7069],[30.51,37.6907],[30.4413,37.7327],[30.447,37.7724],[30.4229,37.8201],[30.3732,37.8462],[30.3266,37.8363],[30.3241,37.8102],[30.2579,37.7888],[30.1927,37.7842],[30.1528,37.7957],[30.0926,37.7992],[30.0479,37.7905],[30.0257,37.8074],[29.9207,37.7878],[29.8971,37.7775]]]}},{"type":"Feature","id":16,"properties":{"plaka":16,"ad":"Bursa"},"geometry":{"type":"Polygon","coordinates":[[[28.9976,39.5987],[29.0423,39.6121],[29.0682,39.6026],[29.168,39.5938],[29.1964,39.5993],[29.2362,39.6539],[29.2486,39.6907],[29.2757,39.698],[29.2858,39.7242],[29.2644,39.7494],[29.3762,39.7903],[29.402,39.7938],[29.4238,39.8269],[29.4717,39.8384],[29.5089,39.8716],[29.5606,39.8789],[29.5781,39.8715],[29.6468,39.8654],[29.7605,39.8678],[29.7416,39.8855],[29.7596,39.9159],[29.7981,39.9319],[29.7602,39.9557],[29.7402,39.9868],[29.7541,40.0018],[29.7351,40.0705],[29.7216,40.0995],[29.7291,40.1704],[29.7775,40.1888],[29.797,40.2234],[29.8286,40.2433],[29.8277,40.2665],[29.8525,40.328],[29.7981,40.3698],[29.8612,40.4111],[29.886,40.4155],[29.8802,40.4542],[29.8513,40.466],[29.9034,40.5077],[29.9053,40.5301],[29.9026,40.5707],[29.8584,40.5842],[29.8194,40.5833],[29.7333,40.6107],[29.7052,40.6118],[29.6255,40.5457],[29.59,40.5436],[29.5521,40.5303],[29.5003,40.5284],[29.4818,40.564],[29.4572,40.5643],[29.4469,40.5419],[29.3971,40.5513],[29.3475,40.5691],[29.3166,40.5314],[29.2565,40.536],[29.2341,40.522],[29.1765,40.5368],[29.1268,40.5686],[29.0969,40.5779],[29.0619,40.5616],[29.019,40.5703],[28.995,40.4865],[29.0112,40.4703],[29.032,40.48],[29.0834,40.4775],[29.1558,40.4244],[29.0788,40.4077],[29.0688,40.3753],[29.0512,40.3623],[28.9254,40.356],[28.8656,40.3854],[28.7713,40.3942],[28.7228,40.3777],[28.6756,40.3746],[28.6679,40.3619],[28.5806,40.3736],[28.5159,40.3939],[28.4089,40.394],[28.3404,40.4016],[28.2972,40.3959],[28.2452,40.4018],[28.179,40.3974],[28.1832,40.3358],[28.1648,40.3129],[28.1775,40.2648],[28.1619,40.2505],[28.1098,40.2632],[28.1075,40.231],[28.1314,40.1852],[28.1129,40.1473],[28.1448,40.1108],[28.1919,40.0743],[28.1886,40.0411],[28.2056,39.9936],[28.2528,39.9683],[28.266,39.9289],[28.3265,39.8898],[28.3507,39.8627],[28.3765,39.8551],[28.4285,39.8616],[28.4499,39.8485],[28.4511,39.8133],[28.4835,39.8095],[28.488,39.7775],[28.5274,39.7539],[28.6694,39.7759],[28.7184,39.7502],[28.7246,39.7168],[28.7581,39.6607],[28.7963,39.6244],[28.8391,39.6133],[28.9407,39.6231],[28.9976,39.5987]]]}},{"type":"Feature","id":17,"properties":{"plaka":17,"ad":"Çanakkale"},"geometry":{"type":"MultiPolygon","coordinates":[[[[27.517,40.3037],[27.4317,40.3251],[27.3225,40.374],[27.3046,40.4014],[27.3256,40.4157],[27.3155,40.4457],[27.288,40.4666],[27.1889,40.4336],[27.1552,40.4519],[27.0903,40.4421],[27.0335,40.3898],[26.9603,40.3825],[26.913,40.4059],[26.8845,40.396],[26.8186,40.3955],[26.7803,40.406],[26.752,40.4025],[26.69,40.3654],[26.6931,40.3545],[26.6386,40.3165],[26.6071,40.2814],[26.565,40.2723],[26.5246,40.2172],[26.4826,40.2],[26.4084,40.1929],[26.3975,40.1433],[26.4096,40.1179],[26.3619,40.0925],[26.3563,40.0571],[26.3206,40.017],[26.2867,40.0042],[26.2381,39.9989],[26.1981,40.0087],[26.1783,39.9901],[26.1508,39.9077],[26.1592,39.8836],[26.1376,39.8416],[26.1632,39.8215],[26.1568,39.7726],[26.1391,39.7584],[26.1591,39.7189],[26.1633,39.6594],[26.1381,39.607],[26.1042,39.5845],[26.084,39.5117],[26.0636,39.4769],[26.1318,39.4533],[26.2051,39.4615],[26.2299,39.4746],[26.2887,39.486],[26.3241,39.4813],[26.3696,39.488],[26.4417,39.5169],[26.4897,39.5282],[26.5477,39.531],[26.6327,39.5551],[26.6587,39.5523],[26.6519,39.5685],[26.659,39.6534],[26.6778,39.7039],[26.7271,39.7355],[26.783,39.7573],[26.8411,39.7709],[26.9233,39.779],[26.9484,39.7867],[26.9728,39.773],[27.061,39.7608],[27.1122,39.7471],[27.2024,39.6841],[27.2559,39.6818],[27.2971,39.6869],[27.3142,39.6782],[27.3725,39.7111],[27.3834,39.7455],[27.4111,39.7596],[27.4536,39.7517],[27.4796,39.7981],[27.4763,39.8311],[27.4967,39.8815],[27.5326,39.8999],[27.5487,39.9259],[27.5196,39.9557],[27.4534,39.9818],[27.4478,39.9948],[27.4792,40.0354],[27.482,40.0696],[27.5028,40.114],[27.5003,40.1282],[27.4545,40.1396],[27.3872,40.1397],[27.3998,40.1654],[27.4445,40.2213],[27.5073,40.2633],[27.517,40.3037]]],[[[26.0706,39.8397],[25.9985,39.8447],[25.9905,39.822],[26.0457,39.7966],[26.083,39.801],[26.0706,39.8397]]],[[[26.7255,40.6425],[26.7957,40.6569],[26.8302,40.6222],[26.8361,40.582],[26.7982,40.5562],[26.7642,40.5444],[26.7365,40.5509],[26.7042,40.5104],[26.6362,40.5102],[26.5492,40.4796],[26.4921,40.4469],[26.456,40.441],[26.4127,40.4108],[26.3667,40.3922],[26.2953,40.3519],[26.2634,40.3462],[26.2204,40.3201],[26.2457,40.3089],[26.2418,40.2834],[26.2785,40.2539],[26.2786,40.2161],[26.2497,40.1655],[26.2361,40.1547],[26.2096,40.1037],[26.1662,40.0535],[26.1882,40.041],[26.3093,40.0931],[26.3471,40.1265],[26.3812,40.144],[26.3575,40.2012],[26.4236,40.2212],[26.4882,40.2625],[26.5126,40.2904],[26.5674,40.3079],[26.6196,40.3488],[26.626,40.3842],[26.6405,40.4023],[26.6752,40.4037],[26.7001,40.4199],[26.6953,40.4514],[26.7403,40.4773],[26.8539,40.511],[26.9071,40.5383],[26.9033,40.5898],[26.9113,40.6266],[26.9519,40.6619],[27.0145,40.6839],[27.0399,40.7249],[27.0202,40.7528],[26.9677,40.7607],[26.8576,40.7422],[26.8414,40.7246],[26.8049,40.7266],[26.7888,40.7106],[26.7533,40.712],[26.7224,40.7011],[26.7255,40.6425]]],[[[25.7371,40.1867],[25.6711,40.1533],[25.6654,40.125],[25.7057,40.1164],[25.7385,40.0914],[25.7995,40.1047],[25.8382,40.1],[25.9377,40.1279],[25.9953,40.1332],[25.9735,40.1725],[25.9746,40.2165],[25.9311,40.2402],[25.8523,40.2188],[25.7849,40.2093],[25.7371,40.1867]]]]}},{"type":"Feature","id":18,"properties":{"plaka":18,"ad":"Çankırı"},"geometry":{"type":"Polygon","coordinates":[[[33.6468,40.2956],[33.659,40.3232],[33.6934,40.3328],[33.7581,40.3192],[33.7928,40.3251],[33.8104,40.2807],[33.9311,40.2656],[33.9613,40.2548],[33.9677,40.2735],[34.0031,40.2921],[34.0728,40.2959],[34.1091,40.3273],[34.1219,40.3775],[34.1639,40.3951],[34.1374,40.4517],[34.0837,40.4441],[34.1271,40.5009],[34.1311,40.5229],[34.0865,40.5816],[34.1204,40.6191],[34.1303,40.6484],[34.1136,40.6762],[34.0669,40.7021],[34.0597,40.7496],[34.081,40.7773],[34.0782,40.8223],[33.9986,40.8276],[33.9898,40.8469],[33.9345,40.8587],[33.8918,40.8416],[33.8472,40.8494],[33.7953,40.8825],[33.8084,40.9025],[33.7675,40.9384],[33.7967,40.9786],[33.8221,41.0343],[33.8532,41.0502],[33.8515,41.0818],[33.7787,41.0853],[33.7236,41.0543],[33.6967,41.0539],[33.6319,41.023],[33.5417,41.0251],[33.5255,41.0456],[33.4936,41.0558],[33.4649,41.0319],[33.4271,41.0329],[33.4265,41.0022],[33.413,40.9869],[33.3261,40.9804],[33.3251,41.0013],[33.2969,41.0366],[33.2281,41.054],[33.1792,41.0745],[33.1223,41.0544],[33.0739,41.0627],[33.0455,41.04],[33.0448,40.9976],[32.9991,40.984],[32.9981,40.9707],[32.8928,40.9482],[32.7862,40.9531],[32.7825,40.9311],[32.7569,40.9004],[32.7501,40.8771],[32.6219,40.842],[32.572,40.8254],[32.5958,40.8135],[32.5692,40.7656],[32.5935,40.7454],[32.6799,40.7519],[32.6995,40.7408],[32.7169,40.6976],[32.7793,40.6604],[32.8196,40.6567],[32.8953,40.6276],[32.9072,40.5711],[32.8798,40.5592],[32.8816,40.5163],[32.9196,40.5171],[32.9579,40.5417],[32.9793,40.5372],[33.0367,40.4804],[33.0748,40.4723],[33.1172,40.4914],[33.1519,40.4648],[33.1696,40.4373],[33.213,40.4074],[33.2063,40.3758],[33.2369,40.3577],[33.265,40.3187],[33.3362,40.3382],[33.3114,40.3879],[33.3131,40.4074],[33.3929,40.3915],[33.4273,40.3552],[33.5153,40.3166],[33.5382,40.3293],[33.6001,40.327],[33.6468,40.2956]]]}},{"type":"Feature","id":19,"properties":{"plaka":19,"ad":"Çorum"},"geometry":{"type":"Polygon","coordinates":[[[35.0814,41.076],[35.0439,41.083],[34.9871,41.0813],[34.923,41.0992],[34.9692,41.1247],[34.9826,41.1478],[34.9619,41.1657],[34.9566,41.198],[34.9299,41.1993],[34.927,41.2235],[34.8787,41.2569],[34.8724,41.2278],[34.8436,41.2075],[34.7887,41.2379],[34.7267,41.2494],[34.7082,41.2994],[34.6026,41.3041],[34.5623,41.2958],[34.5332,41.3],[34.4833,41.3509],[34.4609,41.3048],[34.4301,41.288],[34.4222,41.2695],[34.3573,41.2943],[34.3109,41.2642],[34.2938,41.2127],[34.2606,41.209],[34.2291,41.1722],[34.2202,41.0957],[34.2418,41.0744],[34.2935,41.0896],[34.3216,41.0797],[34.3244,41.034],[34.373,40.9947],[34.3422,40.9693],[34.2674,40.9747],[34.2401,40.8658],[34.1755,40.8393],[34.1232,40.8386],[34.0782,40.8223],[34.081,40.7773],[34.0597,40.7496],[34.0669,40.7021],[34.1136,40.6762],[34.1303,40.6484],[34.1204,40.6191],[34.0865,40.5816],[34.1311,40.5229],[34.1271,40.5009],[34.0837,40.4441],[34.1374,40.4517],[34.1639,40.3951],[34.1219,40.3775],[34.1091,40.3273],[34.0728,40.2959],[34.0031,40.2921],[33.9677,40.2735],[33.9613,40.2548],[33.9947,40.1901],[34.0616,40.1971],[34.0811,40.1456],[34.0757,40.1159],[34.0902,40.0707],[34.143,40.0427],[34.1645,40.0131],[34.2081,39.9776],[34.2498,39.9452],[34.3207,39.9394],[34.3804,39.955],[34.413,39.9952],[34.4635,39.9923],[34.4881,39.9796],[34.5298,39.9784],[34.5417,39.9518],[34.5844,39.9436],[34.6344,39.9628],[34.6382,39.988],[34.6582,40.0109],[34.683,40.0176],[34.7073,40.0067],[34.7548,40.0068],[34.7965,39.9938],[34.834,40.0042],[34.8768,40.0491],[34.8987,40.0308],[34.8886,39.9971],[34.9183,39.9872],[34.9444,40.0013],[35.0698,40.0045],[35.1058,40.0261],[35.153,40.0199],[35.1895,40.0554],[35.1955,40.0816],[35.1517,40.092],[35.1465,40.1073],[35.1847,40.1396],[35.1559,40.151],[35.157,40.1834],[35.1361,40.2117],[35.1722,40.2391],[35.1922,40.2043],[35.2427,40.1931],[35.2846,40.2267],[35.34,40.2551],[35.3559,40.2762],[35.3851,40.2862],[35.4086,40.3233],[35.3799,40.332],[35.3539,40.3857],[35.3958,40.4057],[35.4114,40.4632],[35.4349,40.4877],[35.4839,40.5039],[35.5305,40.5372],[35.5151,40.5634],[35.4869,40.5694],[35.4855,40.5971],[35.4564,40.622],[35.4066,40.6402],[35.3713,40.6382],[35.3237,40.6488],[35.3292,40.6839],[35.2538,40.7093],[35.1738,40.7074],[35.0428,40.718],[34.9788,40.7921],[35.0075,40.8261],[35.0082,40.8639],[35.0654,40.9107],[35.0538,40.9513],[35.0199,40.9975],[35.0463,41.0173],[35.0757,41.022],[35.0996,41.046],[35.0814,41.076]]]}},{"type":"Feature","id":20,"properties":{"plaka":20,"ad":"Denizli"},"geometry":{"type":"Polygon","coordinates":[[[29.8143,38.4741],[29.7972,38.4594],[29.7407,38.4656],[29.6763,38.4592],[29.6566,38.4345],[29.6183,38.4209],[29.6137,38.3886],[29.6457,38.3633],[29.6229,38.3527],[29.625,38.3004],[29.6079,38.2547],[29.5461,38.2718],[29.5307,38.2891],[29.4821,38.2728],[29.4264,38.3027],[29.4157,38.3227],[29.3538,38.3222],[29.3375,38.3064],[29.2981,38.2991],[29.2742,38.27],[29.2309,38.2368],[29.2117,38.2134],[29.2209,38.1931],[29.2068,38.1659],[29.1826,38.1858],[29.182,38.2148],[29.1248,38.2351],[29.0821,38.2378],[29.045,38.2193],[28.9948,38.2432],[28.9415,38.2313],[28.9104,38.2481],[28.8695,38.2326],[28.7853,38.1826],[28.7306,38.1743],[28.7301,38.1309],[28.6799,38.0944],[28.639,38.0906],[28.6503,38.0693],[28.7156,38.0594],[28.7422,38.0146],[28.7702,37.9826],[28.8073,37.988],[28.8442,37.9767],[28.8414,37.9449],[28.8108,37.9302],[28.7619,37.9481],[28.7376,37.9446],[28.7482,37.8801],[28.7402,37.8357],[28.7444,37.8136],[28.8081,37.7844],[28.8134,37.7726],[28.8618,37.7513],[28.8639,37.7218],[28.8031,37.6994],[28.7903,37.6447],[28.7747,37.6428],[28.7478,37.6089],[28.7227,37.607],[28.6907,37.5852],[28.6926,37.5724],[28.6514,37.5426],[28.6306,37.5474],[28.5928,37.5199],[28.6138,37.4861],[28.6309,37.4623],[28.6157,37.4287],[28.6441,37.3743],[28.701,37.3657],[28.7173,37.3379],[28.7407,37.3238],[28.7352,37.2936],[28.7823,37.2407],[28.7849,37.1963],[28.8178,37.1789],[28.8425,37.1384],[28.8725,37.1457],[28.9243,37.1458],[28.9482,37.1383],[29.0164,37.069],[29.1232,37.0234],[29.1437,36.9828],[29.1032,36.9618],[29.0978,36.9433],[29.1141,36.9179],[29.1675,36.8824],[29.1939,36.8823],[29.2085,36.9096],[29.2832,36.9223],[29.3201,36.9155],[29.3452,36.9261],[29.3586,36.9567],[29.3914,36.9818],[29.3662,37.0127],[29.3827,37.0665],[29.4295,37.0398],[29.4399,37.0707],[29.4458,37.1561],[29.4385,37.1879],[29.4617,37.206],[29.482,37.2409],[29.5022,37.2557],[29.5242,37.2931],[29.5682,37.2876],[29.5889,37.3006],[29.5931,37.3302],[29.6157,37.3418],[29.6236,37.3684],[29.623,37.4381],[29.5859,37.449],[29.5623,37.4404],[29.5369,37.4782],[29.5008,37.5053],[29.5847,37.528],[29.5866,37.5408],[29.5559,37.5663],[29.5117,37.5821],[29.5209,37.5954],[29.6519,37.628],[29.7102,37.6074],[29.7307,37.6234],[29.6832,37.6553],[29.6865,37.6862],[29.7021,37.7078],[29.7475,37.7145],[29.7643,37.694],[29.8043,37.6852],[29.8314,37.695],[29.8455,37.7297],[29.8971,37.7775],[29.8869,37.8254],[29.7703,37.8126],[29.7474,37.8216],[29.7418,37.8582],[29.7045,37.8725],[29.6694,37.8981],[29.7227,37.9433],[29.6668,37.9632],[29.6837,37.9884],[29.7101,37.9794],[29.7401,37.9859],[29.7786,38.036],[29.8118,38.0507],[29.812,38.0706],[29.8938,38.0932],[29.8702,38.1156],[29.8671,38.1358],[29.9294,38.1702],[29.9686,38.1349],[29.9993,38.1415],[30.02,38.195],[30.0581,38.1842],[30.08,38.1978],[30.0766,38.2193],[30.093,38.2359],[30.0544,38.2882],[29.9911,38.3114],[29.9697,38.3382],[29.9795,38.375],[30.0056,38.4041],[29.9782,38.421],[29.9321,38.4094],[29.9007,38.4251],[29.8856,38.4545],[29.8143,38.4741]]]}},{"type":"Feature","id":21,"properties":{"plaka":21,"ad":"Diyarbakır"},"geometry":{"type":"Polygon","coordinates":[[[39.1375,38.018],[39.1554,37.9959],[39.1788,38.006],[39.2511,37.9865],[39.3039,37.9603],[39.3514,37.9602],[39.4027,37.9338],[39.4891,37.9097],[39.5256,37.8822],[39.5429,37.8515],[39.5867,37.8565],[39.6035,37.8456],[39.6261,37.8021],[39.6754,37.7959],[39.7094,37.8414],[39.7739,37.8651],[39.8079,37.8485],[39.8123,37.802],[39.8445,37.731],[39.8287,37.7136],[39.837,37.6337],[39.8354,37.5806],[39.8559,37.5626],[39.8663,37.5296],[39.8953,37.5064],[39.9464,37.5371],[39.9951,37.5128],[40.0805,37.5373],[40.102,37.5553],[40.1454,37.5612],[40.1576,37.5486],[40.216,37.5233],[40.2673,37.5176],[40.3209,37.5218],[40.3911,37.5495],[40.4436,37.555],[40.4468,37.6039],[40.5433,37.5852],[40.5624,37.5652],[40.6742,37.5337],[40.6841,37.5835],[40.6725,37.6257],[40.6486,37.6557],[40.6597,37.6844],[40.6827,37.7055],[40.711,37.6809],[40.7649,37.6568],[40.8473,37.6489],[40.8695,37.6375],[40.8966,37.658],[40.9149,37.6557],[40.9575,37.6748],[40.9906,37.7042],[41.0432,37.7364],[41.0633,37.7686],[41.028,37.7735],[40.9864,37.8058],[41.017,37.8852],[41.0406,37.9167],[41.0138,37.9539],[41.0103,37.979],[41.0577,37.9854],[41.1226,37.9751],[41.1964,38.0688],[41.218,38.1242],[41.2143,38.1502],[41.2261,38.1967],[41.2023,38.2328],[41.1751,38.2441],[41.1971,38.3193],[41.2315,38.3671],[41.2401,38.4101],[41.3025,38.4531],[41.3666,38.4833],[41.3073,38.5184],[41.2929,38.5396],[41.2735,38.5958],[41.2741,38.6299],[41.2573,38.6488],[41.1193,38.6632],[41.1045,38.6825],[41.1118,38.7014],[41.1392,38.7146],[41.0004,38.6706],[40.9328,38.629],[40.8943,38.612],[40.8473,38.5764],[40.8082,38.5743],[40.7673,38.6001],[40.7175,38.5966],[40.672,38.6013],[40.6463,38.5781],[40.6034,38.5633],[40.4843,38.6195],[40.4574,38.6184],[40.4382,38.5993],[40.4433,38.5812],[40.4006,38.565],[40.3544,38.5325],[40.3549,38.4892],[40.2936,38.4767],[40.2606,38.4614],[40.2052,38.4664],[40.1353,38.4558],[40.081,38.4666],[40.0178,38.4609],[39.9803,38.4744],[39.9374,38.4733],[39.9087,38.4523],[39.901,38.4252],[39.8771,38.4054],[39.8599,38.3674],[39.8045,38.3819],[39.7013,38.3395],[39.6812,38.3444],[39.6549,38.3178],[39.6072,38.3053],[39.5519,38.2432],[39.4684,38.3129],[39.4152,38.3311],[39.3575,38.3275],[39.3433,38.3427],[39.3049,38.3554],[39.2584,38.3166],[39.2327,38.3028],[39.1825,38.3091],[39.1514,38.2993],[39.1389,38.2311],[39.1065,38.2038],[39.1267,38.1867],[39.1625,38.1835],[39.1952,38.2068],[39.2201,38.2078],[39.2568,38.1779],[39.2629,38.1461],[39.2378,38.1214],[39.2223,38.0718],[39.1594,38.0181],[39.1375,38.018]]]}},{"type":"Feature","id":22,"properties":{"plaka":22,"ad":"Edirne"},"geometry":{"type":"Polygon","coordinates":[[[26.8049,40.7266],[26.8111,40.7521],[26.7496,40.821],[26.742,40.8608],[26.7117,40.88],[26.7224,40.9169],[26.7503,40.9331],[26.7189,40.9623],[26.7444,41.0184],[26.6933,41.0476],[26.7078,41.0746],[26.7944,41.066],[26.8127,41.0948],[26.8898,41.1359],[26.8965,41.1493],[26.9517,41.1777],[26.93,41.2199],[26.9599,41.23],[26.9542,41.2563],[26.9231,41.2789],[26.9337,41.3094],[26.9174,41.3358],[26.8901,41.3448],[26.9081,41.3826],[26.8943,41.4372],[26.9155,41.4724],[26.9797,41.5204],[26.9711,41.5347],[27.0067,41.5967],[26.9999,41.6313],[26.9561,41.6347],[26.9353,41.6043],[26.9042,41.6175],[26.9073,41.6573],[26.9602,41.6795],[26.9976,41.7197],[27.0263,41.791],[27.0207,41.8162],[26.9668,41.872],[26.9702,41.9318],[26.9895,41.963],[26.9656,41.9965],[26.9314,42.0028],[26.9032,41.9885],[26.871,41.9911],[26.8329,41.9692],[26.7872,41.9897],[26.7551,41.9601],[26.6365,41.973],[26.5866,41.9478],[26.5613,41.9257],[26.5843,41.9034],[26.5669,41.8858],[26.5641,41.8547],[26.5387,41.8235],[26.3689,41.8208],[26.3421,41.7797],[26.3291,41.7361],[26.3817,41.6934],[26.4097,41.6833],[26.4481,41.684],[26.4942,41.6705],[26.4884,41.6541],[26.5295,41.6216],[26.5952,41.6102],[26.5872,41.5706],[26.5911,41.5266],[26.6134,41.4615],[26.6132,41.4242],[26.6295,41.4175],[26.6356,41.3851],[26.6251,41.3438],[26.5838,41.3221],[26.5441,41.3422],[26.4979,41.3283],[26.4623,41.2828],[26.4354,41.2785],[26.3914,41.2496],[26.3274,41.2559],[26.331,41.2188],[26.3066,41.1746],[26.3368,41.1434],[26.3211,41.1347],[26.3312,41.096],[26.3108,41.0817],[26.3462,41.0301],[26.3579,40.9996],[26.3272,40.9774],[26.3487,40.964],[26.3273,40.944],[26.2851,40.9227],[26.3019,40.9034],[26.2498,40.8815],[26.2042,40.8508],[26.2191,40.8365],[26.1694,40.8143],[26.1269,40.7712],[26.125,40.7427],[26.0736,40.7275],[26.0537,40.7094],[26.0641,40.6772],[26.0608,40.6398],[26.0743,40.6187],[26.1058,40.5996],[26.1578,40.5895],[26.2318,40.5985],[26.3044,40.5908],[26.381,40.6081],[26.4145,40.599],[26.4408,40.6135],[26.4789,40.6123],[26.5331,40.5919],[26.5896,40.6308],[26.6096,40.6374],[26.7018,40.638],[26.7255,40.6425],[26.7224,40.7011],[26.7533,40.712],[26.7888,40.7106],[26.8049,40.7266]]]}},{"type":"Feature","id":23,"properties":{"plaka":23,"ad":"Elazığ"},"geometry":{"type":"Polygon","coordinates":[[[39.9346,39.101],[39.9093,39.0972],[39.8899,39.0709],[39.8631,39.0537],[39.902,39.0086],[39.8678,38.9394],[39.8692,38.9086],[39.828,38.8793],[39.7979,38.8482],[39.7984,38.8211],[39.7181,38.834],[39.6849,38.7993],[39.6457,38.8176],[39.5968,38.8115],[39.5834,38.8251],[39.5067,38.7876],[39.4837,38.7632],[39.4482,38.7709],[39.4287,38.7869],[39.3936,38.7732],[39.3708,38.8045],[39.3108,38.8182],[39.2646,38.8438],[39.2608,38.8584],[39.2053,38.8568],[39.1253,38.8763],[39.108,38.8726],[39.0703,38.8895],[39.0414,38.8829],[39.0042,38.8905],[38.9157,38.8939],[38.8567,38.8787],[38.8128,38.8748],[38.7414,38.8864],[38.7514,38.9288],[38.7919,38.9618],[38.7889,38.9969],[38.7656,39.0124],[38.7084,39.0133],[38.6698,39.0523],[38.6484,39.0395],[38.6525,39.0183],[38.6068,38.9994],[38.5895,38.97],[38.5992,38.9471],[38.57,38.9227],[38.6072,38.8848],[38.6474,38.8202],[38.6536,38.7961],[38.6039,38.7544],[38.5685,38.7536],[38.5245,38.7636],[38.4761,38.729],[38.4672,38.6971],[38.4125,38.6843],[38.3783,38.6496],[38.3598,38.6187],[38.3574,38.5518],[38.3849,38.5253],[38.4243,38.5083],[38.4686,38.4748],[38.5058,38.4643],[38.5661,38.4609],[38.6522,38.4295],[38.7083,38.4157],[38.8131,38.4435],[38.8338,38.4319],[38.8344,38.4098],[38.8767,38.3864],[38.8945,38.3562],[38.9177,38.3557],[38.9678,38.3189],[39.0062,38.3324],[39.0745,38.3433],[39.1131,38.344],[39.1514,38.2993],[39.1825,38.3091],[39.2327,38.3028],[39.2584,38.3166],[39.3049,38.3554],[39.3433,38.3427],[39.3575,38.3275],[39.4152,38.3311],[39.4684,38.3129],[39.5519,38.2432],[39.6072,38.3053],[39.6549,38.3178],[39.6812,38.3444],[39.7013,38.3395],[39.8045,38.3819],[39.8599,38.3674],[39.8771,38.4054],[39.901,38.4252],[39.9087,38.4523],[39.9374,38.4733],[39.9803,38.4744],[40.0178,38.4609],[40.081,38.4666],[40.1353,38.4558],[40.2052,38.4664],[40.2606,38.4614],[40.2936,38.4767],[40.2634,38.4951],[40.2453,38.5377],[40.2107,38.5655],[40.1658,38.5791],[40.1106,38.6168],[40.0939,38.6377],[40.1041,38.6586],[40.1687,38.6753],[40.2098,38.7043],[40.2291,38.7384],[40.2811,38.7392],[40.3174,38.7513],[40.3348,38.784],[40.2968,38.8273],[40.2358,38.8367],[40.2359,38.8593],[40.2639,38.8651],[40.2152,38.9049],[40.2145,38.9357],[40.183,38.9627],[40.1861,38.9837],[40.2192,39.0174],[40.2133,39.0347],[40.2418,39.0704],[40.241,39.0873],[40.301,39.149],[40.2733,39.181],[40.2195,39.1857],[40.1934,39.1738],[40.1023,39.1517],[40.0859,39.1283],[39.9978,39.0915],[39.9514,39.0892],[39.9346,39.101]]]}},{"type":"Feature","id":24,"properties":{"plaka":24,"ad":"Erzincan"},"geometry":{"type":"Polygon","coordinates":[[[39.8047,39.9307],[39.7982,39.8971],[39.7714,39.8894],[39.6943,39.886],[39.6531,39.8627],[39.6326,39.8652],[39.6135,39.8975],[39.5589,39.8856],[39.5974,39.8362],[39.5434,39.8409],[39.5244,39.8792],[39.485,39.8615],[39.4471,39.8623],[39.3726,39.8849],[39.2941,39.893],[39.2716,39.9218],[39.2154,39.9303],[39.1405,39.9493],[39.0892,40.0098],[39.0263,40.0287],[39.0135,40.0437],[38.9539,40.0589],[38.9214,40.0458],[38.8512,40.0622],[38.819,40.0586],[38.7722,40.0671],[38.763,40.0149],[38.7087,39.9877],[38.6867,40.0099],[38.6434,40.003],[38.5499,39.9568],[38.4581,39.9857],[38.3975,39.933],[38.3897,39.8987],[38.4067,39.8708],[38.4316,39.8588],[38.4515,39.8267],[38.4029,39.7805],[38.3566,39.7638],[38.363,39.7315],[38.343,39.6871],[38.3156,39.6455],[38.3437,39.5808],[38.2773,39.5348],[38.3001,39.4912],[38.3787,39.4448],[38.3947,39.4095],[38.3397,39.3717],[38.3299,39.3391],[38.3658,39.3036],[38.3679,39.2515],[38.3617,39.2182],[38.3242,39.1528],[38.3624,39.1232],[38.42,39.1205],[38.4684,39.1428],[38.4996,39.143],[38.5376,39.1209],[38.5981,39.113],[38.6698,39.0523],[38.7084,39.0133],[38.7656,39.0124],[38.75,39.045],[38.734,39.1382],[38.7628,39.1503],[38.7735,39.1752],[38.7518,39.1839],[38.7671,39.2134],[38.8623,39.2217],[38.926,39.2394],[38.9394,39.2671],[38.8889,39.2699],[38.8599,39.2849],[38.8039,39.2811],[38.7859,39.3012],[38.7978,39.3364],[38.8316,39.3531],[38.8671,39.3479],[38.9062,39.325],[38.9335,39.3242],[38.9554,39.3525],[38.9803,39.3382],[39.0436,39.3841],[39.075,39.4529],[39.1228,39.4683],[39.197,39.4676],[39.2647,39.4885],[39.2985,39.4544],[39.3299,39.4583],[39.4285,39.5016],[39.4934,39.5],[39.537,39.5165],[39.5424,39.4735],[39.582,39.4412],[39.625,39.4492],[39.6868,39.4842],[39.7209,39.4925],[39.808,39.5311],[39.7888,39.5792],[39.8019,39.615],[39.8368,39.6086],[39.8731,39.5891],[40.0131,39.5681],[40.0633,39.5506],[40.1369,39.5647],[40.1718,39.5802],[40.221,39.569],[40.2896,39.5754],[40.3626,39.5901],[40.4038,39.565],[40.4173,39.5319],[40.4487,39.5111],[40.5157,39.5169],[40.52,39.5273],[40.6115,39.523],[40.634,39.5276],[40.7415,39.5299],[40.743,39.5592],[40.7015,39.5578],[40.6531,39.5964],[40.6798,39.6303],[40.658,39.6795],[40.5666,39.7309],[40.5288,39.7851],[40.5522,39.8089],[40.5444,39.8437],[40.5205,39.8844],[40.4772,39.9026],[40.4057,39.9154],[40.3567,39.9297],[40.3061,39.9339],[40.2898,39.9255],[40.246,39.9603],[40.2586,39.9844],[40.2976,40.0103],[40.3011,40.0323],[40.244,40.0257],[40.1741,40.0378],[40.1406,40.0289],[40.1175,40.0466],[40.1125,40.0761],[40.0614,40.0831],[40.0208,40.0634],[39.9179,40.0364],[39.8836,40.0108],[39.8047,39.9307]]]}},{"type":"Feature","id":25,"properties":{"plaka":25,"ad":"Erzurum"},"geometry":{"type":"Polygon","coordinates":[[[42.5567,39.9346],[42.5425,39.9474],[42.5613,39.9839],[42.535,40.016],[42.5012,40.0266],[42.4776,40.0522],[42.4307,40.0824],[42.3633,40.1753],[42.3129,40.1823],[42.2781,40.2148],[42.2165,40.206],[42.1893,40.2421],[42.1457,40.2376],[42.1105,40.2557],[42.1087,40.2951],[42.1356,40.3289],[42.134,40.3524],[42.2155,40.3471],[42.2434,40.352],[42.3258,40.3873],[42.3753,40.3799],[42.3959,40.3631],[42.4147,40.3856],[42.4464,40.3969],[42.4662,40.3827],[42.482,40.43],[42.4792,40.4915],[42.4622,40.5132],[42.4858,40.5223],[42.5198,40.559],[42.517,40.5727],[42.5448,40.6042],[42.6024,40.6292],[42.6202,40.6801],[42.5992,40.6935],[42.5638,40.7771],[42.4982,40.7919],[42.4775,40.8217],[42.4247,40.8166],[42.3936,40.7882],[42.3603,40.7924],[42.3324,40.8293],[42.3571,40.8567],[42.3641,40.8954],[42.334,40.8989],[42.3389,40.9321],[42.2772,40.9228],[42.2303,40.945],[42.2185,40.973],[42.1751,40.9708],[42.1509,40.9795],[42.1252,40.9687],[42.069,40.983],[42.0214,40.9747],[41.9651,40.9804],[41.9308,40.9339],[41.8986,40.9381],[41.8893,40.9163],[41.8496,40.8947],[41.8363,40.8595],[41.8692,40.8342],[41.8735,40.8059],[41.8453,40.7605],[41.8132,40.7423],[41.8068,40.6843],[41.7766,40.6623],[41.7359,40.6727],[41.7082,40.6691],[41.6517,40.6886],[41.5767,40.6904],[41.5198,40.6448],[41.4534,40.6099],[41.4114,40.5694],[41.3581,40.5621],[41.3222,40.5727],[41.291,40.6819],[41.3408,40.69],[41.3782,40.7139],[41.3303,40.751],[41.2919,40.7643],[41.2575,40.7592],[41.2316,40.7694],[41.2178,40.8042],[41.218,40.8384],[41.1627,40.8093],[41.1293,40.8257],[41.1211,40.7968],[41.0583,40.7691],[41.008,40.76],[40.9758,40.7626],[40.9385,40.7371],[40.8747,40.7355],[40.8883,40.7125],[40.8326,40.6624],[40.8689,40.6111],[40.862,40.5921],[40.8274,40.573],[40.7771,40.5918],[40.7163,40.6055],[40.6761,40.5935],[40.6569,40.5706],[40.5871,40.5527],[40.5739,40.5555],[40.5948,40.5137],[40.565,40.489],[40.5468,40.4376],[40.5989,40.363],[40.5621,40.3539],[40.5448,40.3649],[40.4839,40.3621],[40.4946,40.3391],[40.5376,40.2995],[40.5182,40.2802],[40.5433,40.2525],[40.5835,40.259],[40.5975,40.2363],[40.6398,40.2125],[40.6781,40.2275],[40.6935,40.2023],[40.6675,40.1879],[40.7111,40.1527],[40.6693,40.141],[40.622,40.1062],[40.5421,40.0953],[40.5075,40.0756],[40.5074,40.0504],[40.4894,40.0342],[40.4526,40.0251],[40.3971,40.0322],[40.3507,40.0476],[40.3011,40.0323],[40.2976,40.0103],[40.2586,39.9844],[40.246,39.9603],[40.2898,39.9255],[40.3061,39.9339],[40.3567,39.9297],[40.4057,39.9154],[40.4772,39.9026],[40.5205,39.8844],[40.5444,39.8437],[40.5522,39.8089],[40.5288,39.7851],[40.5666,39.7309],[40.658,39.6795],[40.6798,39.6303],[40.6531,39.5964],[40.7015,39.5578],[40.743,39.5592],[40.7415,39.5299],[40.634,39.5276],[40.5898,39.4966],[40.5919,39.4442],[40.6322,39.4421],[40.6472,39.4217],[40.7131,39.4077],[40.7317,39.422],[40.802,39.4256],[40.9091,39.4566],[40.9818,39.4563],[41.0025,39.4741],[41.0504,39.4527],[41.0538,39.4297],[41.1289,39.4324],[41.1475,39.4135],[41.1793,39.4047],[41.1676,39.3725],[41.2001,39.3616],[41.2909,39.3648],[41.3693,39.3527],[41.415,39.3534],[41.4598,39.3207],[41.4955,39.3103],[41.5609,39.2697],[41.6104,39.2578],[41.6188,39.2141],[41.6041,39.1834],[41.6182,39.1566],[41.6883,39.1603],[41.7325,39.1521],[41.8012,39.1731],[41.8186,39.2089],[41.8573,39.2023],[41.9159,39.2172],[41.96,39.2112],[41.9894,39.2376],[42.0255,39.2526],[42.0504,39.2486],[42.0647,39.2728],[42.1544,39.2899],[42.1597,39.3058],[42.1984,39.3092],[42.2204,39.3404],[42.1989,39.3581],[42.1793,39.3944],[42.204,39.4069],[42.2125,39.4277],[42.2437,39.4494],[42.2784,39.4556],[42.3259,39.4752],[42.373,39.5061],[42.384,39.5379],[42.4196,39.5347],[42.4822,39.5607],[42.4861,39.5884],[42.5115,39.6082],[42.5203,39.6359],[42.4588,39.7186],[42.4235,39.7349],[42.3815,39.744],[42.3575,39.7595],[42.3304,39.7528],[42.3022,39.7713],[42.279,39.8171],[42.2871,39.843],[42.3865,39.8819],[42.4405,39.9117],[42.522,39.9092],[42.5567,39.9346]]]}},{"type":"Feature","id":26,"properties":{"plaka":26,"ad":"Eskişehir"},"geometry":{"type":"Polygon","coordinates":[[[31.5925,39.0433],[31.6852,39.0604],[31.7109,39.0526],[31.7434,39.0655],[31.7718,39.1137],[31.8017,39.1314],[31.8435,39.1422],[31.8196,39.1595],[31.8648,39.1767],[31.9773,39.2527],[31.9475,39.2757],[32.0017,39.326],[32.0016,39.3433],[31.9724,39.3569],[31.9921,39.3754],[31.9708,39.3944],[31.9914,39.4236],[31.9977,39.4553],[31.9727,39.5074],[31.9719,39.5357],[31.8984,39.5437],[31.8876,39.5944],[31.8955,39.6136],[31.9436,39.6345],[31.9212,39.6643],[31.8692,39.6647],[31.8112,39.6846],[31.7752,39.7048],[31.7664,39.7456],[31.7888,39.7832],[31.8394,39.8013],[31.8462,39.8356],[31.8801,39.8321],[31.8994,39.8525],[31.7901,39.8821],[31.7397,39.9339],[31.7414,39.9635],[31.699,39.9775],[31.7024,40.0216],[31.6717,40.0069],[31.6401,40.0295],[31.5967,40.0217],[31.5563,40.0355],[31.4961,40.0235],[31.4631,40.045],[31.4384,40.022],[31.4116,40.0233],[31.3919,40.0617],[31.3479,40.0509],[31.2986,40.0622],[31.2356,40.0611],[31.2025,40.047],[31.1596,40.0511],[31.1232,40.065],[31.101,40.054],[31.054,40.0541],[31.0059,40.0317],[30.9116,40.0378],[30.8971,40.0526],[30.8547,40.0613],[30.8361,40.0979],[30.819,40.1419],[30.7739,40.1534],[30.7156,40.1562],[30.6888,40.1744],[30.6624,40.1677],[30.5884,40.1357],[30.5337,40.1219],[30.5368,40.102],[30.4852,40.0362],[30.4495,40.0111],[30.3807,40.0126],[30.3472,39.976],[30.3634,39.9628],[30.3524,39.9397],[30.318,39.9374],[30.2907,39.9532],[30.2912,39.9027],[30.3036,39.873],[30.2946,39.8405],[30.2344,39.8604],[30.1555,39.8584],[30.0985,39.8403],[30.0162,39.7801],[29.9889,39.7272],[29.992,39.7007],[30.0316,39.6648],[30.0603,39.6554],[30.1185,39.6751],[30.1756,39.6807],[30.2084,39.6767],[30.2096,39.6541],[30.2343,39.5938],[30.2617,39.5648],[30.3293,39.5391],[30.3401,39.529],[30.3314,39.4567],[30.3364,39.4357],[30.3883,39.4112],[30.3528,39.3976],[30.3437,39.3745],[30.3934,39.3161],[30.3937,39.271],[30.4462,39.2205],[30.479,39.2288],[30.5082,39.2159],[30.5481,39.1146],[30.5903,39.0926],[30.6614,39.0914],[30.6934,39.0554],[30.7348,39.0476],[30.7506,39.0632],[30.7846,39.0714],[30.7971,39.1161],[30.8197,39.1231],[30.8916,39.1166],[30.9208,39.1387],[30.8844,39.1677],[30.8812,39.2043],[30.9273,39.2182],[30.9532,39.2136],[31.0249,39.1847],[31.0545,39.202],[31.0896,39.1984],[31.1055,39.2189],[31.0719,39.2422],[31.1211,39.2613],[31.1651,39.2504],[31.2821,39.24],[31.3039,39.2611],[31.3296,39.2517],[31.3176,39.2207],[31.3363,39.193],[31.3867,39.1839],[31.4119,39.1657],[31.4522,39.1654],[31.4593,39.1476],[31.4427,39.1211],[31.4905,39.0891],[31.5297,39.0831],[31.5446,39.0441],[31.5925,39.0433]]]}},{"type":"Feature","id":27,"properties":{"plaka":27,"ad":"Gaziantep"},"geometry":{"type":"Polygon","coordinates":[[[37.6038,37.4835],[37.5712,37.4775],[37.5329,37.4258],[37.497,37.3973],[37.4545,37.3917],[37.4451,37.3708],[37.3924,37.3377],[37.3373,37.3237],[37.2973,37.3229],[37.2663,37.3348],[37.2306,37.324],[37.2128,37.2939],[37.1655,37.254],[37.1214,37.2342],[37.1119,37.2166],[37.0698,37.1949],[37.0056,37.181],[36.9961,37.2046],[37.0095,37.2334],[36.9689,37.2664],[36.9675,37.2929],[36.9423,37.3087],[36.8958,37.3238],[36.876,37.2912],[36.8544,37.2766],[36.838,37.2434],[36.7715,37.2284],[36.7464,37.2369],[36.7201,37.2187],[36.6931,37.2162],[36.6795,37.184],[36.6462,37.1579],[36.6257,37.1537],[36.6176,37.1186],[36.5735,37.0925],[36.5623,37.0513],[36.5239,37.0127],[36.4607,36.9788],[36.4428,36.9331],[36.4764,36.9032],[36.5715,36.864],[36.6181,36.8569],[36.6652,36.8268],[36.7124,36.8268],[36.7205,36.8573],[36.7555,36.8758],[36.7851,36.9071],[36.8149,36.9199],[36.8619,36.8918],[36.8826,36.8959],[36.8802,36.9274],[36.9269,36.956],[36.9522,37.0002],[36.9509,37.0138],[36.9937,37.0346],[37.017,36.996],[37.064,36.996],[37.0491,36.9721],[37.0892,36.9043],[37.1648,36.8834],[37.2569,36.8773],[37.3084,36.8465],[37.3029,36.7825],[37.3157,36.7603],[37.3519,36.7427],[37.3691,36.7238],[37.401,36.7688],[37.3807,36.8041],[37.4094,36.8265],[37.4493,36.8135],[37.4533,36.7885],[37.4893,36.7821],[37.4914,36.752],[37.5114,36.7388],[37.5393,36.7427],[37.5727,36.7058],[37.622,36.7248],[37.6593,36.7494],[37.6827,36.744],[37.7028,36.7577],[37.7823,36.7493],[37.7997,36.7633],[37.9035,36.7918],[37.9249,36.8109],[37.9933,36.832],[38.025,36.8303],[38.0242,36.8558],[38.0386,36.8833],[38.0099,36.9169],[38.0041,36.9624],[37.978,36.9733],[37.9624,36.9995],[37.9722,37.0568],[37.9442,37.0445],[37.9078,37.0443],[37.8667,37.0786],[37.8757,37.1406],[37.8442,37.1792],[37.8409,37.2678],[37.8742,37.3426],[37.9035,37.3595],[37.9634,37.415],[37.9751,37.435],[38.0283,37.4425],[38.0626,37.4291],[38.081,37.4479],[38.0797,37.4611],[38.0417,37.4729],[38,37.4755],[37.9308,37.4678],[37.861,37.4667],[37.8174,37.4759],[37.7478,37.5222],[37.7315,37.5271],[37.6495,37.5117],[37.6292,37.488],[37.6038,37.4835]]]}},{"type":"Feature","id":28,"properties":{"plaka":28,"ad":"Giresun"},"geometry":{"type":"Polygon","coordinates":[[[38.9539,40.0589],[38.9363,40.0866],[38.9586,40.1017],[38.9232,40.1197],[38.9055,40.1472],[38.887,40.1457],[38.8775,40.2018],[38.9084,40.2227],[38.9077,40.2468],[38.9316,40.252],[39.0052,40.323],[39.0747,40.3611],[39.0697,40.3785],[39.0273,40.3861],[39.0073,40.4128],[39.0028,40.4447],[38.9649,40.4617],[38.8006,40.5014],[38.755,40.5088],[38.7505,40.5298],[38.7724,40.5495],[38.8118,40.6055],[38.8333,40.6169],[38.9199,40.6107],[38.9532,40.6009],[38.9714,40.6601],[38.9301,40.6961],[38.9512,40.7073],[38.929,40.7306],[38.9597,40.7681],[39.0179,40.7728],[39.0087,40.816],[39.0459,40.8163],[39.0811,40.8373],[39.1065,40.8192],[39.1073,40.8006],[39.1374,40.7764],[39.1422,40.802],[39.1235,40.8177],[39.1544,40.8865],[39.1348,40.9088],[39.1496,40.9511],[39.1405,40.9821],[39.1744,41.0499],[39.1806,41.0737],[39.1628,41.0793],[39.1305,41.0577],[39.0591,41.0384],[39.0088,41.0324],[38.9209,41.0403],[38.8714,41.0112],[38.8172,41.0114],[38.7246,40.955],[38.6866,40.947],[38.6494,40.9699],[38.6251,40.9735],[38.592,40.9477],[38.5354,40.9185],[38.4717,40.9187],[38.4297,40.9123],[38.3899,40.925],[38.3582,40.9092],[38.3244,40.92],[38.283,40.9456],[38.1899,40.939],[38.116,40.958],[38.078,40.8997],[38.0382,40.8992],[38.0184,40.8839],[38.0046,40.8171],[38.0197,40.7927],[37.9692,40.736],[37.9866,40.6843],[38.0129,40.6725],[38.0059,40.6383],[38.032,40.6205],[38.0354,40.598],[38.0971,40.5729],[38.1076,40.5125],[38.1289,40.5042],[38.1596,40.5248],[38.1904,40.509],[38.174,40.4885],[38.1721,40.4339],[38.1533,40.3996],[38.1586,40.3604],[38.1474,40.3495],[38.1996,40.2671],[38.165,40.2215],[38.2075,40.2164],[38.3015,40.1855],[38.3757,40.1473],[38.4036,40.1473],[38.4152,40.1232],[38.4411,40.1301],[38.4468,40.163],[38.5345,40.1533],[38.51,40.1199],[38.5568,40.1135],[38.5615,40.0946],[38.6602,40.1074],[38.6706,40.0817],[38.7265,40.0898],[38.7722,40.0671],[38.819,40.0586],[38.8512,40.0622],[38.9214,40.0458],[38.9539,40.0589]]]}},{"type":"Feature","id":29,"properties":{"plaka":29,"ad":"Gümüşhane"},"geometry":{"type":"Polygon","coordinates":[[[40.1033,40.5415],[40.0752,40.5844],[40.0902,40.6098],[40.0558,40.6252],[40.0396,40.6512],[39.9912,40.6468],[39.9961,40.6107],[40.0158,40.5794],[40.0188,40.5531],[39.9847,40.5475],[39.9611,40.5297],[39.9195,40.5589],[39.9185,40.606],[39.8424,40.6115],[39.8238,40.6731],[39.8556,40.7253],[39.7715,40.7254],[39.7555,40.675],[39.7296,40.6318],[39.707,40.6201],[39.6789,40.6305],[39.6436,40.6226],[39.6036,40.6247],[39.579,40.6049],[39.5073,40.6085],[39.434,40.6269],[39.4091,40.6633],[39.3786,40.6653],[39.332,40.7008],[39.3294,40.7237],[39.2662,40.7199],[39.2319,40.7241],[39.1779,40.7492],[39.1583,40.7275],[39.1374,40.7764],[39.1073,40.8006],[39.1065,40.8192],[39.0811,40.8373],[39.0459,40.8163],[39.0087,40.816],[39.0179,40.7728],[38.9597,40.7681],[38.929,40.7306],[38.9512,40.7073],[38.9301,40.6961],[38.9714,40.6601],[38.9532,40.6009],[38.9199,40.6107],[38.8333,40.6169],[38.8118,40.6055],[38.7724,40.5495],[38.7505,40.5298],[38.755,40.5088],[38.8006,40.5014],[38.9649,40.4617],[39.0028,40.4447],[39.0073,40.4128],[39.0273,40.3861],[39.0697,40.3785],[39.0747,40.3611],[39.0052,40.323],[38.9316,40.252],[38.9077,40.2468],[38.9084,40.2227],[38.8775,40.2018],[38.887,40.1457],[38.9055,40.1472],[38.9232,40.1197],[38.9586,40.1017],[38.9363,40.0866],[38.9539,40.0589],[39.0135,40.0437],[39.0263,40.0287],[39.0892,40.0098],[39.1405,39.9493],[39.2154,39.9303],[39.2716,39.9218],[39.2941,39.893],[39.3726,39.8849],[39.4471,39.8623],[39.485,39.8615],[39.5244,39.8792],[39.5434,39.8409],[39.5974,39.8362],[39.5589,39.8856],[39.6135,39.8975],[39.6326,39.8652],[39.6531,39.8627],[39.6943,39.886],[39.7714,39.8894],[39.7982,39.8971],[39.8047,39.9307],[39.7539,39.9688],[39.6908,40.0024],[39.6827,40.0516],[39.663,40.0968],[39.75,40.1545],[39.8141,40.1795],[39.8537,40.2171],[39.8492,40.2766],[39.8172,40.3127],[39.8265,40.3463],[39.8557,40.3801],[39.8659,40.4133],[39.8873,40.445],[39.9209,40.4761],[40.013,40.501],[40.0686,40.5025],[40.1033,40.5415]]]}},{"type":"Feature","id":30,"properties":{"plaka":30,"ad":"Hakkâri"},"geometry":{"type":"Polygon","coordinates":[[[43.3314,37.3271],[43.3611,37.3276],[43.3723,37.3077],[43.416,37.2826],[43.4592,37.2711],[43.4746,37.2531],[43.5134,37.2396],[43.566,37.2576],[43.5958,37.2326],[43.6395,37.219],[43.7211,37.236],[43.8103,37.2238],[43.8282,37.2003],[43.8543,37.2244],[43.9194,37.2248],[43.9578,37.2715],[43.9548,37.2922],[43.9858,37.2961],[44.0185,37.3278],[44.0686,37.3135],[44.1182,37.3216],[44.229,37.2824],[44.2462,37.2553],[44.2684,37.2444],[44.2809,37.1905],[44.278,37.167],[44.2227,37.1589],[44.1877,37.1099],[44.1938,37.0798],[44.2294,37.053],[44.2361,37.0103],[44.2681,36.9759],[44.3055,36.9715],[44.363,37.0286],[44.3586,37.0523],[44.3934,37.0499],[44.4668,37.0741],[44.5445,37.1207],[44.5595,37.1498],[44.6268,37.1898],[44.6829,37.1719],[44.7179,37.1756],[44.7693,37.1636],[44.7576,37.2283],[44.7988,37.2586],[44.8148,37.2822],[44.7992,37.3101],[44.7432,37.3346],[44.7111,37.3802],[44.6574,37.3859],[44.6519,37.4028],[44.619,37.4371],[44.5895,37.4388],[44.585,37.5074],[44.6015,37.5142],[44.6131,37.5456],[44.6144,37.6022],[44.5682,37.6448],[44.5743,37.6659],[44.6304,37.7063],[44.5871,37.764],[44.555,37.7805],[44.4525,37.7667],[44.4484,37.8066],[44.4216,37.8044],[44.3507,37.7787],[44.3111,37.7773],[44.2119,37.7299],[44.1321,37.7335],[44.0953,37.7201],[44.082,37.7396],[44.0903,37.7774],[44.0538,37.8106],[43.9034,37.7722],[43.8454,37.7517],[43.823,37.7519],[43.7185,37.7703],[43.6782,37.7728],[43.6247,37.7668],[43.5345,37.7423],[43.4992,37.7418],[43.4755,37.632],[43.4325,37.5909],[43.3959,37.5438],[43.316,37.5422],[43.3065,37.4902],[43.3419,37.4018],[43.3314,37.3271]]]}},{"type":"Feature","id":31,"properties":{"plaka":31,"ad":"Hatay"},"geometry":{"type":"Polygon","coordinates":[[[35.9435,36.8895],[36.007,36.9306],[36.0375,36.9219],[36.1098,36.8864],[36.136,36.867],[36.2041,36.7864],[36.1903,36.7448],[36.2021,36.727],[36.1929,36.7052],[36.2153,36.6597],[36.1979,36.6302],[36.1892,36.5932],[36.1623,36.5958],[36.0958,36.5577],[36.0369,36.5337],[35.9828,36.4745],[35.9018,36.4387],[35.8608,36.3958],[35.8546,36.3703],[35.8175,36.3587],[35.7802,36.3219],[35.7834,36.2916],[35.8394,36.2317],[35.8802,36.1724],[35.8991,36.155],[35.9439,36.0833],[35.9796,36.0161],[35.9578,35.9824],[35.9242,35.957],[35.9314,35.9205],[35.9759,35.9389],[36.0065,35.9408],[36.0179,35.921],[35.9983,35.8839],[36.0476,35.88],[36.1129,35.862],[36.1357,35.8413],[36.1539,35.8077],[36.1734,35.8355],[36.1691,35.8836],[36.1794,35.9282],[36.1998,35.9493],[36.2569,35.9627],[36.2817,35.9498],[36.2989,35.9628],[36.2864,36.0087],[36.3323,35.9896],[36.3762,36.0116],[36.3788,36.0938],[36.3746,36.1145],[36.3891,36.146],[36.3675,36.1597],[36.3774,36.1839],[36.43,36.2074],[36.457,36.2078],[36.4997,36.2235],[36.5024,36.2423],[36.534,36.2453],[36.6247,36.2143],[36.6315,36.2388],[36.667,36.2293],[36.6949,36.2452],[36.6791,36.2713],[36.6951,36.295],[36.6563,36.2981],[36.6573,36.3376],[36.5992,36.3496],[36.606,36.3923],[36.5863,36.3917],[36.5442,36.5019],[36.5724,36.5284],[36.5914,36.5855],[36.5779,36.6079],[36.5736,36.6591],[36.6081,36.677],[36.6315,36.7127],[36.6129,36.7455],[36.6714,36.8101],[36.6652,36.8268],[36.6181,36.8569],[36.5715,36.864],[36.4764,36.9032],[36.4428,36.9331],[36.369,36.9317],[36.335,36.9473],[36.2699,36.9626],[36.2354,36.9647],[36.2058,37.0046],[36.1581,36.9931],[36.0576,37.0082],[36.0077,36.9712],[35.9844,36.967],[35.9474,36.9336],[35.9435,36.8895]]]}},{"type":"Feature","id":32,"properties":{"plaka":32,"ad":"Isparta"},"geometry":{"type":"Polygon","coordinates":[[[30.0926,37.7992],[30.1528,37.7957],[30.1927,37.7842],[30.2579,37.7888],[30.3241,37.8102],[30.3266,37.8363],[30.3732,37.8462],[30.4229,37.8201],[30.447,37.7724],[30.4413,37.7327],[30.51,37.6907],[30.553,37.7069],[30.6493,37.6716],[30.7283,37.6753],[30.7407,37.668],[30.7755,37.558],[30.8062,37.516],[30.8347,37.4592],[30.8391,37.4318],[30.9089,37.3998],[30.9138,37.3724],[30.94,37.3708],[30.9739,37.3472],[31.0092,37.3467],[31.0961,37.3783],[31.1569,37.3811],[31.2056,37.3961],[31.2369,37.4217],[31.2761,37.4261],[31.3155,37.4158],[31.3319,37.4844],[31.3441,37.5031],[31.3448,37.5445],[31.3345,37.5842],[31.3129,37.6102],[31.2729,37.6334],[31.293,37.6551],[31.3494,37.6748],[31.3791,37.702],[31.4317,37.7056],[31.4228,37.7453],[31.4436,37.7658],[31.4569,37.7981],[31.4569,37.8325],[31.4367,37.883],[31.439,37.9145],[31.5024,37.9663],[31.5167,38.0167],[31.5394,38.031],[31.5224,38.1038],[31.5352,38.1335],[31.5203,38.1833],[31.4711,38.1967],[31.3959,38.1902],[31.3487,38.2155],[31.3272,38.2405],[31.3197,38.3079],[31.2741,38.3534],[31.2586,38.3769],[31.1857,38.3858],[31.1829,38.4039],[31.2058,38.4244],[31.1994,38.4385],[31.1382,38.4619],[31.1324,38.5016],[31.0816,38.5091],[30.9833,38.4994],[30.9622,38.4569],[30.9582,38.4273],[30.9128,38.4075],[30.8576,38.4048],[30.7997,38.3661],[30.7884,38.3071],[30.7506,38.2958],[30.7248,38.2694],[30.6961,38.2662],[30.6437,38.2283],[30.5785,38.2167],[30.5244,38.1963],[30.4806,38.199],[30.4283,38.1535],[30.3979,38.1092],[30.3826,38.0601],[30.3479,38.0402],[30.3204,38.0393],[30.2799,38.0064],[30.2101,37.9789],[30.1917,37.9793],[30.1566,37.9222],[30.1502,37.8835],[30.1574,37.8657],[30.0926,37.7992]]]}},{"type":"Feature","id":33,"properties":{"plaka":33,"ad":"Mersin"},"geometry":{"type":"Polygon","coordinates":[[[34.7748,37.4209],[34.7175,37.4356],[34.6856,37.4257],[34.6687,37.4084],[34.6219,37.401],[34.5662,37.3748],[34.5429,37.3514],[34.4365,37.3314],[34.4311,37.3071],[34.3838,37.3316],[34.345,37.3265],[34.2592,37.2467],[34.2575,37.1786],[34.1719,37.1211],[34.1325,37.1075],[34.063,37.1317],[34.0028,37.1289],[33.9478,37.11],[33.8922,37.0669],[33.8542,37.0528],[33.7975,37.0472],[33.7522,37.0244],[33.6655,37.0464],[33.6411,37.0444],[33.5719,37.0139],[33.538,36.9528],[33.4424,36.9305],[33.3818,36.9334],[33.3636,36.9184],[33.3398,36.9273],[33.2887,36.9102],[33.2171,36.9227],[33.1723,36.9184],[33.1484,36.8931],[33.1528,36.8665],[33.1279,36.8422],[33.0963,36.8812],[33.0635,36.8794],[33.0332,36.8622],[32.962,36.8551],[32.9478,36.8305],[32.9956,36.8221],[32.9843,36.8061],[33.0069,36.7865],[33.0123,36.7647],[32.9973,36.746],[33.0044,36.7097],[33.038,36.7013],[33.0372,36.6767],[33.0771,36.6142],[33.1354,36.6088],[33.1939,36.5605],[33.2202,36.5283],[33.1863,36.5304],[33.1527,36.5533],[33.1257,36.5827],[33.0714,36.5558],[33.054,36.5193],[33.0172,36.492],[33.0125,36.4611],[32.9401,36.4519],[32.8606,36.4898],[32.7796,36.4871],[32.6903,36.5173],[32.5888,36.5235],[32.5585,36.5167],[32.6036,36.5014],[32.6236,36.471],[32.6126,36.4547],[32.5422,36.4224],[32.5109,36.3983],[32.5312,36.3638],[32.5762,36.3563],[32.5906,36.3151],[32.6145,36.2994],[32.6203,36.2695],[32.6067,36.2505],[32.5375,36.2254],[32.581,36.1793],[32.5929,36.1456],[32.5624,36.1007],[32.5927,36.0792],[32.6194,36.0725],[32.667,36.0444],[32.8038,36.0211],[32.8694,36.0711],[32.9306,36.0888],[32.9578,36.1035],[33.0211,36.0912],[33.092,36.0863],[33.1242,36.1295],[33.161,36.1384],[33.1956,36.1278],[33.3036,36.1315],[33.3509,36.1546],[33.3968,36.1297],[33.4416,36.1543],[33.478,36.1587],[33.5252,36.1442],[33.5393,36.1261],[33.5626,36.1274],[33.5929,36.1766],[33.6386,36.1894],[33.6599,36.184],[33.6602,36.1592],[33.6872,36.1594],[33.7427,36.2067],[33.7969,36.2316],[33.8222,36.2769],[33.8688,36.3163],[33.8888,36.3161],[33.9409,36.2827],[33.9477,36.2515],[33.9782,36.2661],[34.02,36.3006],[34.0432,36.2929],[34.0788,36.335],[34.0804,36.4106],[34.1153,36.4317],[34.1337,36.4598],[34.1678,36.467],[34.1831,36.4953],[34.2344,36.5349],[34.2708,36.5798],[34.3199,36.6033],[34.3612,36.6368],[34.4297,36.6638],[34.4738,36.7091],[34.5403,36.7391],[34.5764,36.7747],[34.6245,36.7871],[34.6543,36.8084],[34.7527,36.8109],[34.834,36.7894],[34.8765,36.7639],[34.9115,36.7287],[34.9598,36.7433],[34.9816,36.7608],[35.0029,36.7522],[35.0477,36.7678],[35.0817,36.7972],[35.0956,36.7832],[35.1404,36.7908],[35.1391,36.8304],[35.1515,36.8591],[35.1236,36.9164],[35.12,36.9414],[35.0984,36.9523],[35.0939,36.9804],[35.1208,36.9848],[35.1225,37.0407],[35.0983,37.0436],[35.0533,37.0675],[35.0119,37.0648],[34.9816,37.1209],[34.9529,37.1471],[34.9546,37.1661],[34.9308,37.1986],[34.9623,37.2189],[34.9746,37.2677],[34.9349,37.2918],[34.8716,37.296],[34.8174,37.309],[34.7788,37.3309],[34.7875,37.3758],[34.7748,37.4209]]]}},{"type":"Feature","id":34,"properties":{"plaka":34,"ad":"İstanbul"},"geometry":{"type":"MultiPolygon","coordinates":[[[[29.9182,41.1415],[29.846,41.1386],[29.7799,41.1584],[29.7333,41.1552],[29.6359,41.1707],[29.5971,41.1712],[29.5046,41.1849],[29.3924,41.2122],[29.3573,41.2108],[29.2579,41.2305],[29.2186,41.2313],[29.1976,41.2203],[29.1654,41.2245],[29.13,41.2084],[29.1181,41.187],[29.0871,41.1787],[29.0712,41.1432],[29.0952,41.1171],[29.0644,41.0977],[29.052,41.0481],[29.0063,41.0223],[29.0375,40.9689],[29.0948,40.952],[29.1442,40.9017],[29.2871,40.8548],[29.2748,40.8202],[29.34,40.8107],[29.363,40.8171],[29.3631,40.8491],[29.3801,40.8721],[29.4137,40.879],[29.4394,40.8997],[29.4403,40.9438],[29.47,40.9517],[29.5065,40.9881],[29.4929,41.0083],[29.5018,41.0315],[29.5581,41.0392],[29.5978,41.0285],[29.605,40.9839],[29.6633,40.9617],[29.7184,41.0036],[29.6964,41.0226],[29.7298,41.0411],[29.7537,41.0277],[29.832,41.0147],[29.8804,41.042],[29.8928,41.0639],[29.8915,41.093],[29.915,41.101],[29.9182,41.1415]]],[[[28.0134,41.0343],[28.0737,41.0565],[28.1644,41.0724],[28.211,41.0704],[28.2362,41.0775],[28.26,41.0625],[28.3406,41.0583],[28.4132,41.0435],[28.4694,41.023],[28.5442,40.9861],[28.5727,41.0183],[28.5996,41.0092],[28.5949,40.9736],[28.6207,40.9607],[28.6691,40.9632],[28.6973,40.9734],[28.7412,40.9702],[28.7683,40.9799],[28.8107,40.956],[28.8389,40.957],[28.8518,40.9744],[28.9238,40.9877],[28.9372,41.0013],[28.9783,41.0011],[28.9968,41.0375],[29.0328,41.0497],[29.0568,41.0832],[29.0705,41.1272],[29.0364,41.1569],[29.0727,41.175],[29.1118,41.2142],[29.1122,41.2378],[29.078,41.2546],[29.0241,41.2451],[28.9652,41.255],[28.9218,41.2719],[28.8876,41.2744],[28.8199,41.2923],[28.781,41.3088],[28.7696,41.3245],[28.7276,41.3262],[28.6407,41.3499],[28.4019,41.4432],[28.2619,41.5023],[28.1864,41.5538],[28.1827,41.5715],[28.1443,41.5906],[28.118,41.5634],[28.1195,41.5342],[28.0703,41.5089],[28.1112,41.4658],[28.1102,41.4286],[28.0779,41.3211],[28.0767,41.2879],[28.0561,41.2669],[28.0155,41.2523],[27.9983,41.2224],[28.0184,41.197],[28.0136,41.1623],[27.9843,41.162],[27.9724,41.1117],[27.9766,41.0439],[28.0134,41.0343]]]]}},{"type":"Feature","id":35,"properties":{"plaka":35,"ad":"İzmir"},"geometry":{"type":"MultiPolygon","coordinates":[[[[28.4851,38.1226],[28.4637,38.156],[28.4334,38.1758],[28.4895,38.2007],[28.4928,38.2318],[28.4812,38.2517],[28.4518,38.2605],[28.3719,38.2703],[28.3336,38.314],[28.2509,38.3173],[28.1933,38.3477],[28.117,38.3749],[28.083,38.4069],[28.048,38.3996],[28.0001,38.3774],[27.9601,38.3786],[27.9441,38.3965],[27.902,38.4106],[27.8665,38.379],[27.8876,38.3501],[27.8589,38.308],[27.8179,38.3067],[27.788,38.3414],[27.7613,38.3367],[27.7237,38.3654],[27.6988,38.4456],[27.6539,38.4718],[27.6396,38.4929],[27.608,38.4832],[27.5721,38.4579],[27.5511,38.4576],[27.5138,38.4817],[27.4811,38.5216],[27.4326,38.5553],[27.3846,38.5551],[27.3521,38.5338],[27.2756,38.5536],[27.2349,38.5902],[27.2383,38.6491],[27.2235,38.7118],[27.1867,38.7202],[27.1479,38.7443],[27.1395,38.7677],[27.1129,38.7954],[27.1846,38.8212],[27.1611,38.8505],[27.1687,38.8744],[27.1913,38.8787],[27.218,38.8531],[27.2355,38.9067],[27.2663,38.9058],[27.2784,38.9228],[27.3139,38.9266],[27.3338,38.9171],[27.3463,38.9513],[27.3939,38.9428],[27.4022,38.9229],[27.4548,38.9302],[27.472,38.9497],[27.4715,38.9901],[27.5212,39.0217],[27.5395,39.0452],[27.5224,39.0678],[27.5223,39.0914],[27.4988,39.1148],[27.5054,39.1306],[27.4393,39.1577],[27.4796,39.1999],[27.4696,39.224],[27.4804,39.2681],[27.4417,39.31],[27.413,39.3283],[27.4,39.371],[27.3765,39.3855],[27.3496,39.3751],[27.3288,39.3831],[27.2834,39.3716],[27.2739,39.3561],[27.2382,39.3513],[27.1747,39.3798],[27.1427,39.3659],[27.1124,39.3669],[27.0788,39.3508],[27.0665,39.3243],[27.0109,39.3086],[26.9886,39.2814],[26.9573,39.2935],[26.9109,39.2802],[26.8786,39.2361],[26.8388,39.237],[26.7927,39.1977],[26.7686,39.1667],[26.813,39.1567],[26.8383,39.1398],[26.8746,39.101],[26.8877,39.0754],[26.8382,39.0449],[26.7991,39.0318],[26.7964,38.9625],[26.8303,38.9333],[26.8649,38.915],[26.9191,38.9398],[26.9564,38.9385],[27.0071,38.9132],[27.0355,38.9408],[27.0573,38.9143],[27.0421,38.8985],[27.0591,38.866],[27.0207,38.867],[26.987,38.8471],[26.9734,38.8058],[26.914,38.8174],[26.9168,38.7863],[26.8955,38.7341],[26.8308,38.7613],[26.7841,38.7426],[26.7399,38.7415],[26.7268,38.7209],[26.7287,38.6952],[26.7534,38.666],[26.7312,38.6564],[26.7651,38.6168],[26.7998,38.6111],[26.8191,38.5869],[26.8481,38.5752],[26.8139,38.5437],[26.8297,38.5253],[26.883,38.5085],[26.9309,38.4549],[26.9546,38.444],[27.0588,38.4732],[27.1121,38.4487],[27.1589,38.467],[27.1195,38.4112],[27.0868,38.3987],[27.017,38.4152],[26.9804,38.3965],[26.835,38.3706],[26.8032,38.3551],[26.7714,38.364],[26.7349,38.4192],[26.7111,38.4328],[26.6829,38.4091],[26.6755,38.3823],[26.7015,38.3148],[26.6669,38.3171],[26.6406,38.3482],[26.6109,38.4196],[26.5952,38.4711],[26.6401,38.4752],[26.6192,38.532],[26.5692,38.559],[26.5619,38.602],[26.5332,38.6259],[26.5228,38.6499],[26.4754,38.6745],[26.3632,38.6609],[26.3532,38.638],[26.3634,38.5627],[26.3806,38.5445],[26.377,38.5239],[26.4121,38.494],[26.4955,38.448],[26.5158,38.4278],[26.4618,38.3588],[26.4251,38.3357],[26.4019,38.3325],[26.3631,38.3078],[26.3185,38.3303],[26.3049,38.364],[26.2829,38.3519],[26.2956,38.3283],[26.2726,38.2904],[26.3071,38.2407],[26.3354,38.2259],[26.3893,38.224],[26.4179,38.206],[26.439,38.213],[26.507,38.1761],[26.5216,38.1423],[26.5924,38.1032],[26.6263,38.1464],[26.6315,38.1996],[26.6619,38.2088],[26.7212,38.2117],[26.7511,38.2226],[26.7722,38.2072],[26.7781,38.1662],[26.7969,38.1731],[26.8512,38.1017],[26.8459,38.072],[26.8574,38.0462],[26.9484,38.0754],[26.9835,38.0739],[27.0178,38.0546],[27.0464,38.0501],[27.0709,38.019],[27.0974,38.0165],[27.1255,37.9937],[27.1672,37.9813],[27.2054,37.9926],[27.2385,37.9857],[27.2726,37.9467],[27.2716,37.922],[27.313,37.8755],[27.3581,37.881],[27.3877,37.8664],[27.3807,37.8263],[27.3897,37.8152],[27.4406,37.8387],[27.4319,37.8791],[27.4592,37.8963],[27.4547,37.918],[27.4968,37.9458],[27.4954,37.9746],[27.524,38.0078],[27.5842,38.0037],[27.6187,38.0085],[27.6227,37.9723],[27.653,37.9625],[27.694,37.9824],[27.7394,37.9781],[27.7577,37.9543],[27.7776,37.975],[27.8136,37.9628],[27.8561,37.9704],[27.8803,38.0066],[27.9003,37.9933],[27.9659,37.9994],[28.0101,37.9698],[28.0192,37.9974],[28.0551,38.0321],[28.1414,38.0225],[28.1582,38.0493],[28.1894,38.0371],[28.2793,38.0332],[28.3092,38.0922],[28.3317,38.1222],[28.366,38.1293],[28.3754,38.1078],[28.4363,38.0877],[28.4851,38.1226]]],[[[26.6977,38.5472],[26.6951,38.4789],[26.7284,38.4703],[26.7279,38.5315],[26.6977,38.5472]]]]}},{"type":"Feature","id":36,"properties":{"plaka":36,"ad":"Kars"},"geometry":{"type":"Polygon","coordinates":[[[43.2843,40.0023],[43.3316,40.0461],[43.358,40.0439],[43.3662,40.066],[43.3425,40.093],[43.3464,40.1177],[43.3755,40.1306],[43.4353,40.1095],[43.4787,40.1057],[43.5196,40.1174],[43.5956,40.1167],[43.6487,40.1312],[43.6612,40.1539],[43.7091,40.1623],[43.6964,40.1911],[43.6729,40.2059],[43.6819,40.2507],[43.6356,40.2938],[43.5908,40.3451],[43.6178,40.3901],[43.6197,40.4215],[43.6064,40.4373],[43.547,40.4672],[43.5572,40.494],[43.6109,40.5138],[43.6434,40.5617],[43.6865,40.593],[43.7264,40.6647],[43.7467,40.6758],[43.7483,40.7309],[43.7066,40.8209],[43.677,40.8475],[43.6716,40.9367],[43.5778,40.9933],[43.5199,41.0141],[43.4841,41.0162],[43.4683,41.0333],[43.4247,41.0698],[43.3617,41.0965],[43.3142,41.0795],[43.2307,41.0022],[43.2055,40.9846],[43.1501,40.9685],[43.0783,40.9751],[43.0144,40.9476],[42.9726,40.9133],[42.9504,40.8773],[42.9064,40.8833],[42.8938,40.8181],[42.8614,40.81],[42.8514,40.7313],[42.7956,40.7068],[42.7479,40.6933],[42.6707,40.6538],[42.6182,40.6447],[42.6024,40.6292],[42.5448,40.6042],[42.517,40.5727],[42.5198,40.559],[42.4858,40.5223],[42.4622,40.5132],[42.4792,40.4915],[42.482,40.43],[42.4662,40.3827],[42.4464,40.3969],[42.4147,40.3856],[42.3959,40.3631],[42.3753,40.3799],[42.3258,40.3873],[42.2434,40.352],[42.2155,40.3471],[42.134,40.3524],[42.1356,40.3289],[42.1087,40.2951],[42.1105,40.2557],[42.1457,40.2376],[42.1893,40.2421],[42.2165,40.206],[42.2781,40.2148],[42.3129,40.1823],[42.3633,40.1753],[42.4307,40.0824],[42.4776,40.0522],[42.5012,40.0266],[42.535,40.016],[42.5613,39.9839],[42.5425,39.9474],[42.5567,39.9346],[42.6307,39.9348],[42.6822,39.9438],[42.7929,39.9725],[42.8643,39.9731],[42.8839,39.9809],[43.053,39.9884],[43.0933,39.9839],[43.2708,39.9944],[43.2843,40.0023]]]}},{"type":"Feature","id":37,"properties":{"plaka":37,"ad":"Kastamonu"},"geometry":{"type":"Polygon","coordinates":[[[32.8748,41.5756],[32.9124,41.5598],[32.9568,41.5862],[32.9894,41.5705],[33.0471,41.5851],[33.0589,41.5369],[33.0526,41.5062],[33.0649,41.484],[33.1046,41.4779],[33.0991,41.4579],[33.1253,41.4349],[33.1373,41.3723],[33.123,41.3495],[33.0684,41.3189],[33.011,41.3174],[32.9387,41.2546],[32.9266,41.1872],[32.9912,41.1486],[33.0101,41.1495],[33.0596,41.1095],[33.0553,41.0853],[33.0739,41.0627],[33.1223,41.0544],[33.1792,41.0745],[33.2281,41.054],[33.2969,41.0366],[33.3251,41.0013],[33.3261,40.9804],[33.413,40.9869],[33.4265,41.0022],[33.4271,41.0329],[33.4649,41.0319],[33.4936,41.0558],[33.5255,41.0456],[33.5417,41.0251],[33.6319,41.023],[33.6967,41.0539],[33.7236,41.0543],[33.7787,41.0853],[33.8515,41.0818],[33.8532,41.0502],[33.8221,41.0343],[33.7967,40.9786],[33.7675,40.9384],[33.8084,40.9025],[33.7953,40.8825],[33.8472,40.8494],[33.8918,40.8416],[33.9345,40.8587],[33.9898,40.8469],[33.9986,40.8276],[34.0782,40.8223],[34.1232,40.8386],[34.1755,40.8393],[34.2401,40.8658],[34.2674,40.9747],[34.3422,40.9693],[34.373,40.9947],[34.3244,41.034],[34.3216,41.0797],[34.2935,41.0896],[34.2418,41.0744],[34.2202,41.0957],[34.2291,41.1722],[34.2606,41.209],[34.2938,41.2127],[34.3109,41.2642],[34.3573,41.2943],[34.4222,41.2695],[34.4301,41.288],[34.4609,41.3048],[34.4833,41.3509],[34.4734,41.3991],[34.4496,41.4252],[34.4527,41.4608],[34.4308,41.4905],[34.4905,41.5285],[34.5384,41.5441],[34.5793,41.6036],[34.5992,41.612],[34.6068,41.6544],[34.5973,41.6793],[34.5508,41.7037],[34.5128,41.7365],[34.4585,41.7282],[34.4084,41.7387],[34.3728,41.737],[34.3099,41.7465],[34.2544,41.7372],[34.2735,41.7631],[34.2894,41.8076],[34.2773,41.8354],[34.2897,41.8566],[34.2509,41.897],[34.2237,41.9385],[34.2282,41.9547],[34.1744,41.9593],[34.1044,41.9782],[34.0459,41.9815],[33.8933,41.9718],[33.7911,41.9733],[33.68,41.9805],[33.5669,41.9913],[33.4428,42.0121],[33.3378,42.0195],[33.2649,41.9905],[33.1792,41.9668],[33.1693,41.9558],[33.1214,41.9491],[33.0283,41.9276],[32.9815,41.8956],[32.8959,41.8689],[32.8196,41.856],[32.7842,41.8601],[32.7578,41.8486],[32.7511,41.8331],[32.7846,41.7482],[32.8424,41.7247],[32.9034,41.7406],[32.939,41.715],[32.9188,41.6989],[32.9028,41.6525],[32.9066,41.6281],[32.8722,41.5984],[32.8748,41.5756]]]}},{"type":"Feature","id":38,"properties":{"plaka":38,"ad":"Kayseri"},"geometry":{"type":"Polygon","coordinates":[[[36.4096,38.2629],[36.4835,38.2424],[36.5186,38.2472],[36.526,38.2651],[36.5837,38.3119],[36.5655,38.3438],[36.6073,38.3857],[36.6743,38.3928],[36.7374,38.4189],[36.7245,38.4609],[36.6974,38.4686],[36.6782,38.4987],[36.7155,38.5219],[36.7412,38.5219],[36.7804,38.5371],[36.7309,38.5846],[36.78,38.6014],[36.7968,38.6311],[36.7891,38.6551],[36.7486,38.6709],[36.7642,38.7058],[36.7327,38.7142],[36.7357,38.7414],[36.7577,38.7518],[36.8006,38.7551],[36.7924,38.8003],[36.8604,38.8541],[36.8494,38.8978],[36.8987,38.9148],[36.9148,38.9422],[36.9538,38.9358],[36.9598,38.9577],[36.925,38.9787],[36.9357,38.9952],[36.8796,39.0425],[36.888,39.0776],[36.8468,39.0989],[36.8408,39.119],[36.7706,39.1023],[36.768,39.1353],[36.7496,39.139],[36.7361,39.1713],[36.7006,39.1634],[36.6511,39.1702],[36.6195,39.1168],[36.5909,39.1007],[36.5668,39.1114],[36.5091,39.1074],[36.4871,39.0742],[36.4672,39.0889],[36.451,39.125],[36.4196,39.1374],[36.405,39.1221],[36.413,39.0956],[36.3724,39.0901],[36.3415,39.0618],[36.3066,39.0931],[36.263,39.0954],[36.2597,39.0685],[36.2288,39.0669],[36.2043,39.0854],[36.1655,39.0923],[36.121,39.0859],[36.0419,39.1374],[36.01,39.1483],[35.9817,39.142],[35.967,39.1686],[35.9797,39.1823],[35.9465,39.2052],[35.9451,39.2297],[35.9222,39.2377],[35.91,39.2675],[35.8755,39.2911],[35.8565,39.3223],[35.8262,39.3188],[35.7828,39.3002],[35.7426,39.2738],[35.7482,39.2336],[35.7304,39.2221],[35.6363,39.2178],[35.6101,39.1883],[35.5436,39.1916],[35.4678,39.1767],[35.4328,39.1398],[35.4348,39.1103],[35.4581,39.1103],[35.4781,39.0618],[35.471,39.0528],[35.415,39.061],[35.3691,39.0246],[35.4065,39.0121],[35.3925,38.986],[35.3536,39.0157],[35.296,38.9964],[35.2255,39.0021],[35.1689,39.0221],[35.1233,39.0189],[35.0639,39.041],[35.0441,39.0337],[35.0495,38.994],[35.027,38.9244],[35.0041,38.9066],[35.0193,38.8649],[34.9607,38.8443],[34.9663,38.8027],[34.9961,38.7925],[35.0161,38.773],[35.0618,38.7646],[35.0774,38.7259],[35.0954,38.7124],[35.0826,38.6839],[35.0898,38.6594],[35.0738,38.647],[35.0983,38.6118],[35.0923,38.5773],[35.1301,38.5519],[35.1422,38.5105],[35.1664,38.5026],[35.1388,38.4699],[35.0494,38.4857],[35.0057,38.4724],[34.9977,38.4154],[34.9616,38.4144],[34.9459,38.426],[34.8802,38.4462],[34.8518,38.4214],[34.8523,38.3819],[34.8781,38.3666],[34.9336,38.3396],[34.9453,38.3186],[35.0082,38.3009],[35.024,38.2729],[35.0082,38.2285],[35.0128,38.2091],[35.0383,38.2042],[35.0387,38.1707],[35.082,38.1592],[35.1314,38.1877],[35.1497,38.1613],[35.175,38.1676],[35.2216,38.1353],[35.2308,38.1086],[35.2212,38.0916],[35.2316,38.0607],[35.2063,37.9333],[35.2094,37.8936],[35.1972,37.8629],[35.1499,37.8051],[35.1611,37.784],[35.2149,37.7607],[35.3046,37.7532],[35.3111,37.7176],[35.3207,37.7056],[35.3589,37.7036],[35.4051,37.6914],[35.4744,37.7242],[35.4825,37.708],[35.5196,37.7252],[35.5174,37.7606],[35.5299,37.7761],[35.5187,37.801],[35.5611,37.8023],[35.5761,37.7881],[35.6037,37.8018],[35.6236,37.8408],[35.5973,37.8601],[35.5866,37.8849],[35.5944,37.9051],[35.5757,37.9414],[35.5982,37.9655],[35.671,37.9838],[35.693,37.9958],[35.7247,38.0548],[35.7484,38.0407],[35.7767,38.0535],[35.7897,38.0812],[35.8352,38.0761],[35.8517,38.0902],[35.9373,38.0955],[35.9745,38.1173],[35.9729,38.139],[35.9922,38.1529],[36.0004,38.195],[35.9904,38.2234],[36.0455,38.2598],[36.0497,38.2725],[36.1395,38.3436],[36.1846,38.349],[36.1795,38.3837],[36.2283,38.3996],[36.2808,38.4046],[36.292,38.3841],[36.3727,38.3796],[36.3878,38.3486],[36.3625,38.2947],[36.4091,38.281],[36.4096,38.2629]]]}},{"type":"Feature","id":39,"properties":{"plaka":39,"ad":"Kırklareli"},"geometry":{"type":"Polygon","coordinates":[[[26.9337,41.3094],[26.968,41.3196],[26.9727,41.3608],[27.0087,41.3472],[27.0758,41.3427],[27.1082,41.3114],[27.0625,41.2693],[27.1244,41.2762],[27.1905,41.3426],[27.2576,41.3118],[27.274,41.2861],[27.3393,41.2386],[27.3698,41.2225],[27.4156,41.2286],[27.4397,41.2171],[27.4616,41.2356],[27.4946,41.2361],[27.5206,41.2544],[27.5693,41.249],[27.5908,41.2859],[27.5779,41.3413],[27.6062,41.3692],[27.5857,41.3897],[27.6186,41.4287],[27.649,41.4241],[27.6707,41.4527],[27.7622,41.4603],[27.7756,41.4836],[27.8279,41.5068],[27.8548,41.4814],[27.8834,41.4808],[27.9433,41.5437],[27.9483,41.5712],[28.0124,41.5614],[28.0149,41.5886],[28.0433,41.603],[28.0638,41.5822],[28.0999,41.5911],[28.1443,41.5906],[28.1009,41.6288],[28.0888,41.6506],[28.0994,41.6801],[28.0472,41.7232],[28.0361,41.7595],[27.9881,41.8142],[27.9808,41.8684],[28.0151,41.8948],[28.0572,41.8851],[28.0439,41.914],[28.0494,41.945],[28.0266,41.9798],[27.976,41.9841],[27.9118,41.9727],[27.8999,41.9919],[27.8683,41.9997],[27.8217,41.9919],[27.8082,41.9462],[27.7759,41.9659],[27.7025,41.976],[27.6519,41.9622],[27.6126,41.9385],[27.5743,41.9375],[27.5405,41.9162],[27.5108,41.9582],[27.4899,41.9515],[27.4471,41.9671],[27.4327,41.9913],[27.3946,42.0052],[27.3703,42.0525],[27.2829,42.095],[27.2392,42.1048],[27.1984,42.0787],[27.207,42.0609],[27.1289,42.0694],[27.1072,42.0861],[27.0606,42.0898],[27.0322,42.0794],[27.0075,42.0384],[26.9656,41.9965],[26.9895,41.963],[26.9702,41.9318],[26.9668,41.872],[27.0207,41.8162],[27.0263,41.791],[26.9976,41.7197],[26.9602,41.6795],[26.9073,41.6573],[26.9042,41.6175],[26.9353,41.6043],[26.9561,41.6347],[26.9999,41.6313],[27.0067,41.5967],[26.9711,41.5347],[26.9797,41.5204],[26.9155,41.4724],[26.8943,41.4372],[26.9081,41.3826],[26.8901,41.3448],[26.9174,41.3358],[26.9337,41.3094]]]}},{"type":"Feature","id":40,"properties":{"plaka":40,"ad":"Kırşehir"},"geometry":{"type":"Polygon","coordinates":[[[33.8852,39.0279],[33.9479,39.0509],[33.9698,39.0314],[34.0049,39.0274],[33.9692,38.9745],[34.0355,38.9609],[34.0514,38.946],[34.0804,38.8756],[34.1791,38.8199],[34.2412,38.8325],[34.2549,38.8617],[34.2473,38.8802],[34.2701,38.8993],[34.308,38.8831],[34.3546,38.8492],[34.3906,38.8823],[34.4151,38.9304],[34.4337,38.9346],[34.4405,38.9788],[34.487,38.9787],[34.4844,38.9994],[34.5062,39.0093],[34.5624,39.0606],[34.5679,39.0238],[34.6004,39.0145],[34.628,39.0362],[34.6255,39.061],[34.5835,39.0777],[34.5734,39.0655],[34.5212,39.0764],[34.521,39.095],[34.5677,39.1149],[34.5651,39.1391],[34.5929,39.1381],[34.6309,39.1667],[34.5909,39.1857],[34.5941,39.2069],[34.6423,39.2366],[34.6694,39.2382],[34.7032,39.2586],[34.676,39.2859],[34.6742,39.3114],[34.6376,39.3037],[34.5808,39.3294],[34.6715,39.3836],[34.6623,39.4036],[34.6367,39.4146],[34.6067,39.4081],[34.5969,39.4272],[34.4977,39.4674],[34.4941,39.5371],[34.4979,39.5687],[34.477,39.5738],[34.4664,39.6044],[34.4269,39.6377],[34.4662,39.654],[34.4683,39.6755],[34.4072,39.6876],[34.3901,39.6978],[34.311,39.7018],[34.2486,39.7174],[34.1979,39.7802],[34.1696,39.7936],[34.1144,39.7924],[34.0627,39.7881],[33.9985,39.7422],[33.9579,39.7054],[33.9603,39.6762],[33.9067,39.6579],[33.863,39.6053],[33.8551,39.5782],[33.7721,39.5364],[33.7321,39.5282],[33.7299,39.5139],[33.7747,39.5068],[33.7563,39.4782],[33.7311,39.4659],[33.6875,39.5115],[33.6465,39.4849],[33.5865,39.4622],[33.5739,39.4459],[33.5066,39.4175],[33.4478,39.4308],[33.4218,39.3965],[33.4063,39.3652],[33.4563,39.3429],[33.4444,39.3239],[33.4595,39.3021],[33.5061,39.2911],[33.5585,39.2083],[33.6561,39.1586],[33.7076,39.1203],[33.7456,39.1015],[33.7579,39.0764],[33.815,39.0769],[33.8642,39.0625],[33.8852,39.0279]]]}},{"type":"Feature","id":41,"properties":{"plaka":41,"ad":"Kocaeli"},"geometry":{"type":"Polygon","coordinates":[[[29.967,40.5514],[30.0382,40.5781],[30.0466,40.5899],[30.1152,40.6079],[30.1358,40.6295],[30.16,40.6758],[30.1561,40.7115],[30.2517,40.7265],[30.2455,40.7677],[30.2182,40.7981],[30.2172,40.8277],[30.2675,40.866],[30.2404,40.9056],[30.2845,40.9028],[30.2768,40.9681],[30.251,40.9829],[30.2269,41.0153],[30.2573,41.0467],[30.244,41.0852],[30.2816,41.089],[30.3234,41.1229],[30.3322,41.1556],[30.3671,41.1792],[30.3329,41.1949],[30.2797,41.2042],[30.2354,41.1887],[30.2217,41.1594],[30.1974,41.1625],[30.1551,41.1388],[30.1188,41.1434],[30.074,41.1339],[30.0259,41.1399],[29.9904,41.1344],[29.9182,41.1415],[29.915,41.101],[29.8915,41.093],[29.8928,41.0639],[29.8804,41.042],[29.832,41.0147],[29.7537,41.0277],[29.7298,41.0411],[29.6964,41.0226],[29.7184,41.0036],[29.6633,40.9617],[29.605,40.9839],[29.5978,41.0285],[29.5581,41.0392],[29.5018,41.0315],[29.4929,41.0083],[29.5065,40.9881],[29.47,40.9517],[29.4403,40.9438],[29.4394,40.8997],[29.4137,40.879],[29.3801,40.8721],[29.3631,40.8491],[29.363,40.8171],[29.34,40.8107],[29.3628,40.7582],[29.3962,40.7552],[29.4394,40.7715],[29.4905,40.7806],[29.5342,40.7637],[29.5717,40.7666],[29.6109,40.7823],[29.6364,40.7756],[29.6849,40.7785],[29.7446,40.7672],[29.7638,40.7454],[29.8471,40.7504],[29.9139,40.761],[29.9421,40.7478],[29.9367,40.7197],[29.8776,40.7176],[29.868,40.7284],[29.7911,40.722],[29.6442,40.6958],[29.5583,40.6866],[29.539,40.6563],[29.4989,40.6457],[29.5023,40.6173],[29.4942,40.5692],[29.4818,40.564],[29.5003,40.5284],[29.5521,40.5303],[29.59,40.5436],[29.6255,40.5457],[29.7052,40.6118],[29.7333,40.6107],[29.8194,40.5833],[29.8584,40.5842],[29.9026,40.5707],[29.9053,40.5301],[29.967,40.5514]]]}},{"type":"Feature","id":42,"properties":{"plaka":42,"ad":"Konya"},"geometry":{"type":"Polygon","coordinates":[[[31.2586,38.3769],[31.2741,38.3534],[31.3197,38.3079],[31.3272,38.2405],[31.3487,38.2155],[31.3959,38.1902],[31.4711,38.1967],[31.5203,38.1833],[31.5352,38.1335],[31.5224,38.1038],[31.5394,38.031],[31.5167,38.0167],[31.5024,37.9663],[31.439,37.9145],[31.4367,37.883],[31.4569,37.8325],[31.4569,37.7981],[31.4436,37.7658],[31.4228,37.7453],[31.4317,37.7056],[31.3791,37.702],[31.3494,37.6748],[31.293,37.6551],[31.2729,37.6334],[31.3129,37.6102],[31.3345,37.5842],[31.3448,37.5445],[31.3441,37.5031],[31.3319,37.4844],[31.3155,37.4158],[31.3736,37.368],[31.4508,37.3307],[31.4748,37.326],[31.5532,37.2793],[31.6041,37.2881],[31.6347,37.2833],[31.6794,37.3373],[31.7016,37.3437],[31.7273,37.3726],[31.769,37.37],[31.7719,37.3368],[31.842,37.3017],[31.8894,37.2522],[31.9105,37.2479],[31.9386,37.2222],[31.9233,37.2018],[31.9324,37.1669],[31.9652,37.1159],[32.0226,37.0791],[32.0626,37.0416],[32.1387,37.0107],[32.1814,36.9873],[32.271,36.9163],[32.3193,36.8492],[32.3492,36.8155],[32.4344,36.7786],[32.4698,36.7532],[32.5084,36.7514],[32.5522,36.7893],[32.5165,36.8195],[32.5127,36.8678],[32.5283,36.8746],[32.5717,36.847],[32.6043,36.8597],[32.6475,36.8424],[32.6937,36.8466],[32.7529,36.8162],[32.783,36.8345],[32.7837,36.859],[32.8041,36.8918],[32.8007,36.9142],[32.8113,36.9783],[32.7646,37.0398],[32.8005,37.0745],[32.7971,37.1057],[32.8068,37.1358],[32.7797,37.159],[32.7793,37.2017],[32.8133,37.255],[32.8096,37.3122],[32.8265,37.328],[32.9232,37.3928],[32.9699,37.4143],[33.0146,37.4641],[33.123,37.5022],[33.1644,37.5352],[33.2108,37.5365],[33.2582,37.5038],[33.287,37.4954],[33.3324,37.4619],[33.4333,37.4769],[33.5349,37.5007],[33.6696,37.5431],[33.6993,37.5451],[33.7586,37.5617],[33.7496,37.4903],[33.8141,37.4732],[33.8855,37.4652],[33.9244,37.4172],[33.9491,37.4296],[33.9907,37.419],[33.9992,37.387],[34.0297,37.3534],[34.0636,37.349],[34.1239,37.3523],[34.1724,37.3336],[34.2592,37.2467],[34.345,37.3265],[34.3838,37.3316],[34.4311,37.3071],[34.4365,37.3314],[34.4137,37.3645],[34.3952,37.436],[34.338,37.4664],[34.3083,37.4958],[34.3093,37.5364],[34.2972,37.5977],[34.3509,37.6436],[34.3762,37.6735],[34.3767,37.7136],[34.3508,37.7649],[34.2878,37.8465],[34.2568,37.8656],[34.1988,37.8739],[34.1405,37.9267],[34.1232,37.9552],[34.0829,37.9709],[34.0206,37.9606],[33.9943,37.9629],[33.9755,37.9961],[34.0135,38.0184],[34.0521,38.0218],[34.0702,38.0395],[34.0607,38.0614],[33.9975,38.0815],[33.9811,38.1145],[33.9521,38.1253],[33.8493,38.1151],[33.8158,38.0794],[33.779,38.0708],[33.729,38.0984],[33.6826,38.1018],[33.6014,38.0875],[33.5468,38.0552],[33.58,38.0045],[33.5729,37.9933],[33.5007,37.9812],[33.4227,37.9828],[33.3974,38.0292],[33.3364,38.0491],[33.3051,38.0105],[33.2892,38.0329],[33.3096,38.0621],[33.3143,38.094],[33.2881,38.1259],[33.2915,38.1721],[33.2716,38.2081],[33.2688,38.2437],[33.2466,38.2556],[33.2021,38.2437],[33.1712,38.2729],[33.1788,38.2973],[33.2089,38.3199],[33.2106,38.345],[33.2324,38.3848],[33.2528,38.448],[33.3093,38.5078],[33.3173,38.5329],[33.3241,38.606],[33.3237,38.6619],[33.3267,38.7466],[33.3443,38.865],[33.3742,38.9053],[33.3938,38.9691],[33.3897,39.0312],[33.341,39.0941],[33.3056,39.0742],[33.2712,39.0726],[33.2336,39.0825],[33.2122,39.117],[33.1856,39.1209],[33.1464,39.1474],[33.1395,39.1827],[33.1617,39.2182],[33.195,39.237],[33.1847,39.2939],[33.1369,39.2826],[33.1164,39.248],[33.0785,39.2319],[33.0678,39.213],[33.023,39.1959],[33.0018,39.2326],[33.0343,39.2713],[32.9749,39.2916],[32.8992,39.2318],[32.8982,39.2703],[32.8689,39.2543],[32.7902,39.2453],[32.8053,39.1981],[32.828,39.1771],[32.791,39.1265],[32.7329,39.119],[32.6887,39.1046],[32.6201,39.0981],[32.6254,39.075],[32.585,39.0198],[32.5514,39.0395],[32.5137,39.0311],[32.5097,39.006],[32.4491,38.9605],[32.4001,38.9757],[32.3669,39.0267],[32.3296,39.0217],[32.2454,38.987],[32.22,38.9902],[32.2163,39.0108],[32.145,39.0285],[32.1303,39.0102],[32.1318,38.9551],[32.0744,38.9576],[32.0139,38.974],[31.9907,38.9949],[31.9483,39.0077],[31.9279,39.0305],[31.9394,39.0473],[31.9041,39.1103],[31.8599,39.1425],[31.8435,39.1422],[31.8017,39.1314],[31.7718,39.1137],[31.7434,39.0655],[31.7109,39.0526],[31.6852,39.0604],[31.5925,39.0433],[31.596,39.0165],[31.6311,39.0111],[31.6764,39.0199],[31.7278,38.9926],[31.7293,38.9713],[31.7071,38.9605],[31.6812,38.9693],[31.6235,38.969],[31.621,38.9202],[31.5706,38.8641],[31.6034,38.8607],[31.6209,38.8365],[31.6097,38.792],[31.572,38.7458],[31.5406,38.7211],[31.5408,38.6876],[31.5693,38.6707],[31.5778,38.6422],[31.5556,38.6163],[31.4429,38.5463],[31.3422,38.5036],[31.3222,38.4877],[31.3019,38.4395],[31.2735,38.4218],[31.2721,38.3857],[31.2586,38.3769]]]}},{"type":"Feature","id":43,"properties":{"plaka":43,"ad":"Kütahya"},"geometry":{"type":"Polygon","coordinates":[[[30.4462,39.2205],[30.3937,39.271],[30.3934,39.3161],[30.3437,39.3745],[30.3528,39.3976],[30.3883,39.4112],[30.3364,39.4357],[30.3314,39.4567],[30.3401,39.529],[30.3293,39.5391],[30.2617,39.5648],[30.2343,39.5938],[30.2096,39.6541],[30.2084,39.6767],[30.1756,39.6807],[30.1185,39.6751],[30.0603,39.6554],[30.0316,39.6648],[29.982,39.66],[29.94,39.6715],[29.9189,39.6902],[29.8477,39.7115],[29.8152,39.707],[29.7775,39.7182],[29.7299,39.7495],[29.7348,39.79],[29.7776,39.827],[29.7605,39.8678],[29.6468,39.8654],[29.5781,39.8715],[29.5606,39.8789],[29.5089,39.8716],[29.4717,39.8384],[29.4238,39.8269],[29.402,39.7938],[29.3762,39.7903],[29.2644,39.7494],[29.2858,39.7242],[29.2757,39.698],[29.2486,39.6907],[29.2362,39.6539],[29.1964,39.5993],[29.168,39.5938],[29.0682,39.6026],[29.0423,39.6121],[28.9976,39.5987],[28.9979,39.5806],[28.9573,39.5562],[28.9538,39.5395],[28.9238,39.5147],[28.9226,39.4909],[28.9514,39.4589],[28.9503,39.4076],[28.8918,39.4007],[28.8942,39.376],[28.8719,39.3681],[28.8531,39.3417],[28.797,39.3025],[28.7586,39.2846],[28.6644,39.289],[28.6283,39.2791],[28.6186,39.2463],[28.654,39.1944],[28.6325,39.1682],[28.6261,39.1323],[28.6086,39.1101],[28.6658,39.1019],[28.7113,39.0803],[28.7831,39.0777],[28.7942,39.0565],[28.8256,39.0807],[28.9067,39.0714],[28.936,39.0527],[28.94,39.0183],[28.9236,38.9973],[28.9131,38.9577],[28.9377,38.9544],[28.9524,38.9147],[28.969,38.9092],[28.9872,38.868],[29.0229,38.8625],[29.1013,38.8697],[29.1356,38.8654],[29.187,38.8458],[29.217,38.8123],[29.2471,38.7929],[29.2734,38.7921],[29.3276,38.8161],[29.3752,38.8625],[29.3971,38.8715],[29.4445,38.8526],[29.4779,38.8508],[29.5058,38.868],[29.5196,38.9047],[29.5568,38.9017],[29.6399,38.9354],[29.706,38.9177],[29.7657,38.9188],[29.821,38.9078],[29.879,38.916],[29.9184,38.8985],[29.9366,38.8419],[29.9516,38.832],[30.0341,38.822],[30.0638,38.8156],[30.1035,38.8334],[30.1424,38.8861],[30.1921,38.9175],[30.2282,38.9704],[30.2568,38.9766],[30.2677,39.0022],[30.2423,39.0594],[30.268,39.09],[30.2694,39.1138],[30.3081,39.1532],[30.378,39.1535],[30.41,39.179],[30.4462,39.2205]]]}},{"type":"Feature","id":44,"properties":{"plaka":44,"ad":"Malatya"},"geometry":{"type":"Polygon","coordinates":[[[39.1267,38.1867],[39.1065,38.2038],[39.1389,38.2311],[39.1514,38.2993],[39.1131,38.344],[39.0745,38.3433],[39.0062,38.3324],[38.9678,38.3189],[38.9177,38.3557],[38.8945,38.3562],[38.8767,38.3864],[38.8344,38.4098],[38.8338,38.4319],[38.8131,38.4435],[38.7083,38.4157],[38.6522,38.4295],[38.5661,38.4609],[38.5058,38.4643],[38.4686,38.4748],[38.4243,38.5083],[38.3849,38.5253],[38.3574,38.5518],[38.3598,38.6187],[38.3783,38.6496],[38.4125,38.6843],[38.4672,38.6971],[38.4761,38.729],[38.5245,38.7636],[38.5685,38.7536],[38.6039,38.7544],[38.6536,38.7961],[38.6474,38.8202],[38.6072,38.8848],[38.57,38.9227],[38.5992,38.9471],[38.5895,38.97],[38.6068,38.9994],[38.6525,39.0183],[38.6484,39.0395],[38.6698,39.0523],[38.5981,39.113],[38.5376,39.1209],[38.4996,39.143],[38.4684,39.1428],[38.42,39.1205],[38.3624,39.1232],[38.3242,39.1528],[38.2518,39.1378],[38.1617,39.0832],[38.1103,39.0848],[38.0609,39.0964],[37.9921,39.0791],[37.9625,39.0828],[37.9341,39.0683],[37.889,39.0739],[37.8279,39.0897],[37.7783,39.082],[37.7575,39.0403],[37.7836,39.0097],[37.7561,38.9747],[37.7378,38.9719],[37.6889,38.9875],[37.6433,39.0094],[37.613,39.0148],[37.5295,39.0067],[37.5108,39.0349],[37.4807,39.0414],[37.4703,39.0211],[37.5087,38.9633],[37.5361,38.9339],[37.5502,38.9053],[37.5352,38.8472],[37.5583,38.8035],[37.54,38.7633],[37.4886,38.7194],[37.4356,38.7097],[37.4108,38.6817],[37.4025,38.6089],[37.3645,38.593],[37.3195,38.5971],[37.3002,38.5656],[37.3119,38.539],[37.2697,38.5125],[37.269,38.4743],[37.3015,38.4478],[37.3943,38.4237],[37.4692,38.396],[37.536,38.3524],[37.563,38.3508],[37.6033,38.3225],[37.6512,38.3044],[37.6627,38.2609],[37.6805,38.2347],[37.719,38.2195],[37.7519,38.1759],[37.7228,38.1249],[37.6648,38.0791],[37.6373,38.0801],[37.6211,38.0437],[37.5805,38.0378],[37.5737,37.9909],[37.593,37.9747],[37.612,37.9385],[37.6457,37.9537],[37.6983,37.9436],[37.6816,37.9139],[37.725,37.9117],[37.7563,37.9346],[37.7668,37.8876],[37.8595,37.8805],[37.8847,37.8884],[37.9354,37.8805],[37.9661,37.8666],[38.0386,37.8991],[38.0708,37.9363],[38.132,37.9761],[38.1534,38.0052],[38.1338,38.0152],[38.1103,38.0476],[38.1295,38.0932],[38.1593,38.1193],[38.1876,38.1037],[38.1938,38.1408],[38.2229,38.1676],[38.2581,38.1788],[38.282,38.1566],[38.2848,38.133],[38.327,38.1128],[38.3781,38.1187],[38.3958,38.1064],[38.4292,38.1259],[38.4417,38.1751],[38.492,38.1903],[38.4964,38.1582],[38.5668,38.1391],[38.6132,38.0979],[38.6825,38.0509],[38.7318,38.0539],[38.7637,38.0192],[38.7606,37.987],[38.8256,38.0094],[38.8509,38.0354],[38.8994,38.0543],[38.8738,38.0723],[38.933,38.0883],[38.9358,38.0589],[39.0074,38.071],[39.037,38.0836],[39.0687,38.1426],[39.1267,38.1867]]]}},{"type":"Feature","id":45,"properties":{"plaka":45,"ad":"Manisa"},"geometry":{"type":"Polygon","coordinates":[[[28.639,38.0906],[28.6799,38.0944],[28.7301,38.1309],[28.7306,38.1743],[28.7853,38.1826],[28.8695,38.2326],[28.8344,38.309],[28.7973,38.3289],[28.7544,38.3678],[28.8218,38.4449],[28.826,38.4695],[28.8087,38.5019],[28.8037,38.5392],[28.827,38.5767],[28.8234,38.6005],[28.8378,38.6488],[28.8718,38.6988],[28.9367,38.7048],[28.9969,38.7211],[29.0429,38.7481],[29.1356,38.8654],[29.1013,38.8697],[29.0229,38.8625],[28.9872,38.868],[28.969,38.9092],[28.9524,38.9147],[28.9377,38.9544],[28.9131,38.9577],[28.9236,38.9973],[28.94,39.0183],[28.936,39.0527],[28.9067,39.0714],[28.8256,39.0807],[28.7942,39.0565],[28.7831,39.0777],[28.7113,39.0803],[28.6658,39.1019],[28.6086,39.1101],[28.6261,39.1323],[28.6325,39.1682],[28.5986,39.1759],[28.5843,39.1393],[28.5351,39.1315],[28.4501,39.1398],[28.402,39.1268],[28.3621,39.1257],[28.3136,39.0855],[28.2667,39.0764],[28.1939,39.072],[28.1542,39.0824],[28.1434,39.1056],[28.092,39.1271],[28.0705,39.1976],[28.0191,39.2122],[28.0066,39.2292],[27.9557,39.2448],[27.9345,39.2676],[27.942,39.3029],[27.9344,39.3366],[27.8958,39.3463],[27.8442,39.3329],[27.8022,39.3072],[27.7692,39.3209],[27.7473,39.3622],[27.721,39.3619],[27.6848,39.3395],[27.649,39.329],[27.5893,39.3485],[27.5656,39.3458],[27.5087,39.3912],[27.4714,39.4071],[27.4405,39.4028],[27.4,39.371],[27.413,39.3283],[27.4417,39.31],[27.4804,39.2681],[27.4696,39.224],[27.4796,39.1999],[27.4393,39.1577],[27.5054,39.1306],[27.4988,39.1148],[27.5223,39.0914],[27.5224,39.0678],[27.5395,39.0452],[27.5212,39.0217],[27.4715,38.9901],[27.472,38.9497],[27.4548,38.9302],[27.4022,38.9229],[27.3939,38.9428],[27.3463,38.9513],[27.3338,38.9171],[27.3139,38.9266],[27.2784,38.9228],[27.2663,38.9058],[27.2355,38.9067],[27.218,38.8531],[27.1913,38.8787],[27.1687,38.8744],[27.1611,38.8505],[27.1846,38.8212],[27.1129,38.7954],[27.1395,38.7677],[27.1479,38.7443],[27.1867,38.7202],[27.2235,38.7118],[27.2383,38.6491],[27.2349,38.5902],[27.2756,38.5536],[27.3521,38.5338],[27.3846,38.5551],[27.4326,38.5553],[27.4811,38.5216],[27.5138,38.4817],[27.5511,38.4576],[27.5721,38.4579],[27.608,38.4832],[27.6396,38.4929],[27.6539,38.4718],[27.6988,38.4456],[27.7237,38.3654],[27.7613,38.3367],[27.788,38.3414],[27.8179,38.3067],[27.8589,38.308],[27.8876,38.3501],[27.8665,38.379],[27.902,38.4106],[27.9441,38.3965],[27.9601,38.3786],[28.0001,38.3774],[28.048,38.3996],[28.083,38.4069],[28.117,38.3749],[28.1933,38.3477],[28.2509,38.3173],[28.3336,38.314],[28.3719,38.2703],[28.4518,38.2605],[28.4812,38.2517],[28.4928,38.2318],[28.4895,38.2007],[28.4334,38.1758],[28.4637,38.156],[28.4851,38.1226],[28.5282,38.1041],[28.5633,38.1061],[28.639,38.0906]]]}},{"type":"Feature","id":46,"properties":{"plaka":46,"ad":"Kahramanmaraş"},"geometry":{"type":"Polygon","coordinates":[[[36.2607,37.7498],[36.213,37.7158],[36.266,37.6685],[36.2563,37.6286],[36.2608,37.6017],[36.2366,37.5203],[36.2578,37.4561],[36.2627,37.3933],[36.2734,37.3588],[36.3576,37.3636],[36.3672,37.3511],[36.4686,37.3761],[36.4653,37.4141],[36.514,37.4402],[36.5861,37.4118],[36.5247,37.3551],[36.6282,37.3452],[36.6856,37.3641],[36.6697,37.3302],[36.6305,37.2979],[36.6757,37.2632],[36.6931,37.2162],[36.7201,37.2187],[36.7464,37.2369],[36.7715,37.2284],[36.838,37.2434],[36.8544,37.2766],[36.876,37.2912],[36.8958,37.3238],[36.9423,37.3087],[36.9675,37.2929],[36.9689,37.2664],[37.0095,37.2334],[36.9961,37.2046],[37.0056,37.181],[37.0698,37.1949],[37.1119,37.2166],[37.1214,37.2342],[37.1655,37.254],[37.2128,37.2939],[37.2306,37.324],[37.2663,37.3348],[37.2973,37.3229],[37.3373,37.3237],[37.3924,37.3377],[37.4451,37.3708],[37.4545,37.3917],[37.497,37.3973],[37.5329,37.4258],[37.5712,37.4775],[37.6038,37.4835],[37.5814,37.5211],[37.5863,37.5832],[37.5538,37.6104],[37.4942,37.5707],[37.4507,37.574],[37.4484,37.623],[37.436,37.6409],[37.4694,37.6822],[37.4533,37.7482],[37.4836,37.7499],[37.5152,37.7744],[37.5082,37.7948],[37.5122,37.8648],[37.4829,37.882],[37.5357,37.9196],[37.5641,37.9007],[37.6079,37.9214],[37.612,37.9385],[37.593,37.9747],[37.5737,37.9909],[37.5805,38.0378],[37.6211,38.0437],[37.6373,38.0801],[37.6648,38.0791],[37.7228,38.1249],[37.7519,38.1759],[37.719,38.2195],[37.6805,38.2347],[37.6627,38.2609],[37.6512,38.3044],[37.6033,38.3225],[37.563,38.3508],[37.536,38.3524],[37.4692,38.396],[37.3943,38.4237],[37.3015,38.4478],[37.269,38.4743],[37.2697,38.5125],[37.3119,38.539],[37.3002,38.5656],[37.2425,38.5748],[37.1445,38.5743],[37.0638,38.5861],[37.0215,38.5822],[36.9519,38.5664],[36.8806,38.5684],[36.7804,38.5371],[36.7412,38.5219],[36.7155,38.5219],[36.6782,38.4987],[36.6974,38.4686],[36.7245,38.4609],[36.7374,38.4189],[36.6743,38.3928],[36.6073,38.3857],[36.5655,38.3438],[36.5837,38.3119],[36.526,38.2651],[36.5186,38.2472],[36.4835,38.2424],[36.4096,38.2629],[36.3848,38.2269],[36.3889,38.1862],[36.3609,38.1637],[36.348,38.1225],[36.3582,38.1047],[36.3322,38.0676],[36.2654,38.0533],[36.2569,38.0295],[36.2338,38.0139],[36.2057,37.9577],[36.2354,37.9466],[36.2923,37.9066],[36.2555,37.7898],[36.2684,37.7778],[36.2607,37.7498]]]}},{"type":"Feature","id":47,"properties":{"plaka":47,"ad":"Mardin"},"geometry":{"type":"Polygon","coordinates":[[[41.0432,37.7364],[40.9906,37.7042],[40.9575,37.6748],[40.9149,37.6557],[40.8966,37.658],[40.8695,37.6375],[40.8473,37.6489],[40.7649,37.6568],[40.711,37.6809],[40.6827,37.7055],[40.6597,37.6844],[40.6486,37.6557],[40.6725,37.6257],[40.6841,37.5835],[40.6742,37.5337],[40.5624,37.5652],[40.5433,37.5852],[40.4468,37.6039],[40.4436,37.555],[40.3911,37.5495],[40.3209,37.5218],[40.2673,37.5176],[40.216,37.5233],[40.1576,37.5486],[40.1454,37.5612],[40.102,37.5553],[40.0805,37.5373],[39.9951,37.5128],[39.9464,37.5371],[39.8953,37.5064],[39.8913,37.4707],[39.9519,37.4035],[40.0003,37.2786],[40.0089,37.2706],[40.019,37.202],[40.043,37.1933],[40.0729,37.1621],[40.0997,37.1678],[40.0956,37.1354],[40.1358,37.1064],[40.1638,37.0537],[40.1612,37.015],[40.1845,36.9983],[40.1786,36.9774],[40.2385,36.9559],[40.2133,36.9356],[40.2334,36.9114],[40.3574,36.963],[40.3984,37.0078],[40.4191,37.0163],[40.5309,37.0284],[40.5883,37.0616],[40.6187,37.0645],[40.6961,37.104],[40.7565,37.1129],[40.7625,37.1254],[40.8346,37.1065],[40.8494,37.1224],[40.9155,37.1313],[40.9811,37.1163],[41.0127,37.1157],[41.119,37.0944],[41.1636,37.0947],[41.2181,37.0619],[41.237,37.0757],[41.2927,37.0809],[41.5175,37.0779],[41.6063,37.1082],[41.6646,37.1183],[41.668,37.1594],[41.6797,37.1771],[41.673,37.2115],[41.6383,37.2726],[41.6014,37.2498],[41.5666,37.2497],[41.5501,37.2844],[41.5765,37.2943],[41.5768,37.3231],[41.5639,37.3555],[41.6042,37.4256],[41.618,37.4376],[41.6472,37.4042],[41.7067,37.4369],[41.736,37.4213],[41.8224,37.4128],[41.8591,37.3973],[41.8745,37.4118],[41.8465,37.4414],[41.8603,37.4576],[41.8529,37.4995],[41.8382,37.5171],[41.8679,37.5458],[41.8907,37.5545],[41.8972,37.5782],[41.8739,37.6056],[41.838,37.6201],[41.8125,37.6953],[41.8084,37.6718],[41.7722,37.668],[41.7286,37.6828],[41.704,37.6349],[41.6637,37.6208],[41.6313,37.6005],[41.6178,37.5757],[41.5839,37.5565],[41.5679,37.5262],[41.5345,37.5286],[41.4915,37.5042],[41.3597,37.5002],[41.3171,37.5138],[41.2472,37.5099],[41.2212,37.4936],[41.1868,37.4959],[41.1284,37.5414],[41.1082,37.5837],[41.1143,37.5955],[41.0791,37.6525],[41.0432,37.7364]]]}},{"type":"Feature","id":48,"properties":{"plaka":48,"ad":"Muğla"},"geometry":{"type":"Polygon","coordinates":[[[29.7308,36.9589],[29.6748,36.978],[29.6491,36.9805],[29.5826,36.9609],[29.549,36.9351],[29.5309,36.9058],[29.528,36.8753],[29.5002,36.8412],[29.4757,36.8408],[29.4428,36.8237],[29.4281,36.7996],[29.405,36.8006],[29.3733,36.821],[29.3653,36.8463],[29.3452,36.8555],[29.3257,36.8836],[29.3452,36.9261],[29.3201,36.9155],[29.2832,36.9223],[29.2085,36.9096],[29.1939,36.8823],[29.1675,36.8824],[29.1141,36.9179],[29.0978,36.9433],[29.1032,36.9618],[29.1437,36.9828],[29.1232,37.0234],[29.0164,37.069],[28.9482,37.1383],[28.9243,37.1458],[28.8725,37.1457],[28.8425,37.1384],[28.8178,37.1789],[28.7849,37.1963],[28.7823,37.2407],[28.7352,37.2936],[28.7407,37.3238],[28.7173,37.3379],[28.701,37.3657],[28.6441,37.3743],[28.6157,37.4287],[28.6309,37.4623],[28.6138,37.4861],[28.5861,37.472],[28.5228,37.4741],[28.4635,37.4968],[28.467,37.5091],[28.3835,37.5132],[28.3427,37.5292],[28.2779,37.5149],[28.2883,37.575],[28.2505,37.5916],[28.251,37.5365],[28.223,37.53],[28.224,37.4876],[28.169,37.4782],[28.0967,37.4492],[28.0812,37.4667],[28.0405,37.4783],[27.9632,37.4593],[27.939,37.4771],[27.9388,37.4969],[27.8977,37.5005],[27.8888,37.4798],[27.8419,37.476],[27.8284,37.4489],[27.8107,37.4486],[27.7655,37.4794],[27.7734,37.5106],[27.7273,37.5213],[27.6678,37.4906],[27.6221,37.5098],[27.605,37.5352],[27.5691,37.5222],[27.5222,37.5415],[27.4981,37.5279],[27.4909,37.5037],[27.4626,37.5009],[27.444,37.4703],[27.4894,37.4269],[27.4902,37.402],[27.4733,37.3841],[27.4185,37.3608],[27.3827,37.3544],[27.3886,37.3229],[27.4124,37.3051],[27.4433,37.3029],[27.4778,37.3306],[27.4976,37.3167],[27.4715,37.2723],[27.5191,37.277],[27.5335,37.2454],[27.5565,37.2776],[27.6122,37.2594],[27.5872,37.223],[27.5403,37.1855],[27.5396,37.1617],[27.5562,37.1368],[27.4706,37.0805],[27.4452,37.1],[27.43,37.1282],[27.3763,37.1332],[27.368,37.1516],[27.312,37.1384],[27.3193,37.1208],[27.2641,37.0923],[27.2255,37.0584],[27.2492,37.0318],[27.2639,36.9643],[27.3186,36.9777],[27.3426,37.0199],[27.4018,37.0321],[27.4418,37.0202],[27.4645,36.9983],[27.552,36.9821],[27.5738,36.9939],[27.6426,36.9907],[27.6852,37.0037],[27.7257,37.0028],[27.7659,36.9917],[27.7937,37.0054],[27.893,37.0287],[27.9228,37.0307],[27.9454,37.0162],[27.9778,37.0321],[28.0266,37.0218],[28.0783,37.0221],[28.101,37.0348],[28.1701,37.0299],[28.1975,37.0401],[28.2409,37.0385],[28.2754,37.0497],[28.3259,37.0498],[28.3302,37.0344],[28.2677,37.0159],[28.213,36.9925],[28.2023,36.9488],[28.1776,36.9476],[28.1617,36.917],[28.1238,36.938],[28.0743,36.9423],[28.0394,36.9183],[28.0318,36.8978],[28.0542,36.8748],[28.0145,36.8499],[28.0351,36.832],[28.0647,36.8243],[28.0227,36.7888],[27.9822,36.7999],[27.9204,36.7974],[27.8939,36.8104],[27.8579,36.8042],[27.8163,36.8133],[27.7723,36.789],[27.6981,36.7857],[27.6472,36.8072],[27.6088,36.7637],[27.5817,36.7679],[27.5124,36.7506],[27.465,36.7627],[27.4202,36.7409],[27.4219,36.7135],[27.3768,36.704],[27.3745,36.6857],[27.4382,36.6622],[27.4802,36.6524],[27.5163,36.678],[27.5327,36.671],[27.6069,36.6834],[27.6715,36.6597],[27.6757,36.7008],[27.6912,36.7311],[27.7263,36.761],[27.7957,36.7553],[27.8038,36.7637],[27.8603,36.7451],[27.876,36.7577],[27.9111,36.7556],[27.9305,36.7426],[27.9514,36.7603],[27.9932,36.7588],[28.0782,36.7754],[28.1024,36.8028],[28.1316,36.7936],[28.0844,36.748],[28.0883,36.7283],[28.0494,36.7193],[28.0095,36.6978],[27.9742,36.6914],[27.9752,36.6742],[28.024,36.6683],[28.0483,36.6746],[28.0818,36.6611],[28.0954,36.6408],[28.0641,36.605],[27.9632,36.6071],[27.9717,36.5732],[28.0348,36.5628],[28.066,36.5952],[28.0887,36.5824],[28.1459,36.6442],[28.1573,36.6783],[28.2205,36.6972],[28.2509,36.73],[28.2766,36.7367],[28.2329,36.8052],[28.2446,36.8321],[28.2705,36.8531],[28.3025,36.8291],[28.2734,36.8061],[28.2919,36.793],[28.31,36.8176],[28.4068,36.7881],[28.4263,36.8291],[28.3784,36.845],[28.3968,36.8612],[28.4329,36.8589],[28.4634,36.8116],[28.5206,36.7893],[28.5329,36.8105],[28.588,36.8159],[28.6206,36.7915],[28.6126,36.7642],[28.6181,36.734],[28.6645,36.7191],[28.6693,36.6952],[28.7235,36.7055],[28.7873,36.6861],[28.8522,36.638],[28.8245,36.6255],[28.8299,36.605],[28.8577,36.5956],[28.8814,36.6256],[28.851,36.664],[28.8685,36.6921],[28.895,36.6988],[28.9307,36.7464],[28.9712,36.7314],[28.9962,36.7083],[29.0348,36.7059],[29.055,36.682],[29.0887,36.6798],[29.122,36.6477],[29.1157,36.6253],[29.0533,36.6133],[29.0231,36.5825],[29.0474,36.5586],[29.0811,36.5582],[29.1266,36.5408],[29.1223,36.5102],[29.1038,36.4692],[29.1343,36.4285],[29.0996,36.3914],[29.1407,36.3694],[29.19,36.3337],[29.2385,36.319],[29.262,36.2932],[29.3149,36.3205],[29.3164,36.3854],[29.3262,36.4196],[29.3681,36.466],[29.3933,36.4736],[29.4538,36.4616],[29.4893,36.4752],[29.5116,36.5019],[29.6113,36.5651],[29.6243,36.5896],[29.6553,36.6062],[29.6849,36.6527],[29.6953,36.7042],[29.7397,36.7426],[29.7501,36.8033],[29.7671,36.8415],[29.7718,36.879],[29.7605,36.9393],[29.7308,36.9589]]]}},{"type":"Feature","id":49,"properties":{"plaka":49,"ad":"Muş"},"geometry":{"type":"Polygon","coordinates":[[[42.4196,39.5347],[42.384,39.5379],[42.373,39.5061],[42.3259,39.4752],[42.2784,39.4556],[42.2437,39.4494],[42.2125,39.4277],[42.204,39.4069],[42.1793,39.3944],[42.1989,39.3581],[42.2204,39.3404],[42.1984,39.3092],[42.1597,39.3058],[42.1544,39.2899],[42.0647,39.2728],[42.0504,39.2486],[42.0255,39.2526],[41.9894,39.2376],[41.96,39.2112],[41.9159,39.2172],[41.8573,39.2023],[41.8186,39.2089],[41.8012,39.1731],[41.7325,39.1521],[41.6883,39.1603],[41.6182,39.1566],[41.6041,39.1834],[41.6188,39.2141],[41.6104,39.2578],[41.5609,39.2697],[41.4955,39.3103],[41.4598,39.3207],[41.415,39.3534],[41.3693,39.3527],[41.2909,39.3648],[41.2001,39.3616],[41.1676,39.3725],[41.1481,39.3624],[41.1348,39.2919],[41.1433,39.2662],[41.1327,39.2369],[41.1772,39.2242],[41.1901,39.1707],[41.2186,39.1509],[41.2265,39.1245],[41.2555,39.1136],[41.2491,39.0288],[41.2275,39.0301],[41.1888,39.0038],[41.1775,38.9694],[41.1332,38.9446],[41.1094,38.8885],[41.1183,38.8635],[41.1155,38.8113],[41.1588,38.7532],[41.1579,38.7279],[41.1392,38.7146],[41.1118,38.7014],[41.1045,38.6825],[41.1193,38.6632],[41.2573,38.6488],[41.2741,38.6299],[41.2735,38.5958],[41.2929,38.5396],[41.3073,38.5184],[41.3666,38.4833],[41.4155,38.4886],[41.4637,38.5083],[41.4937,38.5509],[41.5071,38.5818],[41.5571,38.5999],[41.6244,38.6079],[41.6583,38.6189],[41.7182,38.6167],[41.7651,38.6046],[41.8488,38.5932],[41.857,38.5792],[41.909,38.5407],[41.9541,38.5696],[41.9367,38.5933],[41.931,38.6343],[41.9987,38.6499],[42.042,38.6713],[42.0306,38.6927],[42.0789,38.71],[42.1158,38.737],[42.0883,38.7784],[42.1121,38.7908],[42.119,38.8362],[42.1657,38.8443],[42.1808,38.876],[42.2396,38.8915],[42.2622,38.8862],[42.2918,38.9295],[42.3331,38.9483],[42.3778,38.9264],[42.422,38.9574],[42.4556,38.9548],[42.5033,38.923],[42.5628,38.9328],[42.6141,38.9203],[42.6326,38.9353],[42.6608,38.9318],[42.6946,38.9576],[42.7122,38.9654],[42.6945,39.0236],[42.7099,39.0776],[42.693,39.125],[42.7019,39.1546],[42.6814,39.1822],[42.6861,39.2203],[42.6639,39.2395],[42.6526,39.2682],[42.6017,39.2766],[42.6256,39.303],[42.5878,39.3528],[42.5563,39.3718],[42.5245,39.3602],[42.5006,39.4219],[42.5126,39.4352],[42.5113,39.4859],[42.4661,39.4781],[42.4196,39.5347]]]}},{"type":"Feature","id":50,"properties":{"plaka":50,"ad":"Nevşehir"},"geometry":{"type":"Polygon","coordinates":[[[34.5006,38.3866],[34.5195,38.3562],[34.57,38.3394],[34.5761,38.315],[34.605,38.2812],[34.6833,38.346],[34.7072,38.3333],[34.7471,38.3308],[34.7859,38.34],[34.8223,38.3293],[34.8359,38.3535],[34.8781,38.3666],[34.8523,38.3819],[34.8518,38.4214],[34.8802,38.4462],[34.9459,38.426],[34.9616,38.4144],[34.9977,38.4154],[35.0057,38.4724],[35.0494,38.4857],[35.1388,38.4699],[35.1664,38.5026],[35.1422,38.5105],[35.1301,38.5519],[35.0923,38.5773],[35.0983,38.6118],[35.0738,38.647],[35.0898,38.6594],[35.0826,38.6839],[35.0954,38.7124],[35.0774,38.7259],[35.0618,38.7646],[35.0161,38.773],[34.9961,38.7925],[34.9663,38.8027],[34.9607,38.8443],[35.0193,38.8649],[35.0041,38.9066],[35.027,38.9244],[35.0495,38.994],[35.0441,39.0337],[35.04,39.0577],[35.004,39.0852],[35.0085,39.1405],[34.9533,39.1473],[34.9366,39.1711],[34.9681,39.2146],[34.9605,39.2491],[34.9231,39.2482],[34.9351,39.3087],[34.9118,39.3386],[34.8693,39.356],[34.8564,39.3203],[34.7978,39.315],[34.7746,39.3045],[34.735,39.3388],[34.6715,39.3836],[34.5808,39.3294],[34.6376,39.3037],[34.6742,39.3114],[34.676,39.2859],[34.7032,39.2586],[34.6694,39.2382],[34.6423,39.2366],[34.5941,39.2069],[34.5909,39.1857],[34.6309,39.1667],[34.5929,39.1381],[34.5651,39.1391],[34.5677,39.1149],[34.521,39.095],[34.5212,39.0764],[34.5734,39.0655],[34.5835,39.0777],[34.6255,39.061],[34.628,39.0362],[34.6004,39.0145],[34.5679,39.0238],[34.5624,39.0606],[34.5062,39.0093],[34.4844,38.9994],[34.487,38.9787],[34.4405,38.9788],[34.4337,38.9346],[34.4151,38.9304],[34.3906,38.8823],[34.3546,38.8492],[34.308,38.8831],[34.2701,38.8993],[34.2473,38.8802],[34.2549,38.8617],[34.2412,38.8325],[34.2827,38.8127],[34.2903,38.7863],[34.2646,38.752],[34.2775,38.7426],[34.2886,38.6994],[34.282,38.6765],[34.2511,38.6571],[34.2403,38.6263],[34.295,38.6119],[34.2978,38.5992],[34.3569,38.5936],[34.4182,38.5498],[34.43,38.4705],[34.4576,38.4272],[34.5006,38.3866]]]}},{"type":"Feature","id":51,"properties":{"plaka":51,"ad":"Niğde"},"geometry":{"type":"Polygon","coordinates":[[[35.3111,37.7176],[35.3046,37.7532],[35.2149,37.7607],[35.1611,37.784],[35.1499,37.8051],[35.1972,37.8629],[35.2094,37.8936],[35.2063,37.9333],[35.2316,38.0607],[35.2212,38.0916],[35.2308,38.1086],[35.2216,38.1353],[35.175,38.1676],[35.1497,38.1613],[35.1314,38.1877],[35.082,38.1592],[35.0387,38.1707],[35.0383,38.2042],[35.0128,38.2091],[35.0082,38.2285],[35.024,38.2729],[35.0082,38.3009],[34.9453,38.3186],[34.9336,38.3396],[34.8781,38.3666],[34.8359,38.3535],[34.8223,38.3293],[34.7859,38.34],[34.7471,38.3308],[34.7072,38.3333],[34.6833,38.346],[34.605,38.2812],[34.5761,38.315],[34.57,38.3394],[34.5195,38.3562],[34.5006,38.3866],[34.439,38.3395],[34.4216,38.3131],[34.4321,38.2937],[34.4369,38.2339],[34.4279,38.2246],[34.3633,38.2267],[34.3202,38.1946],[34.2892,38.1469],[34.275,38.1135],[34.2395,38.1131],[34.166,38.1266],[34.1487,38.0922],[34.09,38.0635],[34.0607,38.0614],[34.0702,38.0395],[34.0521,38.0218],[34.0135,38.0184],[33.9755,37.9961],[33.9943,37.9629],[34.0206,37.9606],[34.0829,37.9709],[34.1232,37.9552],[34.1405,37.9267],[34.1988,37.8739],[34.2568,37.8656],[34.2878,37.8465],[34.3508,37.7649],[34.3767,37.7136],[34.3762,37.6735],[34.3509,37.6436],[34.2972,37.5977],[34.3093,37.5364],[34.3083,37.4958],[34.338,37.4664],[34.3952,37.436],[34.4137,37.3645],[34.4365,37.3314],[34.5429,37.3514],[34.5662,37.3748],[34.6219,37.401],[34.6687,37.4084],[34.6856,37.4257],[34.7175,37.4356],[34.7748,37.4209],[34.7972,37.4316],[34.8021,37.4661],[34.8321,37.4823],[34.8499,37.5147],[34.8475,37.5396],[34.8695,37.5608],[34.8477,37.6087],[34.8796,37.682],[34.9056,37.6948],[34.9365,37.6936],[34.9693,37.6743],[35.0527,37.65],[35.091,37.6496],[35.3111,37.7176]]]}},{"type":"Feature","id":52,"properties":{"plaka":52,"ad":"Ordu"},"geometry":{"type":"Polygon","coordinates":[[[38.116,40.958],[38.0013,40.9806],[37.8789,40.9872],[37.8656,41.0149],[37.8087,41.0256],[37.7755,41.0637],[37.7884,41.1114],[37.7577,41.1199],[37.7044,41.1142],[37.683,41.1303],[37.6549,41.1174],[37.6127,41.0516],[37.594,41.0374],[37.5373,41.0214],[37.5102,41.0278],[37.4792,41.0625],[37.422,41.0793],[37.3846,41.1074],[37.2974,41.1219],[37.2808,41.1465],[37.1699,41.1476],[37.1501,41.1112],[37.1206,41.0958],[37.0725,41.1068],[37.0166,41.1019],[36.989,41.0857],[36.9921,41.0663],[36.9546,41.0401],[36.9817,41.022],[36.9729,41.0058],[36.8848,40.947],[36.8544,40.9468],[36.8549,40.9208],[36.799,40.9209],[36.7023,40.903],[36.6824,40.8869],[36.7126,40.8394],[36.7696,40.8312],[36.7696,40.81],[36.8128,40.781],[36.8509,40.7667],[36.8564,40.7425],[36.8407,40.7121],[36.8662,40.7046],[36.9172,40.7223],[36.9581,40.7167],[36.9941,40.6861],[37.051,40.7059],[37.0886,40.7075],[37.1069,40.7217],[37.1973,40.7228],[37.2032,40.6788],[37.241,40.647],[37.2408,40.6137],[37.2788,40.6008],[37.3405,40.5991],[37.3708,40.5784],[37.3754,40.5552],[37.4168,40.5435],[37.4458,40.5646],[37.463,40.549],[37.544,40.5307],[37.5665,40.5471],[37.6009,40.54],[37.6135,40.5055],[37.6138,40.4579],[37.6654,40.4109],[37.6441,40.3862],[37.6756,40.3733],[37.6731,40.3556],[37.6945,40.3312],[37.7213,40.3258],[37.7585,40.3335],[37.7499,40.3756],[37.7578,40.3917],[37.7926,40.3878],[37.8433,40.3411],[37.8925,40.3755],[37.929,40.4389],[37.9451,40.4802],[37.9716,40.4637],[38.0332,40.5343],[38.0676,40.5526],[38.0742,40.5228],[38.1076,40.5125],[38.0971,40.5729],[38.0354,40.598],[38.032,40.6205],[38.0059,40.6383],[38.0129,40.6725],[37.9866,40.6843],[37.9692,40.736],[38.0197,40.7927],[38.0046,40.8171],[38.0184,40.8839],[38.0382,40.8992],[38.078,40.8997],[38.116,40.958]]]}},{"type":"Feature","id":53,"properties":{"plaka":53,"ad":"Rize"},"geometry":{"type":"Polygon","coordinates":[[[41.2462,41.3235],[41.2054,41.2984],[41.1527,41.283],[41.1257,41.2573],[41.0681,41.2203],[40.9307,41.1766],[40.8616,41.1863],[40.8281,41.1773],[40.7628,41.1333],[40.7224,41.089],[40.6475,41.0692],[40.5499,41.03],[40.5066,41.0401],[40.3612,41.0164],[40.3298,40.9884],[40.3529,40.967],[40.3798,40.9675],[40.4148,40.9323],[40.4219,40.9013],[40.4753,40.8555],[40.4186,40.8051],[40.4307,40.7656],[40.4186,40.7446],[40.442,40.7317],[40.4778,40.737],[40.5075,40.7146],[40.4802,40.6632],[40.437,40.622],[40.4411,40.5995],[40.4649,40.5831],[40.4762,40.5285],[40.5046,40.516],[40.5493,40.5479],[40.5739,40.5555],[40.5871,40.5527],[40.6569,40.5706],[40.6761,40.5935],[40.7163,40.6055],[40.7771,40.5918],[40.8274,40.573],[40.862,40.5921],[40.8689,40.6111],[40.8326,40.6624],[40.8883,40.7125],[40.8747,40.7355],[40.9385,40.7371],[40.9758,40.7626],[41.008,40.76],[41.0583,40.7691],[41.1211,40.7968],[41.1293,40.8257],[41.1513,40.8665],[41.2012,40.9075],[41.2452,40.9797],[41.3116,41.0095],[41.3514,41.0562],[41.3758,41.1208],[41.3686,41.1458],[41.3438,41.1725],[41.3342,41.2157],[41.2872,41.2499],[41.2462,41.3235]]]}},{"type":"Feature","id":54,"properties":{"plaka":54,"ad":"Sakarya"},"geometry":{"type":"Polygon","coordinates":[[[30.588,40.2861],[30.5667,40.3087],[30.5791,40.3709],[30.5741,40.3872],[30.5798,40.4499],[30.5902,40.4709],[30.6386,40.5073],[30.6853,40.4989],[30.7904,40.5079],[30.8656,40.519],[30.8751,40.5709],[30.8705,40.5986],[30.9186,40.6599],[30.9356,40.6836],[30.9381,40.7127],[30.8924,40.7293],[30.8923,40.7452],[30.8302,40.7514],[30.8395,40.8045],[30.8781,40.8187],[30.8684,40.8406],[30.8817,40.8621],[30.8646,40.8773],[30.8238,40.8839],[30.8331,40.9103],[30.8993,40.9167],[30.9161,40.9537],[30.9627,40.986],[30.9948,41.0308],[30.9675,41.0748],[30.9107,41.0735],[30.7578,41.0857],[30.6498,41.128],[30.5009,41.145],[30.425,41.1614],[30.3671,41.1792],[30.3322,41.1556],[30.3234,41.1229],[30.2816,41.089],[30.244,41.0852],[30.2573,41.0467],[30.2269,41.0153],[30.251,40.9829],[30.2768,40.9681],[30.2845,40.9028],[30.2404,40.9056],[30.2675,40.866],[30.2172,40.8277],[30.2182,40.7981],[30.2455,40.7677],[30.2517,40.7265],[30.1561,40.7115],[30.16,40.6758],[30.1358,40.6295],[30.1152,40.6079],[30.0466,40.5899],[30.0382,40.5781],[29.967,40.5514],[29.992,40.5163],[29.9772,40.5013],[30.0114,40.4302],[30.0387,40.4212],[30.0739,40.4476],[30.1504,40.3616],[30.2205,40.3371],[30.2248,40.352],[30.307,40.3812],[30.3622,40.3773],[30.4272,40.3941],[30.4744,40.3834],[30.4812,40.3443],[30.4721,40.332],[30.5115,40.2957],[30.5606,40.2952],[30.588,40.2861]]]}},{"type":"Feature","id":55,"properties":{"plaka":55,"ad":"Samsun"},"geometry":{"type":"Polygon","coordinates":[[[36.427,40.8654],[36.5194,40.879],[36.5913,40.9064],[36.6578,40.9014],[36.6824,40.8869],[36.7023,40.903],[36.799,40.9209],[36.8549,40.9208],[36.8544,40.9468],[36.8848,40.947],[36.9729,41.0058],[36.9817,41.022],[36.9546,41.0401],[36.9921,41.0663],[36.989,41.0857],[37.0166,41.1019],[37.0725,41.1068],[37.1206,41.0958],[37.1501,41.1112],[37.1699,41.1476],[37.1322,41.1505],[37.0606,41.1717],[37.0257,41.197],[37.0247,41.2599],[36.9979,41.2839],[36.9417,41.3054],[36.8801,41.336],[36.797,41.3557],[36.6839,41.3685],[36.6579,41.3824],[36.6218,41.3662],[36.5615,41.2863],[36.4897,41.2496],[36.4507,41.245],[36.401,41.25],[36.3365,41.2961],[36.3319,41.3239],[36.2894,41.3324],[36.2417,41.3538],[36.1311,41.4622],[36.1191,41.4961],[36.1325,41.5541],[36.1148,41.6249],[36.0671,41.68],[35.9793,41.7225],[35.9487,41.7317],[35.7914,41.6773],[35.6516,41.6413],[35.5962,41.6337],[35.5387,41.6327],[35.4718,41.6464],[35.4121,41.6842],[35.3854,41.6504],[35.3571,41.6358],[35.3554,41.6167],[35.3146,41.5919],[35.3351,41.5542],[35.3602,41.5385],[35.3569,41.5121],[35.3749,41.4766],[35.4048,41.4708],[35.447,41.4106],[35.4357,41.3968],[35.4732,41.3428],[35.4376,41.3139],[35.3698,41.3474],[35.3549,41.3395],[35.3844,41.2824],[35.4002,41.2744],[35.3586,41.2442],[35.3066,41.2339],[35.1916,41.267],[35.1952,41.3047],[35.1496,41.3229],[35.1304,41.3613],[35.0753,41.3292],[35.0307,41.3327],[35.018,41.3433],[34.9288,41.3121],[34.9276,41.2797],[34.8875,41.2725],[34.8787,41.2569],[34.927,41.2235],[34.9299,41.1993],[34.9566,41.198],[34.9619,41.1657],[34.9826,41.1478],[34.9692,41.1247],[34.923,41.0992],[34.9871,41.0813],[35.0439,41.083],[35.0814,41.076],[35.2106,41.0759],[35.2408,41.045],[35.3396,41.0361],[35.3583,41.0053],[35.4462,41.0203],[35.466,40.9914],[35.5016,40.9596],[35.5737,40.9401],[35.6267,40.9366],[35.6466,40.8934],[35.6946,40.8637],[35.7338,40.8798],[35.7625,40.8737],[35.7889,40.8863],[35.806,40.8718],[35.8644,40.87],[36.0232,40.8221],[36.0751,40.8404],[36.0963,40.8583],[36.0934,40.8834],[36.1196,40.9009],[36.1619,40.8908],[36.1998,40.9811],[36.2354,40.9765],[36.2708,40.9838],[36.3415,40.975],[36.3508,40.9408],[36.374,40.9394],[36.427,40.8654]]]}},{"type":"Feature","id":56,"properties":{"plaka":56,"ad":"Siirt"},"geometry":{"type":"Polygon","coordinates":[[[41.8125,37.6953],[41.874,37.6828],[41.9484,37.6451],[41.9959,37.6257],[42.0951,37.6213],[42.1475,37.6302],[42.1537,37.6067],[42.1995,37.6012],[42.2479,37.5818],[42.2794,37.6026],[42.2639,37.642],[42.3022,37.6348],[42.324,37.6604],[42.3529,37.6669],[42.3625,37.7098],[42.3906,37.7118],[42.4219,37.6922],[42.463,37.7167],[42.5293,37.7267],[42.5849,37.7192],[42.7782,37.6787],[42.8407,37.6597],[42.8845,37.7669],[42.8654,37.7994],[42.8393,37.8242],[42.8045,37.8917],[42.7702,37.936],[42.7439,37.9442],[42.736,37.9991],[42.6833,38.0305],[42.6542,38.0167],[42.6495,37.9943],[42.5483,37.9692],[42.5019,37.9816],[42.4835,37.9995],[42.4896,38.0203],[42.4404,38.0569],[42.3915,38.0691],[42.3718,38.1048],[42.2871,38.1194],[42.2363,38.1802],[42.246,38.2326],[42.2233,38.2367],[42.1709,38.2228],[42.1163,38.2167],[42.0407,38.1731],[41.954,38.1633],[41.9149,38.1898],[41.8546,38.1913],[41.824,38.2028],[41.7853,38.2357],[41.6828,38.2437],[41.6607,38.2673],[41.631,38.2273],[41.6436,38.1872],[41.6408,38.1452],[41.6074,38.1108],[41.6097,38.0839],[41.574,38.0789],[41.5469,38.0611],[41.537,38.0202],[41.5222,38.0098],[41.495,38.0401],[41.4004,37.9853],[41.3634,37.9733],[41.3692,37.9476],[41.4006,37.9324],[41.4399,37.8972],[41.5226,37.8623],[41.5901,37.8806],[41.6063,37.8713],[41.6448,37.8804],[41.6806,37.8616],[41.7028,37.831],[41.6824,37.7876],[41.6729,37.7465],[41.7024,37.7156],[41.7407,37.7318],[41.7774,37.7319],[41.8101,37.7146],[41.8125,37.6953]]]}},{"type":"Feature","id":57,"properties":{"plaka":57,"ad":"Sinop"},"geometry":{"type":"Polygon","coordinates":[[[34.8787,41.2569],[34.8875,41.2725],[34.9276,41.2797],[34.9288,41.3121],[35.018,41.3433],[35.0307,41.3327],[35.0753,41.3292],[35.1304,41.3613],[35.1496,41.3229],[35.1952,41.3047],[35.1916,41.267],[35.3066,41.2339],[35.3586,41.2442],[35.4002,41.2744],[35.3844,41.2824],[35.3549,41.3395],[35.3698,41.3474],[35.4376,41.3139],[35.4732,41.3428],[35.4357,41.3968],[35.447,41.4106],[35.4048,41.4708],[35.3749,41.4766],[35.3569,41.5121],[35.3602,41.5385],[35.3351,41.5542],[35.3146,41.5919],[35.3554,41.6167],[35.3571,41.6358],[35.3854,41.6504],[35.4121,41.6842],[35.3934,41.6857],[35.2765,41.716],[35.265,41.7375],[35.2111,41.765],[35.1797,41.8158],[35.1319,41.8558],[35.0889,41.93],[35.113,42.0027],[35.1411,42.0237],[35.2045,42.0125],[35.1895,42.041],[35.1443,42.0266],[35.0861,42.0253],[35.0467,42.0399],[35.0435,42.0685],[35.0113,42.0895],[34.9668,42.0962],[34.9073,42.0244],[34.8276,41.9671],[34.7994,41.9548],[34.7331,41.9452],[34.623,41.9415],[34.5951,41.9494],[34.5451,41.9489],[34.4764,41.9659],[34.4282,41.963],[34.395,41.9525],[34.3002,41.9407],[34.2282,41.9547],[34.2237,41.9385],[34.2509,41.897],[34.2897,41.8566],[34.2773,41.8354],[34.2894,41.8076],[34.2735,41.7631],[34.2544,41.7372],[34.3099,41.7465],[34.3728,41.737],[34.4084,41.7387],[34.4585,41.7282],[34.5128,41.7365],[34.5508,41.7037],[34.5973,41.6793],[34.6068,41.6544],[34.5992,41.612],[34.5793,41.6036],[34.5384,41.5441],[34.4905,41.5285],[34.4308,41.4905],[34.4527,41.4608],[34.4496,41.4252],[34.4734,41.3991],[34.4833,41.3509],[34.5332,41.3],[34.5623,41.2958],[34.6026,41.3041],[34.7082,41.2994],[34.7267,41.2494],[34.7887,41.2379],[34.8436,41.2075],[34.8724,41.2278],[34.8787,41.2569]]]}},{"type":"Feature","id":58,"properties":{"plaka":58,"ad":"Sivas"},"geometry":{"type":"Polygon","coordinates":[[[38.7722,40.0671],[38.7265,40.0898],[38.6706,40.0817],[38.6602,40.1074],[38.5615,40.0946],[38.5568,40.1135],[38.51,40.1199],[38.5345,40.1533],[38.4468,40.163],[38.4411,40.1301],[38.4152,40.1232],[38.4036,40.1473],[38.3757,40.1473],[38.3015,40.1855],[38.2075,40.2164],[38.165,40.2215],[38.1996,40.2671],[38.1474,40.3495],[38.1586,40.3604],[38.1533,40.3996],[38.1721,40.4339],[38.174,40.4885],[38.1904,40.509],[38.1596,40.5248],[38.1289,40.5042],[38.1076,40.5125],[38.0742,40.5228],[38.0676,40.5526],[38.0332,40.5343],[37.9716,40.4637],[37.9451,40.4802],[37.929,40.4389],[37.8925,40.3755],[37.8433,40.3411],[37.7926,40.3878],[37.7578,40.3917],[37.7499,40.3756],[37.7585,40.3335],[37.7213,40.3258],[37.6945,40.3312],[37.6731,40.3556],[37.6756,40.3733],[37.6441,40.3862],[37.6213,40.3883],[37.5941,40.3442],[37.5927,40.3203],[37.5434,40.2876],[37.5176,40.2569],[37.4542,40.2407],[37.4328,40.2233],[37.4604,40.1968],[37.4456,40.1687],[37.3648,40.1742],[37.3483,40.2036],[37.2227,40.2196],[37.1934,40.2348],[37.0806,40.2357],[37.076,40.1963],[37.0048,40.2258],[36.944,40.2092],[36.9042,40.2068],[36.8693,40.2359],[36.7696,40.2215],[36.7424,40.146],[36.7012,40.123],[36.6823,40.0954],[36.6479,40.078],[36.6392,40.06],[36.6601,40.0418],[36.6584,40.0023],[36.5122,39.9572],[36.44,39.9667],[36.3929,39.979],[36.2986,39.9718],[36.226,39.9521],[36.2181,39.935],[36.1548,39.937],[36.1345,39.9302],[36.1508,39.895],[36.0808,39.9007],[36.0669,39.9317],[36.0087,39.9268],[35.978,39.9517],[35.9863,39.9131],[36.0007,39.8915],[36.0732,39.8657],[36.0752,39.8359],[36.0463,39.7821],[36.0935,39.729],[36.1188,39.7152],[36.1546,39.7114],[36.1683,39.6956],[36.1432,39.6546],[36.1548,39.603],[36.1468,39.5676],[36.1294,39.5388],[36.1045,39.5221],[36.0611,39.5083],[36.0197,39.5073],[35.9419,39.5434],[35.9062,39.5414],[35.868,39.513],[35.8596,39.4592],[35.8697,39.4118],[35.8864,39.3931],[35.8565,39.3223],[35.8755,39.2911],[35.91,39.2675],[35.9222,39.2377],[35.9451,39.2297],[35.9465,39.2052],[35.9797,39.1823],[35.967,39.1686],[35.9817,39.142],[36.01,39.1483],[36.0419,39.1374],[36.121,39.0859],[36.1655,39.0923],[36.2043,39.0854],[36.2288,39.0669],[36.2597,39.0685],[36.263,39.0954],[36.3066,39.0931],[36.3415,39.0618],[36.3724,39.0901],[36.413,39.0956],[36.405,39.1221],[36.4196,39.1374],[36.451,39.125],[36.4672,39.0889],[36.4871,39.0742],[36.5091,39.1074],[36.5668,39.1114],[36.5909,39.1007],[36.6195,39.1168],[36.6511,39.1702],[36.7006,39.1634],[36.7361,39.1713],[36.7496,39.139],[36.768,39.1353],[36.7706,39.1023],[36.8408,39.119],[36.8468,39.0989],[36.888,39.0776],[36.8796,39.0425],[36.9357,38.9952],[36.925,38.9787],[36.9598,38.9577],[36.9538,38.9358],[36.9148,38.9422],[36.8987,38.9148],[36.8494,38.8978],[36.8604,38.8541],[36.7924,38.8003],[36.8006,38.7551],[36.7577,38.7518],[36.7357,38.7414],[36.7327,38.7142],[36.7642,38.7058],[36.7486,38.6709],[36.7891,38.6551],[36.7968,38.6311],[36.78,38.6014],[36.7309,38.5846],[36.7804,38.5371],[36.8806,38.5684],[36.9519,38.5664],[37.0215,38.5822],[37.0638,38.5861],[37.1445,38.5743],[37.2425,38.5748],[37.3002,38.5656],[37.3195,38.5971],[37.3645,38.593],[37.4025,38.6089],[37.4108,38.6817],[37.4356,38.7097],[37.4886,38.7194],[37.54,38.7633],[37.5583,38.8035],[37.5352,38.8472],[37.5502,38.9053],[37.5361,38.9339],[37.5087,38.9633],[37.4703,39.0211],[37.4807,39.0414],[37.5108,39.0349],[37.5295,39.0067],[37.613,39.0148],[37.6433,39.0094],[37.6889,38.9875],[37.7378,38.9719],[37.7561,38.9747],[37.7836,39.0097],[37.7575,39.0403],[37.7783,39.082],[37.8279,39.0897],[37.889,39.0739],[37.9341,39.0683],[37.9625,39.0828],[37.9921,39.0791],[38.0609,39.0964],[38.1103,39.0848],[38.1617,39.0832],[38.2518,39.1378],[38.3242,39.1528],[38.3617,39.2182],[38.3679,39.2515],[38.3658,39.3036],[38.3299,39.3391],[38.3397,39.3717],[38.3947,39.4095],[38.3787,39.4448],[38.3001,39.4912],[38.2773,39.5348],[38.3437,39.5808],[38.3156,39.6455],[38.343,39.6871],[38.363,39.7315],[38.3566,39.7638],[38.4029,39.7805],[38.4515,39.8267],[38.4316,39.8588],[38.4067,39.8708],[38.3897,39.8987],[38.3975,39.933],[38.4581,39.9857],[38.5499,39.9568],[38.6434,40.003],[38.6867,40.0099],[38.7087,39.9877],[38.763,40.0149],[38.7722,40.0671]]]}},{"type":"Feature","id":59,"properties":{"plaka":59,"ad":"Tekirdağ"},"geometry":{"type":"Polygon","coordinates":[[[26.9071,40.5383],[26.9956,40.5559],[27.0331,40.5935],[27.0657,40.6051],[27.1274,40.6108],[27.1783,40.6274],[27.1886,40.6404],[27.3091,40.7027],[27.3361,40.7563],[27.3928,40.807],[27.4555,40.8461],[27.4625,40.8941],[27.4902,40.9476],[27.5121,40.9745],[27.5853,40.9828],[27.6807,41.0038],[27.7706,41.0124],[27.8421,40.9916],[27.8646,40.9699],[27.9553,40.9641],[27.9791,40.9835],[27.9903,41.0181],[28.0134,41.0343],[27.9766,41.0439],[27.9724,41.1117],[27.9843,41.162],[28.0136,41.1623],[28.0184,41.197],[27.9983,41.2224],[28.0155,41.2523],[28.0561,41.2669],[28.0767,41.2879],[28.0779,41.3211],[28.1102,41.4286],[28.1112,41.4658],[28.0703,41.5089],[28.1195,41.5342],[28.118,41.5634],[28.1443,41.5906],[28.0999,41.5911],[28.0638,41.5822],[28.0433,41.603],[28.0149,41.5886],[28.0124,41.5614],[27.9483,41.5712],[27.9433,41.5437],[27.8834,41.4808],[27.8548,41.4814],[27.8279,41.5068],[27.7756,41.4836],[27.7622,41.4603],[27.6707,41.4527],[27.649,41.4241],[27.6186,41.4287],[27.5857,41.3897],[27.6062,41.3692],[27.5779,41.3413],[27.5908,41.2859],[27.5693,41.249],[27.5206,41.2544],[27.4946,41.2361],[27.4616,41.2356],[27.4397,41.2171],[27.4156,41.2286],[27.3698,41.2225],[27.3393,41.2386],[27.274,41.2861],[27.2576,41.3118],[27.1905,41.3426],[27.1244,41.2762],[27.0625,41.2693],[27.1082,41.3114],[27.0758,41.3427],[27.0087,41.3472],[26.9727,41.3608],[26.968,41.3196],[26.9337,41.3094],[26.9231,41.2789],[26.9542,41.2563],[26.9599,41.23],[26.93,41.2199],[26.9517,41.1777],[26.8965,41.1493],[26.8898,41.1359],[26.8127,41.0948],[26.7944,41.066],[26.7078,41.0746],[26.6933,41.0476],[26.7444,41.0184],[26.7189,40.9623],[26.7503,40.9331],[26.7224,40.9169],[26.7117,40.88],[26.742,40.8608],[26.7496,40.821],[26.8111,40.7521],[26.8049,40.7266],[26.8414,40.7246],[26.8576,40.7422],[26.9677,40.7607],[27.0202,40.7528],[27.0399,40.7249],[27.0145,40.6839],[26.9519,40.6619],[26.9113,40.6266],[26.9033,40.5898],[26.9071,40.5383]]]}},{"type":"Feature","id":60,"properties":{"plaka":60,"ad":"Tokat"},"geometry":{"type":"Polygon","coordinates":[[[35.4326,40.2427],[35.4602,40.2192],[35.491,40.2078],[35.5095,40.1756],[35.4891,40.1399],[35.5701,40.1193],[35.6442,40.1137],[35.6538,40.0957],[35.6993,40.0688],[35.7596,40.0756],[35.7672,40.0963],[35.8148,40.101],[35.8367,40.0935],[35.9275,40.1072],[35.9438,40.1015],[36.0192,40.1099],[36.0273,40.0827],[35.9873,40.0759],[35.9439,40.0511],[35.942,40.0167],[35.978,39.9517],[36.0087,39.9268],[36.0669,39.9317],[36.0808,39.9007],[36.1508,39.895],[36.1345,39.9302],[36.1548,39.937],[36.2181,39.935],[36.226,39.9521],[36.2986,39.9718],[36.3929,39.979],[36.44,39.9667],[36.5122,39.9572],[36.6584,40.0023],[36.6601,40.0418],[36.6392,40.06],[36.6479,40.078],[36.6823,40.0954],[36.7012,40.123],[36.7424,40.146],[36.7696,40.2215],[36.8693,40.2359],[36.9042,40.2068],[36.944,40.2092],[37.0048,40.2258],[37.076,40.1963],[37.0806,40.2357],[37.1934,40.2348],[37.2227,40.2196],[37.3483,40.2036],[37.3648,40.1742],[37.4456,40.1687],[37.4604,40.1968],[37.4328,40.2233],[37.4542,40.2407],[37.5176,40.2569],[37.5434,40.2876],[37.5927,40.3203],[37.5941,40.3442],[37.6213,40.3883],[37.6441,40.3862],[37.6654,40.4109],[37.6138,40.4579],[37.6135,40.5055],[37.6009,40.54],[37.5665,40.5471],[37.544,40.5307],[37.463,40.549],[37.4458,40.5646],[37.4168,40.5435],[37.3754,40.5552],[37.3708,40.5784],[37.3405,40.5991],[37.2788,40.6008],[37.2408,40.6137],[37.241,40.647],[37.2032,40.6788],[37.1973,40.7228],[37.1069,40.7217],[37.0886,40.7075],[37.051,40.7059],[36.9941,40.6861],[36.9581,40.7167],[36.9172,40.7223],[36.8662,40.7046],[36.8407,40.7121],[36.8564,40.7425],[36.8509,40.7667],[36.8128,40.781],[36.7696,40.81],[36.7696,40.8312],[36.7126,40.8394],[36.6824,40.8869],[36.6578,40.9014],[36.5913,40.9064],[36.5194,40.879],[36.427,40.8654],[36.411,40.8384],[36.4154,40.8127],[36.4418,40.7956],[36.5122,40.7705],[36.476,40.758],[36.4405,40.757],[36.397,40.7328],[36.3987,40.6758],[36.3096,40.5929],[36.285,40.5629],[36.2928,40.5454],[36.2417,40.5038],[36.1956,40.4853],[36.1381,40.4731],[36.1006,40.4433],[36.0702,40.4591],[36.014,40.468],[36.0115,40.4885],[35.9806,40.4977],[35.8297,40.4933],[35.8246,40.4459],[35.8058,40.4245],[35.7795,40.4189],[35.7388,40.4261],[35.714,40.3885],[35.7084,40.3642],[35.6606,40.3551],[35.6261,40.3396],[35.5217,40.3105],[35.4447,40.2599],[35.4326,40.2427]]]}},{"type":"Feature","id":61,"properties":{"plaka":61,"ad":"Trabzon"},"geometry":{"type":"Polygon","coordinates":[[[40.4762,40.5285],[40.4649,40.5831],[40.4411,40.5995],[40.437,40.622],[40.4802,40.6632],[40.5075,40.7146],[40.4778,40.737],[40.442,40.7317],[40.4186,40.7446],[40.4307,40.7656],[40.4186,40.8051],[40.4753,40.8555],[40.4219,40.9013],[40.4148,40.9323],[40.3798,40.9675],[40.3529,40.967],[40.3298,40.9884],[40.3119,40.9725],[40.2324,40.9288],[40.1454,40.9122],[40.079,40.924],[40.0491,40.954],[39.992,40.9647],[39.9334,40.9555],[39.856,40.9587],[39.7747,41.0036],[39.7144,41.0126],[39.6574,40.9965],[39.5668,41.0247],[39.5564,41.0399],[39.4859,41.0928],[39.4192,41.1077],[39.3278,41.0626],[39.2657,41.0484],[39.2381,41.0517],[39.2076,41.0721],[39.1806,41.0737],[39.1744,41.0499],[39.1405,40.9821],[39.1496,40.9511],[39.1348,40.9088],[39.1544,40.8865],[39.1235,40.8177],[39.1422,40.802],[39.1374,40.7764],[39.1583,40.7275],[39.1779,40.7492],[39.2319,40.7241],[39.2662,40.7199],[39.3294,40.7237],[39.332,40.7008],[39.3786,40.6653],[39.4091,40.6633],[39.434,40.6269],[39.5073,40.6085],[39.579,40.6049],[39.6036,40.6247],[39.6436,40.6226],[39.6789,40.6305],[39.707,40.6201],[39.7296,40.6318],[39.7555,40.675],[39.7715,40.7254],[39.8556,40.7253],[39.8238,40.6731],[39.8424,40.6115],[39.9185,40.606],[39.9195,40.5589],[39.9611,40.5297],[39.9847,40.5475],[40.0188,40.5531],[40.0158,40.5794],[39.9961,40.6107],[39.9912,40.6468],[40.0396,40.6512],[40.0558,40.6252],[40.0902,40.6098],[40.0752,40.5844],[40.1033,40.5415],[40.1272,40.5375],[40.183,40.5684],[40.2062,40.5506],[40.2427,40.5586],[40.2549,40.5196],[40.2773,40.5146],[40.3784,40.5218],[40.4096,40.5135],[40.4593,40.517],[40.4762,40.5285]]]}},{"type":"Feature","id":62,"properties":{"plaka":62,"ad":"Tunceli"},"geometry":{"type":"Polygon","coordinates":[[[40.4038,39.565],[40.3626,39.5901],[40.2896,39.5754],[40.221,39.569],[40.1718,39.5802],[40.1369,39.5647],[40.0633,39.5506],[40.0131,39.5681],[39.8731,39.5891],[39.8368,39.6086],[39.8019,39.615],[39.7888,39.5792],[39.808,39.5311],[39.7209,39.4925],[39.6868,39.4842],[39.625,39.4492],[39.582,39.4412],[39.5424,39.4735],[39.537,39.5165],[39.4934,39.5],[39.4285,39.5016],[39.3299,39.4583],[39.2985,39.4544],[39.2647,39.4885],[39.197,39.4676],[39.1228,39.4683],[39.075,39.4529],[39.0436,39.3841],[38.9803,39.3382],[38.9554,39.3525],[38.9335,39.3242],[38.9062,39.325],[38.8671,39.3479],[38.8316,39.3531],[38.7978,39.3364],[38.7859,39.3012],[38.8039,39.2811],[38.8599,39.2849],[38.8889,39.2699],[38.9394,39.2671],[38.926,39.2394],[38.8623,39.2217],[38.7671,39.2134],[38.7518,39.1839],[38.7735,39.1752],[38.7628,39.1503],[38.734,39.1382],[38.75,39.045],[38.7656,39.0124],[38.7889,38.9969],[38.7919,38.9618],[38.7514,38.9288],[38.7414,38.8864],[38.8128,38.8748],[38.8567,38.8787],[38.9157,38.8939],[39.0042,38.8905],[39.0414,38.8829],[39.0703,38.8895],[39.108,38.8726],[39.1253,38.8763],[39.2053,38.8568],[39.2608,38.8584],[39.2646,38.8438],[39.3108,38.8182],[39.3708,38.8045],[39.3936,38.7732],[39.4287,38.7869],[39.4482,38.7709],[39.4837,38.7632],[39.5067,38.7876],[39.5834,38.8251],[39.5968,38.8115],[39.6457,38.8176],[39.6849,38.7993],[39.7181,38.834],[39.7984,38.8211],[39.7979,38.8482],[39.828,38.8793],[39.8692,38.9086],[39.8678,38.9394],[39.902,39.0086],[39.8631,39.0537],[39.8899,39.0709],[39.9093,39.0972],[39.9346,39.101],[39.9523,39.1217],[39.9468,39.1769],[39.9819,39.208],[39.9925,39.2388],[40.0336,39.2775],[40.0215,39.3101],[40.0422,39.3224],[40.1154,39.3037],[40.1558,39.3468],[40.1917,39.3509],[40.2372,39.3678],[40.2903,39.4451],[40.2821,39.4941],[40.3027,39.5102],[40.3966,39.553],[40.4038,39.565]]]}},{"type":"Feature","id":63,"properties":{"plaka":63,"ad":"Şanlıurfa"},"geometry":{"type":"Polygon","coordinates":[[[38.081,37.4479],[38.0626,37.4291],[38.0283,37.4425],[37.9751,37.435],[37.9634,37.415],[37.9035,37.3595],[37.8742,37.3426],[37.8409,37.2678],[37.8442,37.1792],[37.8757,37.1406],[37.8667,37.0786],[37.9078,37.0443],[37.9442,37.0445],[37.9722,37.0568],[37.9624,36.9995],[37.978,36.9733],[38.0041,36.9624],[38.0099,36.9169],[38.0386,36.8833],[38.0242,36.8558],[38.025,36.8303],[38.0364,36.8607],[38.066,36.8638],[38.164,36.9078],[38.2142,36.9083],[38.2431,36.924],[38.2655,36.9147],[38.3395,36.9001],[38.3907,36.9023],[38.5544,36.8448],[38.5684,36.8258],[38.6368,36.7788],[38.6912,36.7348],[38.7476,36.7068],[38.8907,36.7007],[39.0206,36.7107],[39.0653,36.7052],[39.1286,36.6868],[39.2122,36.6691],[39.3612,36.692],[39.4912,36.7003],[39.5961,36.7232],[39.6405,36.7248],[39.7117,36.7502],[39.8197,36.7564],[39.8609,36.7786],[39.9306,36.7974],[39.9991,36.8225],[40.0312,36.8267],[40.0623,36.8561],[40.1829,36.8777],[40.2334,36.9114],[40.2133,36.9356],[40.2385,36.9559],[40.1786,36.9774],[40.1845,36.9983],[40.1612,37.015],[40.1638,37.0537],[40.1358,37.1064],[40.0956,37.1354],[40.0997,37.1678],[40.0729,37.1621],[40.043,37.1933],[40.019,37.202],[40.0089,37.2706],[40.0003,37.2786],[39.9519,37.4035],[39.8913,37.4707],[39.8953,37.5064],[39.8663,37.5296],[39.8559,37.5626],[39.8354,37.5806],[39.837,37.6337],[39.8287,37.7136],[39.8445,37.731],[39.8123,37.802],[39.8079,37.8485],[39.7739,37.8651],[39.7094,37.8414],[39.6754,37.7959],[39.6261,37.8021],[39.6035,37.8456],[39.5867,37.8565],[39.5429,37.8515],[39.5256,37.8822],[39.4891,37.9097],[39.4027,37.9338],[39.3514,37.9602],[39.3039,37.9603],[39.2511,37.9865],[39.1788,38.006],[39.1554,37.9959],[39.1375,38.018],[39.112,38.018],[39.0592,37.9844],[39.0572,37.9647],[39.0249,37.9166],[38.9737,37.9001],[38.9924,37.8851],[38.9739,37.86],[38.968,37.8222],[38.9542,37.7986],[38.9586,37.753],[38.9053,37.7412],[38.9126,37.7129],[38.8584,37.6926],[38.8269,37.6978],[38.8058,37.6819],[38.8472,37.6628],[38.8474,37.6476],[38.7831,37.6405],[38.7497,37.6272],[38.6942,37.6275],[38.6444,37.6208],[38.615,37.5869],[38.5794,37.5705],[38.5675,37.5508],[38.4994,37.4986],[38.4631,37.4883],[38.4108,37.4897],[38.383,37.4811],[38.3274,37.4902],[38.3055,37.4726],[38.2669,37.4721],[38.2474,37.4435],[38.199,37.4511],[38.1811,37.4102],[38.1178,37.4277],[38.081,37.4479]]]}},{"type":"Feature","id":64,"properties":{"plaka":64,"ad":"Uşak"},"geometry":{"type":"Polygon","coordinates":[[[30.0341,38.822],[29.9516,38.832],[29.9366,38.8419],[29.9184,38.8985],[29.879,38.916],[29.821,38.9078],[29.7657,38.9188],[29.706,38.9177],[29.6399,38.9354],[29.5568,38.9017],[29.5196,38.9047],[29.5058,38.868],[29.4779,38.8508],[29.4445,38.8526],[29.3971,38.8715],[29.3752,38.8625],[29.3276,38.8161],[29.2734,38.7921],[29.2471,38.7929],[29.217,38.8123],[29.187,38.8458],[29.1356,38.8654],[29.0429,38.7481],[28.9969,38.7211],[28.9367,38.7048],[28.8718,38.6988],[28.8378,38.6488],[28.8234,38.6005],[28.827,38.5767],[28.8037,38.5392],[28.8087,38.5019],[28.826,38.4695],[28.8218,38.4449],[28.7544,38.3678],[28.7973,38.3289],[28.8344,38.309],[28.8695,38.2326],[28.9104,38.2481],[28.9415,38.2313],[28.9948,38.2432],[29.045,38.2193],[29.0821,38.2378],[29.1248,38.2351],[29.182,38.2148],[29.1826,38.1858],[29.2068,38.1659],[29.2209,38.1931],[29.2117,38.2134],[29.2309,38.2368],[29.2742,38.27],[29.2981,38.2991],[29.3375,38.3064],[29.3538,38.3222],[29.4157,38.3227],[29.4264,38.3027],[29.4821,38.2728],[29.5307,38.2891],[29.5461,38.2718],[29.6079,38.2547],[29.625,38.3004],[29.6229,38.3527],[29.6457,38.3633],[29.6137,38.3886],[29.6183,38.4209],[29.6566,38.4345],[29.6763,38.4592],[29.7407,38.4656],[29.7972,38.4594],[29.8143,38.4741],[29.832,38.5404],[29.9013,38.6354],[29.9039,38.7088],[29.9509,38.7316],[29.9967,38.736],[30.0156,38.7925],[30.0341,38.822]]]}},{"type":"Feature","id":65,"properties":{"plaka":65,"ad":"Van"},"geometry":{"type":"Polygon","coordinates":[[[43.0008,39.0188],[43.0353,39.0016],[43.0836,38.9204],[43.1598,38.9159],[43.1991,38.8955],[43.1839,38.8291],[43.1346,38.7827],[43.071,38.7608],[43.0264,38.7339],[43.0021,38.7025],[42.9288,38.6238],[42.8787,38.5466],[42.7899,38.4958],[42.753,38.4676],[42.7562,38.4403],[42.7776,38.4115],[42.7946,38.3552],[42.7744,38.3194],[42.7139,38.3285],[42.6843,38.3115],[42.6622,38.3131],[42.6702,38.2675],[42.7089,38.2453],[42.7404,38.2152],[42.7325,38.1893],[42.702,38.1806],[42.6721,38.1439],[42.6721,38.0974],[42.6904,38.0869],[42.6767,38.0464],[42.6833,38.0305],[42.736,37.9991],[42.7439,37.9442],[42.7702,37.936],[42.8045,37.8917],[42.8393,37.8242],[42.8654,37.7994],[42.8845,37.7669],[42.9085,37.7698],[42.9677,37.7553],[43.0778,37.7526],[43.128,37.7425],[43.2111,37.7353],[43.361,37.755],[43.4992,37.7418],[43.5345,37.7423],[43.6247,37.7668],[43.6782,37.7728],[43.7185,37.7703],[43.823,37.7519],[43.8454,37.7517],[43.9034,37.7722],[44.0538,37.8106],[44.0903,37.7774],[44.082,37.7396],[44.0953,37.7201],[44.1321,37.7335],[44.2119,37.7299],[44.3111,37.7773],[44.3507,37.7787],[44.4216,37.8044],[44.3922,37.8279],[44.403,37.8522],[44.3193,37.8771],[44.268,37.8672],[44.2227,37.8882],[44.2346,37.927],[44.2512,37.9434],[44.2407,37.9651],[44.2681,37.9937],[44.2745,38.0161],[44.3013,38.0325],[44.3354,38.0982],[44.3518,38.1048],[44.3686,38.1357],[44.3927,38.1464],[44.3912,38.1677],[44.4117,38.2195],[44.4023,38.252],[44.4783,38.3027],[44.4983,38.3089],[44.4904,38.3579],[44.4728,38.3556],[44.4396,38.3835],[44.4161,38.3692],[44.3748,38.3606],[44.3619,38.3753],[44.33,38.3691],[44.3037,38.3926],[44.3198,38.4086],[44.3053,38.441],[44.3255,38.5021],[44.3093,38.5302],[44.3216,38.5857],[44.3216,38.6241],[44.2814,38.6415],[44.2826,38.675],[44.2609,38.7147],[44.2801,38.7329],[44.2925,38.7642],[44.2865,38.7831],[44.3144,38.8065],[44.2964,38.8411],[44.257,38.8469],[44.2455,38.8702],[44.2114,38.8906],[44.1993,38.9501],[44.173,38.9883],[44.181,39.0107],[44.2117,39.021],[44.1948,39.0405],[44.1909,39.0746],[44.2259,39.095],[44.2136,39.1303],[44.1779,39.1698],[44.1159,39.1887],[44.0941,39.2164],[44.1032,39.2426],[44.0843,39.256],[44.0938,39.2756],[44.0813,39.2941],[44.0732,39.3356],[44.0377,39.3613],[43.983,39.371],[43.9098,39.3492],[43.8528,39.3199],[43.7754,39.25],[43.7345,39.2005],[43.6858,39.2052],[43.6441,39.2003],[43.5773,39.2492],[43.5127,39.3199],[43.4335,39.3555],[43.311,39.3658],[43.2162,39.3312],[43.1864,39.2838],[43.1384,39.1712],[43.0808,39.1457],[43.0819,39.1338],[43.0117,39.0922],[42.9876,39.0484],[43.0008,39.0188]]]}},{"type":"Feature","id":66,"properties":{"plaka":66,"ad":"Yozgat"},"geometry":{"type":"Polygon","coordinates":[[[35.34,40.2551],[35.2846,40.2267],[35.2427,40.1931],[35.1922,40.2043],[35.1722,40.2391],[35.1361,40.2117],[35.157,40.1834],[35.1559,40.151],[35.1847,40.1396],[35.1465,40.1073],[35.1517,40.092],[35.1955,40.0816],[35.1895,40.0554],[35.153,40.0199],[35.1058,40.0261],[35.0698,40.0045],[34.9444,40.0013],[34.9183,39.9872],[34.8886,39.9971],[34.8987,40.0308],[34.8768,40.0491],[34.834,40.0042],[34.7965,39.9938],[34.7548,40.0068],[34.7073,40.0067],[34.683,40.0176],[34.6582,40.0109],[34.6382,39.988],[34.6344,39.9628],[34.5844,39.9436],[34.5417,39.9518],[34.5298,39.9784],[34.4881,39.9796],[34.4635,39.9923],[34.413,39.9952],[34.3804,39.955],[34.3207,39.9394],[34.2498,39.9452],[34.2081,39.9776],[34.1668,39.9379],[34.1187,39.9204],[34.0946,39.8764],[34.0607,39.8352],[34.1144,39.7924],[34.1696,39.7936],[34.1979,39.7802],[34.2486,39.7174],[34.311,39.7018],[34.3901,39.6978],[34.4072,39.6876],[34.4683,39.6755],[34.4662,39.654],[34.4269,39.6377],[34.4664,39.6044],[34.477,39.5738],[34.4979,39.5687],[34.4941,39.5371],[34.4977,39.4674],[34.5969,39.4272],[34.6067,39.4081],[34.6367,39.4146],[34.6623,39.4036],[34.6715,39.3836],[34.735,39.3388],[34.7746,39.3045],[34.7978,39.315],[34.8564,39.3203],[34.8693,39.356],[34.9118,39.3386],[34.9351,39.3087],[34.9231,39.2482],[34.9605,39.2491],[34.9681,39.2146],[34.9366,39.1711],[34.9533,39.1473],[35.0085,39.1405],[35.004,39.0852],[35.04,39.0577],[35.0441,39.0337],[35.0639,39.041],[35.1233,39.0189],[35.1689,39.0221],[35.2255,39.0021],[35.296,38.9964],[35.3536,39.0157],[35.3925,38.986],[35.4065,39.0121],[35.3691,39.0246],[35.415,39.061],[35.471,39.0528],[35.4781,39.0618],[35.4581,39.1103],[35.4348,39.1103],[35.4328,39.1398],[35.4678,39.1767],[35.5436,39.1916],[35.6101,39.1883],[35.6363,39.2178],[35.7304,39.2221],[35.7482,39.2336],[35.7426,39.2738],[35.7828,39.3002],[35.8262,39.3188],[35.8565,39.3223],[35.8864,39.3931],[35.8697,39.4118],[35.8596,39.4592],[35.868,39.513],[35.9062,39.5414],[35.9419,39.5434],[36.0197,39.5073],[36.0611,39.5083],[36.1045,39.5221],[36.1294,39.5388],[36.1468,39.5676],[36.1548,39.603],[36.1432,39.6546],[36.1683,39.6956],[36.1546,39.7114],[36.1188,39.7152],[36.0935,39.729],[36.0463,39.7821],[36.0752,39.8359],[36.0732,39.8657],[36.0007,39.8915],[35.9863,39.9131],[35.978,39.9517],[35.942,40.0167],[35.9439,40.0511],[35.9873,40.0759],[36.0273,40.0827],[36.0192,40.1099],[35.9438,40.1015],[35.9275,40.1072],[35.8367,40.0935],[35.8148,40.101],[35.7672,40.0963],[35.7596,40.0756],[35.6993,40.0688],[35.6538,40.0957],[35.6442,40.1137],[35.5701,40.1193],[35.4891,40.1399],[35.5095,40.1756],[35.491,40.2078],[35.4602,40.2192],[35.4326,40.2427],[35.3624,40.233],[35.34,40.2551]]]}},{"type":"Feature","id":67,"properties":{"plaka":67,"ad":"Zonguldak"},"geometry":{"type":"Polygon","coordinates":[[[32.0951,41.5896],[32.029,41.5743],[32.0022,41.5492],[31.9099,41.5273],[31.8441,41.4997],[31.8291,41.4849],[31.7656,41.4561],[31.7515,41.4417],[31.6053,41.3764],[31.5601,41.3721],[31.5026,41.3552],[31.4223,41.3161],[31.3916,41.2949],[31.4188,41.2799],[31.3996,41.231],[31.4095,41.2131],[31.381,41.1788],[31.3459,41.1546],[31.3418,41.1383],[31.293,41.1158],[31.3275,41.0467],[31.3231,41.0228],[31.3926,41.0201],[31.4406,41.0286],[31.6323,41.051],[31.7903,41.0296],[31.8536,41.0083],[31.927,41.0119],[31.9436,41.0355],[31.9809,41.0463],[31.9919,41.0846],[32.0459,41.1274],[32.0611,41.1617],[32.0897,41.1603],[32.1285,41.2186],[32.1744,41.2474],[32.249,41.2557],[32.2419,41.2863],[32.2841,41.3203],[32.2796,41.3426],[32.2947,41.3842],[32.2799,41.3932],[32.2884,41.4253],[32.2473,41.4553],[32.2216,41.5396],[32.1589,41.5232],[32.1505,41.5495],[32.1191,41.5626],[32.0951,41.5896]]]}},{"type":"Feature","id":68,"properties":{"plaka":68,"ad":"Aksaray"},"geometry":{"type":"Polygon","coordinates":[[[33.3237,38.6619],[33.3241,38.606],[33.3173,38.5329],[33.3093,38.5078],[33.2528,38.448],[33.2324,38.3848],[33.2106,38.345],[33.2089,38.3199],[33.1788,38.2973],[33.1712,38.2729],[33.2021,38.2437],[33.2466,38.2556],[33.2688,38.2437],[33.2716,38.2081],[33.2915,38.1721],[33.2881,38.1259],[33.3143,38.094],[33.3096,38.0621],[33.2892,38.0329],[33.3051,38.0105],[33.3364,38.0491],[33.3974,38.0292],[33.4227,37.9828],[33.5007,37.9812],[33.5729,37.9933],[33.58,38.0045],[33.5468,38.0552],[33.6014,38.0875],[33.6826,38.1018],[33.729,38.0984],[33.779,38.0708],[33.8158,38.0794],[33.8493,38.1151],[33.9521,38.1253],[33.9811,38.1145],[33.9975,38.0815],[34.0607,38.0614],[34.09,38.0635],[34.1487,38.0922],[34.166,38.1266],[34.2395,38.1131],[34.275,38.1135],[34.2892,38.1469],[34.3202,38.1946],[34.3633,38.2267],[34.4279,38.2246],[34.4369,38.2339],[34.4321,38.2937],[34.4216,38.3131],[34.439,38.3395],[34.5006,38.3866],[34.4576,38.4272],[34.43,38.4705],[34.4182,38.5498],[34.3569,38.5936],[34.2978,38.5992],[34.295,38.6119],[34.2403,38.6263],[34.2511,38.6571],[34.282,38.6765],[34.2886,38.6994],[34.2775,38.7426],[34.2646,38.752],[34.2903,38.7863],[34.2827,38.8127],[34.2412,38.8325],[34.1791,38.8199],[34.0804,38.8756],[34.0514,38.946],[34.0355,38.9609],[33.9692,38.9745],[34.0049,39.0274],[33.9698,39.0314],[33.9479,39.0509],[33.8852,39.0279],[33.8478,39.0248],[33.811,38.9832],[33.7842,38.975],[33.7591,38.9864],[33.7205,38.9777],[33.7334,38.9489],[33.7864,38.9101],[33.803,38.8828],[33.7987,38.8576],[33.7671,38.8215],[33.7766,38.7995],[33.7375,38.7496],[33.6967,38.7223],[33.6169,38.6908],[33.5552,38.6757],[33.4422,38.6659],[33.3237,38.6619]]]}},{"type":"Feature","id":69,"properties":{"plaka":69,"ad":"Bayburt"},"geometry":{"type":"Polygon","coordinates":[[[40.1033,40.5415],[40.0686,40.5025],[40.013,40.501],[39.9209,40.4761],[39.8873,40.445],[39.8659,40.4133],[39.8557,40.3801],[39.8265,40.3463],[39.8172,40.3127],[39.8492,40.2766],[39.8537,40.2171],[39.8141,40.1795],[39.75,40.1545],[39.663,40.0968],[39.6827,40.0516],[39.6908,40.0024],[39.7539,39.9688],[39.8047,39.9307],[39.8836,40.0108],[39.9179,40.0364],[40.0208,40.0634],[40.0614,40.0831],[40.1125,40.0761],[40.1175,40.0466],[40.1406,40.0289],[40.1741,40.0378],[40.244,40.0257],[40.3011,40.0323],[40.3507,40.0476],[40.3971,40.0322],[40.4526,40.0251],[40.4894,40.0342],[40.5074,40.0504],[40.5075,40.0756],[40.5421,40.0953],[40.622,40.1062],[40.6693,40.141],[40.7111,40.1527],[40.6675,40.1879],[40.6935,40.2023],[40.6781,40.2275],[40.6398,40.2125],[40.5975,40.2363],[40.5835,40.259],[40.5433,40.2525],[40.5182,40.2802],[40.5376,40.2995],[40.4946,40.3391],[40.4839,40.3621],[40.5448,40.3649],[40.5621,40.3539],[40.5989,40.363],[40.5468,40.4376],[40.565,40.489],[40.5948,40.5137],[40.5739,40.5555],[40.5493,40.5479],[40.5046,40.516],[40.4762,40.5285],[40.4593,40.517],[40.4096,40.5135],[40.3784,40.5218],[40.2773,40.5146],[40.2549,40.5196],[40.2427,40.5586],[40.2062,40.5506],[40.183,40.5684],[40.1272,40.5375],[40.1033,40.5415]]]}},{"type":"Feature","id":70,"properties":{"plaka":70,"ad":"Karaman"},"geometry":{"type":"Polygon","coordinates":[[[32.5585,36.5167],[32.5888,36.5235],[32.6903,36.5173],[32.7796,36.4871],[32.8606,36.4898],[32.9401,36.4519],[33.0125,36.4611],[33.0172,36.492],[33.054,36.5193],[33.0714,36.5558],[33.1257,36.5827],[33.1527,36.5533],[33.1863,36.5304],[33.2202,36.5283],[33.1939,36.5605],[33.1354,36.6088],[33.0771,36.6142],[33.0372,36.6767],[33.038,36.7013],[33.0044,36.7097],[32.9973,36.746],[33.0123,36.7647],[33.0069,36.7865],[32.9843,36.8061],[32.9956,36.8221],[32.9478,36.8305],[32.962,36.8551],[33.0332,36.8622],[33.0635,36.8794],[33.0963,36.8812],[33.1279,36.8422],[33.1528,36.8665],[33.1484,36.8931],[33.1723,36.9184],[33.2171,36.9227],[33.2887,36.9102],[33.3398,36.9273],[33.3636,36.9184],[33.3818,36.9334],[33.4424,36.9305],[33.538,36.9528],[33.5719,37.0139],[33.6411,37.0444],[33.6655,37.0464],[33.7522,37.0244],[33.7975,37.0472],[33.8542,37.0528],[33.8922,37.0669],[33.9478,37.11],[34.0028,37.1289],[34.063,37.1317],[34.1325,37.1075],[34.1719,37.1211],[34.2575,37.1786],[34.2592,37.2467],[34.1724,37.3336],[34.1239,37.3523],[34.0636,37.349],[34.0297,37.3534],[33.9992,37.387],[33.9907,37.419],[33.9491,37.4296],[33.9244,37.4172],[33.8855,37.4652],[33.8141,37.4732],[33.7496,37.4903],[33.7586,37.5617],[33.6993,37.5451],[33.6696,37.5431],[33.5349,37.5007],[33.4333,37.4769],[33.3324,37.4619],[33.287,37.4954],[33.2582,37.5038],[33.2108,37.5365],[33.1644,37.5352],[33.123,37.5022],[33.0146,37.4641],[32.9699,37.4143],[32.9232,37.3928],[32.8265,37.328],[32.8096,37.3122],[32.8133,37.255],[32.7793,37.2017],[32.7797,37.159],[32.8068,37.1358],[32.7971,37.1057],[32.8005,37.0745],[32.7646,37.0398],[32.8113,36.9783],[32.8007,36.9142],[32.8041,36.8918],[32.7837,36.859],[32.783,36.8345],[32.7529,36.8162],[32.6937,36.8466],[32.6475,36.8424],[32.6043,36.8597],[32.5717,36.847],[32.5283,36.8746],[32.5127,36.8678],[32.5165,36.8195],[32.5522,36.7893],[32.5084,36.7514],[32.4698,36.7532],[32.4751,36.7226],[32.4991,36.6596],[32.5188,36.6271],[32.5106,36.6004],[32.5087,36.5473],[32.5188,36.5284],[32.5585,36.5167]]]}},{"type":"Feature","id":71,"properties":{"plaka":71,"ad":"Kırıkkale"},"geometry":{"type":"Polygon","coordinates":[[[33.4218,39.3965],[33.4478,39.4308],[33.5066,39.4175],[33.5739,39.4459],[33.5865,39.4622],[33.6465,39.4849],[33.6875,39.5115],[33.7311,39.4659],[33.7563,39.4782],[33.7747,39.5068],[33.7299,39.5139],[33.7321,39.5282],[33.7721,39.5364],[33.8551,39.5782],[33.863,39.6053],[33.9067,39.6579],[33.9603,39.6762],[33.9579,39.7054],[33.9985,39.7422],[34.0627,39.7881],[34.1144,39.7924],[34.0607,39.8352],[34.0946,39.8764],[34.1187,39.9204],[34.1668,39.9379],[34.2081,39.9776],[34.1645,40.0131],[34.143,40.0427],[34.0902,40.0707],[34.0757,40.1159],[34.0811,40.1456],[34.0616,40.1971],[33.9947,40.1901],[33.9613,40.2548],[33.9311,40.2656],[33.8104,40.2807],[33.7928,40.3251],[33.7581,40.3192],[33.6934,40.3328],[33.659,40.3232],[33.6468,40.2956],[33.6291,40.2834],[33.6101,40.2484],[33.6077,40.2083],[33.5931,40.1781],[33.6341,40.1659],[33.6322,40.1358],[33.5943,40.0891],[33.5264,40.0821],[33.4925,40.054],[33.515,40.0281],[33.5174,39.9874],[33.4864,39.9718],[33.4463,39.9863],[33.4301,39.9561],[33.3945,39.9694],[33.3747,39.9234],[33.3315,39.9138],[33.3037,39.8884],[33.3117,39.8756],[33.2682,39.848],[33.2633,39.8329],[33.2983,39.8218],[33.2672,39.763],[33.2837,39.7479],[33.256,39.7123],[33.1926,39.675],[33.1883,39.6532],[33.2312,39.6432],[33.2618,39.6775],[33.3063,39.6537],[33.328,39.627],[33.3168,39.6017],[33.322,39.5565],[33.3151,39.5226],[33.3541,39.4872],[33.3453,39.4668],[33.3937,39.4564],[33.3966,39.4258],[33.3846,39.4102],[33.4218,39.3965]]]}},{"type":"Feature","id":72,"properties":{"plaka":72,"ad":"Batman"},"geometry":{"type":"Polygon","coordinates":[[[41.3666,38.4833],[41.3025,38.4531],[41.2401,38.4101],[41.2315,38.3671],[41.1971,38.3193],[41.1751,38.2441],[41.2023,38.2328],[41.2261,38.1967],[41.2143,38.1502],[41.218,38.1242],[41.1964,38.0688],[41.1226,37.9751],[41.0577,37.9854],[41.0103,37.979],[41.0138,37.9539],[41.0406,37.9167],[41.017,37.8852],[40.9864,37.8058],[41.028,37.7735],[41.0633,37.7686],[41.0432,37.7364],[41.0791,37.6525],[41.1143,37.5955],[41.1082,37.5837],[41.1284,37.5414],[41.1868,37.4959],[41.2212,37.4936],[41.2472,37.5099],[41.3171,37.5138],[41.3597,37.5002],[41.4915,37.5042],[41.5345,37.5286],[41.5679,37.5262],[41.5839,37.5565],[41.6178,37.5757],[41.6313,37.6005],[41.6637,37.6208],[41.704,37.6349],[41.7286,37.6828],[41.7722,37.668],[41.8084,37.6718],[41.8125,37.6953],[41.8101,37.7146],[41.7774,37.7319],[41.7407,37.7318],[41.7024,37.7156],[41.6729,37.7465],[41.6824,37.7876],[41.7028,37.831],[41.6806,37.8616],[41.6448,37.8804],[41.6063,37.8713],[41.5901,37.8806],[41.5226,37.8623],[41.4399,37.8972],[41.4006,37.9324],[41.3692,37.9476],[41.3634,37.9733],[41.4004,37.9853],[41.495,38.0401],[41.5222,38.0098],[41.537,38.0202],[41.5469,38.0611],[41.574,38.0789],[41.6097,38.0839],[41.6074,38.1108],[41.6408,38.1452],[41.6436,38.1872],[41.631,38.2273],[41.6607,38.2673],[41.6383,38.2973],[41.6413,38.3297],[41.589,38.3542],[41.6114,38.4112],[41.6096,38.4414],[41.6393,38.4727],[41.6671,38.4824],[41.6462,38.5028],[41.5867,38.5103],[41.5631,38.5243],[41.5365,38.5216],[41.4937,38.5509],[41.4637,38.5083],[41.4155,38.4886],[41.3666,38.4833]]]}},{"type":"Feature","id":73,"properties":{"plaka":73,"ad":"Şırnak"},"geometry":{"type":"Polygon","coordinates":[[[43.4992,37.7418],[43.361,37.755],[43.2111,37.7353],[43.128,37.7425],[43.0778,37.7526],[42.9677,37.7553],[42.9085,37.7698],[42.8845,37.7669],[42.8407,37.6597],[42.7782,37.6787],[42.5849,37.7192],[42.5293,37.7267],[42.463,37.7167],[42.4219,37.6922],[42.3906,37.7118],[42.3625,37.7098],[42.3529,37.6669],[42.324,37.6604],[42.3022,37.6348],[42.2639,37.642],[42.2794,37.6026],[42.2479,37.5818],[42.1995,37.6012],[42.1537,37.6067],[42.1475,37.6302],[42.0951,37.6213],[41.9959,37.6257],[41.9484,37.6451],[41.874,37.6828],[41.8125,37.6953],[41.838,37.6201],[41.8739,37.6056],[41.8972,37.5782],[41.8907,37.5545],[41.8679,37.5458],[41.8382,37.5171],[41.8529,37.4995],[41.8603,37.4576],[41.8465,37.4414],[41.8745,37.4118],[41.8591,37.3973],[41.8224,37.4128],[41.736,37.4213],[41.7067,37.4369],[41.6472,37.4042],[41.618,37.4376],[41.6042,37.4256],[41.5639,37.3555],[41.5768,37.3231],[41.5765,37.2943],[41.5501,37.2844],[41.5666,37.2497],[41.6014,37.2498],[41.6383,37.2726],[41.673,37.2115],[41.6797,37.1771],[41.668,37.1594],[41.6646,37.1183],[41.6942,37.1144],[41.7942,37.1284],[41.9299,37.1587],[41.9521,37.1577],[42.0027,37.1815],[42.0349,37.182],[42.094,37.2205],[42.1837,37.2864],[42.207,37.3185],[42.2343,37.2832],[42.2559,37.2719],[42.2811,37.2824],[42.2925,37.2611],[42.3433,37.2298],[42.3206,37.1854],[42.3298,37.1575],[42.3525,37.1303],[42.3515,37.1053],[42.4036,37.1131],[42.4641,37.1422],[42.4949,37.1366],[42.549,37.1488],[42.571,37.1436],[42.6155,37.2004],[42.6176,37.2185],[42.6551,37.2463],[42.661,37.272],[42.6829,37.2709],[42.6933,37.3017],[42.7316,37.3172],[42.7796,37.3754],[42.8258,37.3695],[42.8514,37.3481],[42.8976,37.3287],[42.9567,37.3124],[42.9732,37.3261],[43.0101,37.3324],[43.0344,37.354],[43.0718,37.3665],[43.1433,37.3729],[43.1693,37.3571],[43.2421,37.3451],[43.2692,37.3144],[43.3015,37.3037],[43.3314,37.3271],[43.3419,37.4018],[43.3065,37.4902],[43.316,37.5422],[43.3959,37.5438],[43.4325,37.5909],[43.4755,37.632],[43.4992,37.7418]]]}},{"type":"Feature","id":74,"properties":{"plaka":74,"ad":"Bartın"},"geometry":{"type":"Polygon","coordinates":[[[32.2841,41.3203],[32.3024,41.3074],[32.3408,41.3153],[32.4646,41.3085],[32.4786,41.3601],[32.5906,41.3257],[32.6158,41.3303],[32.6807,41.3266],[32.6965,41.338],[32.6936,41.3729],[32.6448,41.4548],[32.6423,41.4893],[32.6964,41.5295],[32.7233,41.5238],[32.7344,41.5051],[32.7743,41.5046],[32.8058,41.5164],[32.7879,41.5382],[32.8748,41.5756],[32.8722,41.5984],[32.9066,41.6281],[32.9028,41.6525],[32.9188,41.6989],[32.939,41.715],[32.9034,41.7406],[32.8424,41.7247],[32.7846,41.7482],[32.7511,41.8331],[32.7578,41.8486],[32.7163,41.8481],[32.6649,41.8288],[32.5803,41.827],[32.5724,41.8112],[32.5374,41.81],[32.464,41.7734],[32.4304,41.762],[32.4162,41.7391],[32.365,41.7441],[32.3406,41.723],[32.2842,41.7201],[32.2262,41.6819],[32.1795,41.6313],[32.139,41.6008],[32.0951,41.5896],[32.1191,41.5626],[32.1505,41.5495],[32.1589,41.5232],[32.2216,41.5396],[32.2473,41.4553],[32.2884,41.4253],[32.2799,41.3932],[32.2947,41.3842],[32.2796,41.3426],[32.2841,41.3203]]]}},{"type":"Feature","id":75,"properties":{"plaka":75,"ad":"Ardahan"},"geometry":{"type":"Polygon","coordinates":[[[42.3389,40.9321],[42.334,40.8989],[42.3641,40.8954],[42.3571,40.8567],[42.3324,40.8293],[42.3603,40.7924],[42.3936,40.7882],[42.4247,40.8166],[42.4775,40.8217],[42.4982,40.7919],[42.5638,40.7771],[42.5992,40.6935],[42.6202,40.6801],[42.6024,40.6292],[42.6182,40.6447],[42.6707,40.6538],[42.7479,40.6933],[42.7956,40.7068],[42.8514,40.7313],[42.8614,40.81],[42.8938,40.8181],[42.9064,40.8833],[42.9504,40.8773],[42.9726,40.9133],[43.0144,40.9476],[43.0783,40.9751],[43.1501,40.9685],[43.2055,40.9846],[43.2307,41.0022],[43.3142,41.0795],[43.3617,41.0965],[43.4247,41.0698],[43.4683,41.0333],[43.4715,41.0675],[43.4471,41.0988],[43.4741,41.123],[43.4485,41.1764],[43.3674,41.2034],[43.242,41.1746],[43.2015,41.2335],[43.1944,41.254],[43.1471,41.2463],[43.1311,41.2561],[43.2119,41.2898],[43.1892,41.3042],[43.1319,41.3208],[43.1088,41.3495],[43.0216,41.3795],[42.967,41.4515],[42.8994,41.479],[42.8758,41.5023],[42.8584,41.4733],[42.8024,41.4958],[42.7976,41.5172],[42.8293,41.5578],[42.8394,41.5897],[42.7934,41.5883],[42.7746,41.5785],[42.7401,41.5961],[42.6841,41.5998],[42.6009,41.5849],[42.5737,41.558],[42.5648,41.5253],[42.5729,41.5099],[42.5128,41.4721],[42.5202,41.4367],[42.52,41.4075],[42.5911,41.3492],[42.5879,41.3168],[42.5702,41.2601],[42.5016,41.1722],[42.3844,41.1014],[42.3579,41.0787],[42.3763,40.995],[42.3626,40.9553],[42.3389,40.9321]]]}},{"type":"Feature","id":76,"properties":{"plaka":76,"ad":"Iğdır"},"geometry":{"type":"Polygon","coordinates":[[[44.4672,39.6841],[44.6147,39.7825],[44.6478,39.7274],[44.6711,39.7143],[44.7151,39.7143],[44.7876,39.6511],[44.8023,39.6834],[44.753,39.7139],[44.7372,39.7461],[44.7108,39.77],[44.6858,39.7744],[44.5651,39.8698],[44.5542,39.9007],[44.52,39.9209],[44.4814,39.9663],[44.4283,39.9895],[44.3802,40.0035],[44.3518,40.0272],[44.2484,40.0491],[44.1701,40.0275],[44.116,40.0348],[44.0565,40.0275],[43.9941,40.0318],[43.9667,40.0173],[43.8967,40.0214],[43.8235,40.06],[43.7608,40.0838],[43.7277,40.0781],[43.6783,40.0961],[43.6487,40.1312],[43.5956,40.1167],[43.5196,40.1174],[43.4787,40.1057],[43.4353,40.1095],[43.3755,40.1306],[43.3464,40.1177],[43.3425,40.093],[43.3662,40.066],[43.358,40.0439],[43.3316,40.0461],[43.2843,40.0023],[43.3576,39.992],[43.3785,39.9817],[43.3663,39.925],[43.4047,39.871],[43.4031,39.841],[43.418,39.7989],[43.4537,39.771],[43.4925,39.7884],[43.5016,39.8205],[43.53,39.8412],[43.5682,39.835],[43.6089,39.8008],[43.6698,39.7892],[43.7274,39.7708],[43.7709,39.7635],[43.7903,39.7785],[43.838,39.7774],[43.881,39.7578],[43.9764,39.7476],[43.9988,39.7278],[44.045,39.7401],[44.0939,39.7326],[44.1451,39.7401],[44.1778,39.7129],[44.2546,39.6985],[44.295,39.675],[44.4263,39.6609],[44.4672,39.6841]]]}},{"type":"Feature","id":77,"properties":{"plaka":77,"ad":"Yalova"},"geometry":{"type":"Polygon","coordinates":[[[29.4818,40.564],[29.4942,40.5692],[29.5023,40.6173],[29.4989,40.6457],[29.539,40.6563],[29.5583,40.6866],[29.511,40.735],[29.4848,40.7246],[29.457,40.6954],[29.4269,40.6883],[29.3935,40.7021],[29.3694,40.6963],[29.3426,40.6734],[29.2807,40.66],[29.1444,40.6551],[29.1045,40.6433],[29.0536,40.6482],[28.9967,40.6459],[28.966,40.6336],[28.9528,40.614],[28.8917,40.583],[28.8158,40.5642],[28.7936,40.5518],[28.7809,40.5182],[28.8484,40.5061],[28.884,40.4789],[28.9241,40.4658],[28.9702,40.4604],[29.0112,40.4703],[28.995,40.4865],[29.019,40.5703],[29.0619,40.5616],[29.0969,40.5779],[29.1268,40.5686],[29.1765,40.5368],[29.2341,40.522],[29.2565,40.536],[29.3166,40.5314],[29.3475,40.5691],[29.3971,40.5513],[29.4469,40.5419],[29.4572,40.5643],[29.4818,40.564]]]}},{"type":"Feature","id":78,"properties":{"plaka":78,"ad":"Karabük"},"geometry":{"type":"Polygon","coordinates":[[[32.2841,41.3203],[32.2419,41.2863],[32.249,41.2557],[32.1744,41.2474],[32.1285,41.2186],[32.0897,41.1603],[32.0611,41.1617],[32.0459,41.1274],[31.9919,41.0846],[31.9809,41.0463],[32.0279,41.0201],[32.0839,41.0078],[32.1137,41.0106],[32.1188,41.0293],[32.157,41.0304],[32.1713,41.0487],[32.2359,41.0303],[32.3277,41.0266],[32.3719,41.0084],[32.3447,40.967],[32.3666,40.9485],[32.4009,40.9624],[32.4029,40.9267],[32.3261,40.88],[32.331,40.8686],[32.4194,40.8537],[32.4925,40.8827],[32.5197,40.8792],[32.5349,40.8466],[32.572,40.8254],[32.6219,40.842],[32.7501,40.8771],[32.7569,40.9004],[32.7825,40.9311],[32.7862,40.9531],[32.8928,40.9482],[32.9981,40.9707],[32.9991,40.984],[33.0448,40.9976],[33.0455,41.04],[33.0739,41.0627],[33.0553,41.0853],[33.0596,41.1095],[33.0101,41.1495],[32.9912,41.1486],[32.9266,41.1872],[32.9387,41.2546],[33.011,41.3174],[33.0684,41.3189],[33.123,41.3495],[33.1373,41.3723],[33.1253,41.4349],[33.0991,41.4579],[33.1046,41.4779],[33.0649,41.484],[33.0526,41.5062],[33.0589,41.5369],[33.0471,41.5851],[32.9894,41.5705],[32.9568,41.5862],[32.9124,41.5598],[32.8748,41.5756],[32.7879,41.5382],[32.8058,41.5164],[32.7743,41.5046],[32.7344,41.5051],[32.7233,41.5238],[32.6964,41.5295],[32.6423,41.4893],[32.6448,41.4548],[32.6936,41.3729],[32.6965,41.338],[32.6807,41.3266],[32.6158,41.3303],[32.5906,41.3257],[32.4786,41.3601],[32.4646,41.3085],[32.3408,41.3153],[32.3024,41.3074],[32.2841,41.3203]]]}},{"type":"Feature","id":79,"properties":{"plaka":79,"ad":"Kilis"},"geometry":{"type":"Polygon","coordinates":[[[36.7124,36.8268],[36.7514,36.8195],[36.7934,36.7968],[36.8845,36.7771],[36.9174,36.7859],[36.9815,36.7618],[36.9927,36.7422],[37.037,36.7363],[37.0402,36.7032],[37.016,36.6955],[37.0207,36.6662],[37.0575,36.6549],[37.0862,36.6342],[37.1062,36.6715],[37.1421,36.6773],[37.1626,36.6569],[37.2168,36.6753],[37.2779,36.6644],[37.3154,36.6653],[37.4712,36.6348],[37.4886,36.6671],[37.5727,36.7058],[37.5393,36.7427],[37.5114,36.7388],[37.4914,36.752],[37.4893,36.7821],[37.4533,36.7885],[37.4493,36.8135],[37.4094,36.8265],[37.3807,36.8041],[37.401,36.7688],[37.3691,36.7238],[37.3519,36.7427],[37.3157,36.7603],[37.3029,36.7825],[37.3084,36.8465],[37.2569,36.8773],[37.1648,36.8834],[37.0892,36.9043],[37.0491,36.9721],[37.064,36.996],[37.017,36.996],[36.9937,37.0346],[36.9509,37.0138],[36.9522,37.0002],[36.9269,36.956],[36.8802,36.9274],[36.8826,36.8959],[36.8619,36.8918],[36.8149,36.9199],[36.7851,36.9071],[36.7555,36.8758],[36.7205,36.8573],[36.7124,36.8268]]]}},{"type":"Feature","id":80,"properties":{"plaka":80,"ad":"Osmaniye"},"geometry":{"type":"Polygon","coordinates":[[[36.0576,37.0082],[36.1581,36.9931],[36.2058,37.0046],[36.2354,36.9647],[36.2699,36.9626],[36.335,36.9473],[36.369,36.9317],[36.4428,36.9331],[36.4607,36.9788],[36.5239,37.0127],[36.5623,37.0513],[36.5735,37.0925],[36.6176,37.1186],[36.6257,37.1537],[36.6462,37.1579],[36.6795,37.184],[36.6931,37.2162],[36.6757,37.2632],[36.6305,37.2979],[36.6697,37.3302],[36.6856,37.3641],[36.6282,37.3452],[36.5247,37.3551],[36.5861,37.4118],[36.514,37.4402],[36.4653,37.4141],[36.4686,37.3761],[36.3672,37.3511],[36.3576,37.3636],[36.2734,37.3588],[36.2627,37.3933],[36.2578,37.4561],[36.2366,37.5203],[36.2608,37.6017],[36.2563,37.6286],[36.266,37.6685],[36.213,37.7158],[36.2607,37.7498],[36.2036,37.749],[36.1547,37.7374],[36.1034,37.6861],[36.0694,37.6409],[36.0372,37.6132],[35.9935,37.5875],[35.9716,37.5663],[35.9622,37.5169],[35.9472,37.4886],[35.9144,37.4588],[35.9225,37.4236],[35.9141,37.384],[35.916,37.3499],[35.9034,37.2846],[35.917,37.2432],[35.8798,37.1914],[35.8959,37.1835],[35.9581,37.2062],[35.9724,37.2201],[36.0354,37.2118],[36.0737,37.1999],[36.0768,37.1655],[36.0962,37.155],[36.0773,37.1155],[36.0947,37.0938],[36.0951,37.061],[36.0571,37.0459],[36.0576,37.0082]]]}},{"type":"Feature","id":81,"properties":{"plaka":81,"ad":"Düzce"},"geometry":{"type":"Polygon","coordinates":[[[31.8536,41.0083],[31.7903,41.0296],[31.6323,41.051],[31.4406,41.0286],[31.3926,41.0201],[31.3231,41.0228],[31.3275,41.0467],[31.293,41.1158],[31.2075,41.097],[31.0918,41.0865],[31.071,41.078],[30.9675,41.0748],[30.9948,41.0308],[30.9627,40.986],[30.9161,40.9537],[30.8993,40.9167],[30.8331,40.9103],[30.8238,40.8839],[30.8646,40.8773],[30.8817,40.8621],[30.8684,40.8406],[30.8781,40.8187],[30.8395,40.8045],[30.8302,40.7514],[30.8923,40.7452],[30.8924,40.7293],[30.9381,40.7127],[30.9356,40.6836],[30.9186,40.6599],[30.9399,40.6316],[30.9693,40.6248],[31.0118,40.6305],[31.0716,40.6502],[31.1118,40.654],[31.1895,40.6242],[31.2263,40.6231],[31.2473,40.644],[31.2793,40.6282],[31.3641,40.6517],[31.3858,40.6709],[31.4152,40.7628],[31.4428,40.7788],[31.4728,40.7821],[31.519,40.8018],[31.5456,40.8027],[31.533,40.8612],[31.5945,40.8849],[31.643,40.9208],[31.644,40.9505],[31.7491,40.9879],[31.7958,40.9721],[31.8536,41.0083]]]}}]}