musteri_kodu,unvan,adres,sehir,ilce,lat,lon,rut_kod,rut_aciklama,ziyaret_sira,son_teslimat_tarihi,toplam_teslimat_sayisi,toplam_agirlik,toplam_tutar,durum,musteri_grubu,bolge_grubu,geocode_kaynak,geocode_hassasiyet,satis_temsilcileri,telefon,posta_kodu,ilk_teslimat_tarihi,son_teslimattan_gecen_gun
100000342,EGETEK VETERINER KLINIGI SAN.TIC.LTD.STI,Cumhuriyet Mah. 187/1 sok. no:7 Nazilli Aydın,AYDIN,NAZİLLİ,37.9128034,28.3289445,666,DERYA YAYLA PAZARTESİ,8,,0,0.0,0.0,Aktif,200 - VETERİNER,cekirdek,nominatim_mahalle,mahalle_merkezi,DERYA YAYLA,5326261180,34000,,
100000360,MERCAN PET HOUSE,CUMH. MH.PROF.DR.TÜRKAN AYLAN CD.NO:29/C İNCİRLİOVA-AYDIN İNCİRLİOVA-AYDIN,AYDIN,İNCİRLİOVA,37.8526109,27.7247988,666,DERYA YAYLA PAZARTESİ,9,2026-05-11,4,455.0,33276.46,Aktif,201 - PETSHOP,cekirdek,erp,saha_gps,DERYA YAYLA,5068261184,34000,2026-01-12,74
100000375,PET STATİON RAMAZAN GEZER,HAMİTABAT MAH MEHMET YAVAŞ CAD NO:26 ÇİNE AYDIN,AYDIN,ÇİNE,37.6155844,28.0581162,666,DERYA YAYLA PAZARTESİ,10,,0,0.0,0.0,Aktif,201 - PETSHOP,cekirdek,erp,saha_gps,DERYA YAYLA,5459695071,34000,,
100000389,KORUK TİCARET MUSTAFA KORUK,YAYLALI MAH M.KEMAL PAŞA CAD 18 KARACASU AYDIN,AYDIN,KARACASU,37.7309291,28.611381,666,DERYA YAYLA PAZARTESİ,11,,0,0.0,0.0,Aktif,201 - PETSHOP,cekirdek,nominatim_mahalle,mahalle_merkezi,DERYA YAYLA,5418425229,34000,,
100000797,PET LOVE ŞENGÜL UZUNHİSARCIKLI,YENİCAMI MH. YÜKSEL YALOVA CD. NO:31,AYDIN,SÖKE,37.7501531,27.4067937,666,DERYA YAYLA PAZARTESİ,20,2026-06-03,6,2028.0,77568.72,Aktif,201 - PETSHOP,cekirdek,erp,saha_gps,DERYA YAYLA,5323003678,34000,2025-12-22,51
100000816,BY TARÇIN PETSHOP ÖZDEM ÜRKMEZ,EFELER MH. 2250SK. NO:9A /5 EFELER,AYDIN,,,,666,DERYA YAYLA PAZARTESİ,21,,0,0.0,0.0,Aktif,201 - PETSHOP,cekirdek,basarisiz,yok,DERYA YAYLA,5422369516,34000,,
100000838,PETS POİNT PET SHOP BARIŞ ERÇEK,TÜRKMEN MAHALLESİ MUSTAFA VELİ SOKAK NO:4/A,AYDIN,KUŞADASI,37.8597918,27.2639805,666,DERYA YAYLA PAZARTESİ,22,2026-03-23,3,1226.0,48025.22,Aktif,201 - PETSHOP,cekirdek,erp,saha_gps,DERYA YAYLA,5524108089,34000,2025-12-26,123
100000896,MUHARREM YENİPAZARLI YENİPAZARLI VETERİNER KLİNİĞİ,AYDINOĞLU MAH. İNÖNÜ CAD. NO:102 A KUYUCAK,AYDIN,KUYUCAK,37.9139878,28.4627946,666,DERYA YAYLA PAZARTESİ,24,,0,0.0,0.0,Aktif,200 - VETERİNER,cekirdek,erp,saha_gps,DERYA YAYLA,5397030676,34000,,
100000960,DEVRAN PETSHOP ÖZGÜR DEMİRER,CUMHURİYET MAH. BİRLİK SK. NO:5B KUŞADASI,AYDIN,KUŞADASI,37.8561821,27.2665228,666,DERYA YAYLA PAZARTESİ,27,2026-04-13,6,1117.0,70288.37,Aktif,201 - PETSHOP,cekirdek,erp,saha_gps,DERYA YAYLA,5321771324,34000,2025-12-22,102
100000968,KEMAL GÜREL ARTVET VETERİNER KLİNİĞİ,ADNAN MENDERES MAH. 504 SK NO:3C EFELER,AYDIN,,37.7596719,27.703582,666,DERYA YAYLA PAZARTESİ,28,,0,0.0,0.0,Aktif,200 - VETERİNER,cekirdek,nominatim_mahalle,mahalle_merkezi,DERYA YAYLA,5056193669,34000,,
100000990,ÇARŞI VETERİNER KLİNİĞİ / NAZİLLİ,ALTINTAŞ MAHALLESI MİMAR SİNAN CADDESİ NO:/18A,AYDIN,NAZİLLİ,37.9177089,28.3266803,666,DERYA YAYLA PAZARTESİ,29,,0,0.0,0.0,Aktif,200 - VETERİNER,cekirdek,nominatim_mahalle,mahalle_merkezi,DERYA YAYLA,5425883225,34000,,
100000997,KOCA MEHMET TARIM SANAYİ LDT.ŞTİ,DOĞU MAH.EŞREF OZAN CAD NO:1B/B,AYDIN,YENİPAZAR,37.8232925,28.1957304,666,DERYA YAYLA PAZARTESİ,30,2026-01-05,1,1160.0,56066.35,Aktif,202 - YEM TOPTAN,cekirdek,nominatim_ilce,ilce_merkezi,DERYA YAYLA,5425959201,34000,2026-01-05,200
100001010,AFACANLAR PET SHOP/ENGİN AFACAN,YENİCAMİ MAHALLESİ KOCAIYIK SOKAK NO.8/C,AYDIN,SÖKE,37.7505067,27.4062931,666,DERYA YAYLA PAZARTESİ,31,,0,0.0,0.0,Aktif,201 - PETSHOP,cekirdek,erp,saha_gps,DERYA YAYLA,5432062976,34000,,
100001035,ŞİRİN PET SHOP,CUMHURİYET MAH ATATÜRK BUL NO:69 EFELER/AYDIN,AYDIN,,37.8515644,27.8413866,666,DERYA YAYLA PAZARTESİ,32,2026-04-27,3,836.0,69683.0,Aktif,201 - PETSHOP,cekirdek,erp,saha_gps,DERYA YAYLA,5517335050,34000,2025-12-22,88
100001092,ŞEVVAL CEREN SOMYÜREK,DAVUTLAR MAH NAMIK KEMAL CAD ÇETİN APT.NO:34 A DAVUTLAR MAH NAMIK KEMAL CAD ÇETİN APT.NO:34 A,AYDIN,KUŞADASI,37.7333424,27.2999557,666,DERYA YAYLA PAZARTESİ,35,2026-01-29,1,64.0,4237.19,Aktif,202 - YEM TOPTAN,cekirdek,erp,saha_gps,DERYA YAYLA,5013774239,34000,2026-01-29,176
100001118,MASAL PETSHOP / KADİR AYDINOĞLU,CUMHURİYET MAH.439 SK.ABC BLOK NO:2/A,AYDIN,İNCİRLİOVA,37.8501038,27.7301545,666,DERYA YAYLA PAZARTESİ,37,2026-01-31,1,360.0,23242.08,Aktif,201 - PETSHOP,cekirdek,erp,saha_gps,DERYA YAYLA,5426064046,,2026-01-31,174
100001197,EGE YEM PET MARKET,TEPECİK MAH ŞEHİT PİYADE ER MEHMET ALİ TOSUN BULVA TEPECİK MAH ŞEHİT PİYADE ER MEHMET ALİ TOSUN BULVARİ NO 97 A,AYDIN,,37.824401,27.872248,666,DERYA YAYLA PAZARTESİ,40,2026-05-11,1,150.0,8166.28,Aktif,201 - PETSHOP,cekirdek,erp,saha_gps,DERYA YAYLA,5535386109,,2026-05-11,74
100001199,ÖZDEMİR YEM / MEHMET ÖZDEMİR,YENİ MAH ALB. İBRAHİM KARAOĞLANOĞLU CAD. NO 47 A YENİ MAH ALB. İBRAHİM KARAOĞLANOĞLU CAD. NO 47,AYDIN,NAZİLLİ,37.915479,28.317739,666,DERYA YAYLA PAZARTESİ,42,2026-05-11,1,165.0,7740.0,Aktif,201 - PETSHOP,cekirdek,erp,saha_gps,DERYA YAYLA,5326758795,,2026-05-11,74
100001210,DUYGU PETSHOP & DUYGU SARAÇOĞLU,KÖPRÜLÜ VEYSİPAŞA MAH BATİ GAZİ BLV NO :64 B KÖPRÜLÜ VEYSİPAŞA MAH BATİ GAZİ BLV NO :64 B,AYDIN,,38.285336,27.140123,666,DERYA YAYLA PAZARTESİ,43,2026-06-03,1,132.0,22089.43,Aktif,201 - PETSHOP,cekirdek,erp,saha_gps,DERYA YAYLA,5441859657,,2026-06-03,51
100001232,YENİAY PETSHOP,turan MAH namık kemal cad no:12/c turan MAH namık kemal cad no:12/c,AYDIN,NAZİLLİ,37.857577,27.263734,666,DERYA YAYLA PAZARTESİ,47,,0,0.0,0.0,Aktif,201 - PETSHOP,cekirdek,erp,saha_gps,DERYA YAYLA,5444958984,,,
100000343,OSMAN ERBAY AKVARYUM,Yeni Mah. Albay İbrahim Karayılan Cad. No:65/B Nazilli Aydın Yeni Mah. Albay İbrahim Karayılan Cad. No:65/B Nazilli Aydın,AYDIN,NAZİLLİ,37.9212493,28.3274044,668,DERYA YAYLA SALI,8,2026-05-11,1,90.0,5751.29,Aktif,201 - PETSHOP,cekirdek,erp,saha_gps,DERYA YAYLA,5356302295,34000,2026-05-11,74
100000361,MUZAFFER CEYLAN,EFEELER MAH.2253 SK.NO:1/A EFEELR-AYDIN EFEELER MAH.2253 SK.NO:1/A EFEELR-AYDIN,AYDIN,DİDİM,37.3696865,27.2684841,668,DERYA YAYLA SALI,9,2026-06-03,2,295.0,9754.73,Aktif,200 - VETERİNER,cekirdek,nominatim_ilce,ilce_merkezi,DERYA YAYLA,5332546794,34000,2026-05-11,51
100000377,IRFAN ALTINOK,KONAK MAH YILDIRIM SOK GÖKTEPE PASAJI NO:1 İÇ KAPI NO C SÖKE AYDIN SÖKE AYDIN,AYDIN,SÖKE,37.7526086,27.404954,668,DERYA YAYLA SALI,10,2026-06-23,2,510.0,40369.79,Aktif,201 - PETSHOP,cekirdek,erp,saha_gps,DERYA YAYLA,5438283819,34000,2025-12-22,31
100000390,ÖMER OZAN,İSABEYLİ MAH FATİH SULTAN MEHMET CAD NO:26/1A NAZİLLİ AYDIN,AYDIN,NAZİLLİ,37.9140609,28.3270857,668,DERYA YAYLA SALI,11,,0,0.0,0.0,Aktif,201 - PETSHOP,cekirdek,nominatim_ilce,ilce_merkezi,DERYA YAYLA,5557613653,34000,,
100000799,ARSLAN KARDEŞLER CANLI SÜS HAYVANLARI İTH. İHR. SAN. VE TİC. LTD. ŞTİ,YENİ MAH. 823SK. PURGAÇ APT. NO:7A,AYDIN,DİDİM,37.3750495,27.2668197,668,DERYA YAYLA SALI,20,2026-07-15,4,1070.0,109678.72,Aktif,201 - PETSHOP,cekirdek,erp,saha_gps,DERYA YAYLA,5427112104,34000,2026-01-12,9
100000817,GİRNE PET MARKET MURAT UÇKUN,GİRNE MAH. LEFKOŞE BLV. NO:38/A EFELER,AYDIN,,37.85226,27.8267967,668,DERYA YAYLA SALI,21,2026-06-23,2,126.0,23051.95,Aktif,201 - PETSHOP,cekirdek,erp,saha_gps,DERYA YAYLA,5445625459,34000,2026-01-12,31
100000917,ELTA-VET VETERİNER KLİNİĞİ,KEMER MAH. 1838SK. NO:1/C EFELER,AYDIN,,37.8596708,27.8266154,668,DERYA YAYLA SALI,24,,0,0.0,0.0,Aktif,200 - VETERİNER,cekirdek,nominatim_mahalle,mahalle_merkezi,DERYA YAYLA,5071537571,34000,,
100000961,URAS PET STORE DİDEM SAĞLAM PARLAK,EFELER MAH. KÖROĞLU CAD. NO:5 C,AYDIN,,37.843097,27.8255183,668,DERYA YAYLA SALI,26,,0,0.0,0.0,Aktif,201 - PETSHOP,cekirdek,nominatim_mahalle,mahalle_merkezi,DERYA YAYLA,5536004371,34000,,
100000970,ÇAKALOĞLU YUMURTA CANER ÇAKALOĞLU,CAMİKEBİR MAH. KURTULUŞ CAD. NO:64 GERMENCİK,AYDIN,GERMENCİK,37.8708052,27.6029134,668,DERYA YAYLA SALI,27,,0,0.0,0.0,Aktif,202 - YEM TOPTAN,cekirdek,nominatim_mahalle,mahalle_merkezi,DERYA YAYLA,5424375715,34000,,
100000991,CANDOSTLAR PET SHOP /FULYA ÇAPKAN,YENİ MAHALLE ORDU CADDEDİ YENİPAZARLI APT NO:3 Ç D,AYDIN,NAZİLLİ,38.3187182,27.129172,668,DERYA YAYLA SALI,28,2025-12-22,2,408.0,20074.39,Aktif,201 - PETSHOP,cekirdek,erp,saha_gps,DERYA YAYLA,5303825242,34000,2025-12-22,214
100000999,HURİYE AKKAŞ EVCİL X PETSHOP,ATATÜRK MAH. AYDIN CD. NO:114/B SÖKE,AYDIN,SÖKE,37.7484713,27.4050865,668,DERYA YAYLA SALI,29,2026-04-13,1,165.0,21927.79,Aktif,201 - PETSHOP,cekirdek,erp,saha_gps,DERYA YAYLA,5555555555,34000,2026-04-13,102
100001018,ÖNER PET HOUSE/FİKRET ÖNER,KURTULUŞ MAHALLESİ ATATÜRK BULVARI.NO:77A,AYDIN,NAZİLLİ,37.9187183,28.33455,668,DERYA YAYLA SALI,30,2026-02-28,2,7920.0,321558.79,Aktif,201 - PETSHOP,cekirdek,erp,saha_gps,DERYA YAYLA,5052665915,34000,2025-12-22,146
100001048,KİREZ TİCARET/AHMET KİREZ,YENİ CAMİ MAH.ŞAKİR AKAY SK.NO:6 A SÖKE,AYDIN,SÖKE,37.7510029,27.4084948,668,DERYA YAYLA SALI,31,2026-06-03,4,1617.0,103493.75,Aktif,202 - YEM TOPTAN,cekirdek,erp,saha_gps,DERYA YAYLA,5054717206,34000,2026-01-12,51
100001073,AZYGOS VETERİNERLİK,EFELER MH 1412 SK MİLETUS APT NO:2 İÇ KAPI NO:1,AYDIN,DİDİM,37.3696865,27.2684841,668,DERYA YAYLA SALI,32,2025-12-26,1,2088.0,38397.28,Aktif,200 - VETERİNER,cekirdek,nominatim_ilce,ilce_merkezi,DERYA YAYLA,5301478274,34000,2025-12-26,210
100001119,ARDA VET / VETERİNER HEKİM,ALTINTAŞ MAH.139 SK.NO:66/C,AYDIN,NAZİLLİ,37.9177089,28.3266803,668,DERYA YAYLA SALI,35,,0,0.0,0.0,Aktif,200 - VETERİNER,cekirdek,nominatim_mahalle,mahalle_merkezi,DERYA YAYLA,5449506688,,,
100000345,ASAN YERLI ÜR.SAN.VE TIC.LTD.STI,YENI MAH.DEVLET YOLU ÜZERI NO:10,AYDIN,NAZİLLİ,37.9041472,28.3116458,670,DERYA YAYLA ÇARŞAMBA,8,,0,0.0,0.0,Aktif,201 - PETSHOP,cekirdek,nominatim_mahalle,mahalle_merkezi,DERYA YAYLA,5323632407,34000,,
100000366,GÜLHAN TASDEMIR BEREKET YEM,HACI FEYZULLAH MH.İNÖNÜ BULV. H BLOK NO:96 KUŞADASI-AYDIN KUŞADASI-AYDIN,AYDIN,KUŞADASI,37.8529293,27.2607146,670,DERYA YAYLA ÇARŞAMBA,9,2026-05-11,2,720.0,45701.21,Aktif,201 - PETSHOP,cekirdek,erp,saha_gps,DERYA YAYLA,5314203300,34000,2026-02-28,74
100000382,MUSTAFA ÖZKAYA,İKİÇEŞMELİK MAH AYDIN BULV NO:32A İÇ KAPI NO A KUŞADASI AYDIN,AYDIN,KUŞADASI,37.8632398,27.266873,670,DERYA YAYLA ÇARŞAMBA,10,,0,0.0,0.0,Aktif,201 - PETSHOP,cekirdek,nominatim_ilce,ilce_merkezi,DERYA YAYLA,5428158228,34000,,
100000391,ŞEYMA İTKÜ,YENİ MAH ALB İBRAHİM KARAOĞLANOĞLU CAD NO 63C NAZİLLİ AYDIN,AYDIN,NAZİLLİ,37.9041472,28.3116458,670,DERYA YAYLA ÇARŞAMBA,11,,0,0.0,0.0,Aktif,201 - PETSHOP,cekirdek,nominatim_mahalle,mahalle_merkezi,DERYA YAYLA,5445260388,34000,,
100000538,EVCİLX2 PETSHOP DERYA KAYA,CUMHURİYET MAH. ALBAYRAK CD. NO:100/A SÖKE,AYDIN,SÖKE,37.7444727,27.4069384,670,DERYA YAYLA ÇARŞAMBA,13,,0,0.0,0.0,Aktif,201 - PETSHOP,cekirdek,nominatim_mahalle,mahalle_merkezi,DERYA YAYLA,5436255123,34000,,
100000634,TAŞDEMİR PETSHOP AYTEKİN EFEKAN TAŞDEMİR,CUMHURİYET MH. İNÖNÜ CD. NO:158A KUYUCAK AYDIN,AYDIN,KUYUCAK,37.9097685,28.4596723,670,DERYA YAYLA ÇARŞAMBA,15,,0,0.0,0.0,Aktif,201 - PETSHOP,cekirdek,nominatim_ilce,ilce_merkezi,DERYA YAYLA,5436085152,34000,,
100000684,OCEAN PETSHOP & OLTA VE BALIK MALZEMELERİ,DAVUTLAR MAH. ÇOBAN SK. ÇOBAN APT. 11/A KUŞADASI,AYDIN,KUŞADASI,37.7334505,27.2895326,670,DERYA YAYLA ÇARŞAMBA,16,2025-12-22,1,1485.0,111366.76,Aktif,201 - PETSHOP,cekirdek,erp,saha_gps,DERYA YAYLA,5534219797,34000,2025-12-22,214
100000775,KOÇAK PETSHOP FERDİ KOÇAK,AYDOĞDU MAH. MİTHATPAŞA CD. NO:96/A,AYDIN,NAZİLLİ,37.9210926,28.3276166,670,DERYA YAYLA ÇARŞAMBA,19,2026-05-12,3,2520.0,122147.03,Aktif,201 - PETSHOP,cekirdek,erp,saha_gps,DERYA YAYLA,5415874774,34000,2025-12-22,73
100000804,ŞANSIM PET SHOP ELİF ÇINAR,CUMHURİYET MH. MUSTAFA VARAN SK. TROPİKANA APT. NO:6A,AYDIN,KUŞADASI,37.8592257,27.2631947,670,DERYA YAYLA ÇARŞAMBA,20,2026-05-06,2,360.0,32435.15,Aktif,201 - PETSHOP,cekirdek,erp,saha_gps,DERYA YAYLA,5065575412,34000,2025-12-22,79
100000818,EYLÜL PETSHOP YASEMİN ÇAKMAK,CUMHURİYET MAHALLESİ 1959 SK. NO:28/A EFELER,AYDIN,,37.848015,27.8512667,670,DERYA YAYLA ÇARŞAMBA,21,2026-06-09,7,3608.0,288292.24,Aktif,201 - PETSHOP,cekirdek,erp,saha_gps,DERYA YAYLA,5558894809,34000,2025-12-22,45
100000858,PUKİ PETSHOP EMİNE SEVKULAK,GÜZELÇAMLI MAH. ÖZERTÜRK CD. TİMUR SIĞIRTMAÇ NO:17/1A,AYDIN,KUŞADASI,37.7137666,27.2235907,670,DERYA YAYLA ÇARŞAMBA,23,2026-05-06,3,274.0,26869.24,Aktif,201 - PETSHOP,cekirdek,erp,saha_gps,DERYA YAYLA,5363321517,34000,2025-12-22,79
100000971,ÖZER AV KARA DENİZ MALZEMELERİ MÜCAHİT EMRE ÖZER,HASANEFENDİ-RAMAZAN PAŞA MAH. 13SK. NO:27K EFELER,AYDIN,,37.8493533,27.839912,670,DERYA YAYLA ÇARŞAMBA,28,,0,0.0,0.0,Aktif,201 - PETSHOP,cekirdek,nominatim_mahalle,mahalle_merkezi,DERYA YAYLA,5549879909,34000,,
100000992,VETERİNER HEKİM MUSTAFA ESEN,GİRNE MAH TAŞLIBOĞAZ BUL TRALLES PARK SİTESİ B BLK,AYDIN,,37.8524363,27.8230317,670,DERYA YAYLA ÇARŞAMBA,29,,0,0.0,0.0,Aktif,200 - VETERİNER,cekirdek,nominatim_mahalle,mahalle_merkezi,DERYA YAYLA,5077509613,34000,,
100001021,TRENDY PET SHOP/ONUR DALKILIÇ,CUMHURİYET MAHALLESİ KUBİLAY BAYRAMOĞLU SOK NO:5B,AYDIN,KUŞADASI,37.8586224,27.263462,670,DERYA YAYLA ÇARŞAMBA,31,2026-05-20,2,255.0,22502.05,Aktif,201 - PETSHOP,cekirdek,erp,saha_gps,DERYA YAYLA,5532261819,34000,2026-05-06,65
100001039,DOĞAN SEVİNÇ/MAMA,CAMİKEBİR MAH.İSMET İNÖNÜ BUL ALANLI PASAJI NO:52F,AYDIN,KUŞADASI,37.8601484,27.258255,670,DERYA YAYLA ÇARŞAMBA,32,,0,0.0,0.0,Aktif,201 - PETSHOP,cekirdek,nominatim_mahalle,mahalle_merkezi,DERYA YAYLA,1111111111,34000,,
100001080,MİNİŞ PET SHOP/TACETTİN TOKER,CUMHURİYET MAH.425 SK.NO.6A AYDIN / ÇİNE,AYDIN,ÇİNE,37.6157442,28.0548441,670,DERYA YAYLA ÇARŞAMBA,34,2025-12-26,1,267.0,6666.0,Aktif,201 - PETSHOP,cekirdek,nominatim_mahalle,mahalle_merkezi,DERYA YAYLA,5433115589,34000,2025-12-26,210
100001120,DOST VETERİNER / SEYFULLAH ZEYREK,KADINLAR DENİZİ MAH. KADINLAR DENİZİ CAD. TATİLYA SİTESİ NO:1/3B,AYDIN,KUŞADASI,37.8521021,27.2502946,670,DERYA YAYLA ÇARŞAMBA,37,2026-01-31,1,68.0,4659.44,Aktif,200 - VETERİNER,cekirdek,erp,saha_gps,DERYA YAYLA,5074496051,,2026-01-31,174
100001146,GÜLKA SU VE İÇECEK MAD. GIDA TUR. OTOM. SAN. VE TİC. LTD. ŞTİ,ATA MAH. FIRINCILAR SİT. GIDACILAR BULV. NO:6-7 EFELER AYDIN,AYDIN,,37.839359,27.8543791,670,DERYA YAYLA ÇARŞAMBA,38,2026-03-11,3,1922.0,114844.36,Aktif,202 - YEM TOPTAN,cekirdek,nominatim_mahalle,mahalle_merkezi,DERYA YAYLA,2562310544,,2026-02-28,135
100001213,ADALI PETSHOP / MESUT YALÇINKAYA,CUMHURİYET MAH.BİRLİK SOK NO:4 CUMHURİYET MAH.BİRLİK SOK NO:4,AYDIN,KUŞADASI,37.869176,27.27481,670,DERYA YAYLA ÇARŞAMBA,41,2026-06-03,1,165.0,11160.0,Aktif,201 - PETSHOP,cekirdek,erp,saha_gps,DERYA YAYLA,5425943535,,2026-06-03,51
100001212,ULUS MARKET /ŞÜKRÜ ULUS,GÜZELÇAMLI MAH.ANAFARTALAR CAD.NO41-A GÜZELÇAMLI MAH.ANAFARTALAR CAD.NO41-A,AYDIN,KUŞADASI,37.858651,27.263179,670,DERYA YAYLA ÇARŞAMBA,42,2026-06-03,1,238.0,17630.03,Aktif,204 - ULUSAL KANAL,cekirdek,erp,saha_gps,DERYA YAYLA,5423275680,,2026-06-03,51
100000346,SERKAN DILIK,EFELER MAH. ATATÜRK BULV. ÖMÜREVLER B NO:78 A EFELER-AYDIN,AYDIN,DİDİM,37.3744424,27.2639354,672,DERYA YAYLA PERŞEMBE,8,,0,0.0,0.0,Aktif,201 - PETSHOP,cekirdek,nominatim_mahalle,mahalle_merkezi,DERYA YAYLA,5398241309,34000,,
100000368,ZEKI PEKTAS,ATA MAH. DOĞU CEVRE BULV. NO:78 İÇ KAPI NO:1 EFELER-AYDIN EFELER-AYDIN,AYDIN,DİDİM,37.8330018,27.8571992,672,DERYA YAYLA PERŞEMBE,9,2026-05-11,2,435.0,34093.66,Aktif,201 - PETSHOP,cekirdek,erp,saha_gps,DERYA YAYLA,5071194590,34000,2026-02-28,74
100000383,ZEYBEK VETERINERLIK MEDIKAL SANAYI VE TICARET LTD STI,TEPECİK MAH 902 SOK B BLOK NO:1/13 EFELER AYDIN,AYDIN,DİDİM,37.3696865,27.2684841,672,DERYA YAYLA PERŞEMBE,10,,0,0.0,0.0,Aktif,200 - VETERİNER,cekirdek,nominatim_ilce,ilce_merkezi,DERYA YAYLA,5335426887,34000,,
100000541,FİDAN TARIM MEHMET FİDAN,ÇELTİKÇİ MAH. ALBAYRAK CAD. NO:193/B SÖKE,AYDIN,SÖKE,37.7490932,27.404906,672,DERYA YAYLA PERŞEMBE,13,,0,0.0,0.0,Aktif,202 - YEM TOPTAN,cekirdek,nominatim_mahalle,mahalle_merkezi,DERYA YAYLA,5058025411,34000,,
100000784,ZUZU PETSHOP GÜLÇİN ÖNGÖREN,YENİCAMİ MH. BAĞARASI CD. NO:26/B,AYDIN,SÖKE,37.750412,27.4124777,672,DERYA YAYLA PERŞEMBE,18,2026-07-14,8,2067.0,131928.77,Aktif,201 - PETSHOP,cekirdek,erp,saha_gps,DERYA YAYLA,5448450724,34000,2026-01-05,10
100000806,KUŞÇU AMCA EV HAYVANLARI VE YEMLERİ TİC,H. ABAT MH. ATATÜRK CD. NO:102/A ÇİNE,AYDIN,ÇİNE,37.6124716,28.0623096,672,DERYA YAYLA PERŞEMBE,19,2026-01-28,2,2275.0,125922.09,Aktif,201 - PETSHOP,cekirdek,nominatim_ilce,ilce_merkezi,DERYA YAYLA,5077260117,34000,2025-12-12,177
100000819,OVA YEM TARIM VE HAYVANCILIK ÜRÜNLERİ EMİNE YILDIRIM,ZAFER MAH. HÜRRİYET CAD. NO:148B,AYDIN,NAZİLLİ,37.9186282,28.3248762,672,DERYA YAYLA PERŞEMBE,20,2026-05-11,1,110.0,18281.84,Aktif,201 - PETSHOP,cekirdek,erp,saha_gps,DERYA YAYLA,5372783669,34000,2026-05-11,74
100000963,BEREKET MARKET GIDA TEMİZLİK ZÜCCACİYE VE AV MALZEMELERİ TEVFİK BERBEROĞLU,UMURLU ÇARŞI MAH. KUMALANI CAD. NO:9,AYDIN,,37.8492963,27.9587709,672,DERYA YAYLA PERŞEMBE,26,2026-06-09,3,5670.0,325238.4,Aktif,202 - YEM TOPTAN,cekirdek,erp,saha_gps,DERYA YAYLA,5327146754,34000,2025-12-22,45
100000972,MAVİ DÜŞ AKVARYUM VE PETSHOP DÜNYASI SABRİ VOLKAN AR,AKBÜK MAH.5875 CAD.NO:1/I DİDİM AYDIN / DİDİM,AYDIN,DİDİM,37.4103078,27.373853,672,DERYA YAYLA PERŞEMBE,27,2026-01-12,1,279.0,18023.63,Aktif,201 - PETSHOP,cekirdek,nominatim_mahalle,mahalle_merkezi,DERYA YAYLA,5555555555,34000,2026-01-12,193
100001002,LAVİNYA VETERİNER KLİNİĞİ/SALİH AKDAĞ,EFELER MAHALLESİ.GİRNE BULVARI NO:82A EFELER/AYDIN,AYDIN,,37.843097,27.8255183,672,DERYA YAYLA PERŞEMBE,29,2026-03-23,1,261.0,6345.84,Aktif,200 - VETERİNER,cekirdek,nominatim_mahalle,mahalle_merkezi,DERYA YAYLA,5447100909,34000,2026-03-23,123
100001029,OĞUZ DEMİR/TREND PET SHOP,ALTINTAŞ MH KIBRIS CAD NO:28/A NAZİLLİ,AYDIN,NAZİLLİ,37.9140609,28.3270857,672,DERYA YAYLA PERŞEMBE,30,,0,0.0,0.0,Aktif,201 - PETSHOP,cekirdek,nominatim_ilce,ilce_merkezi,DERYA YAYLA,5449356761,34000,,
100001040,BİLGE ŞİMŞEK/MONALİMO,TÜRKMEN MAH CANDAN TARHAN BLV 92/A,AYDIN,KUŞADASI,37.8631928,27.263301,672,DERYA YAYLA PERŞEMBE,31,,0,0.0,0.0,Aktif,201 - PETSHOP,cekirdek,nominatim_mahalle,mahalle_merkezi,DERYA YAYLA,5059151998,34000,,
100001063,HAYDAR ŞEN CANLI HAYVAN ALIM SATIMI,KURTULUŞ MH YAHYA ÜMİT ORBAY CD.NO.47 İNCİRLİOVA,AYDIN,İNCİRLİOVA,37.8568566,27.7244608,672,DERYA YAYLA PERŞEMBE,32,2026-06-09,2,345.0,18195.98,Aktif,202 - YEM TOPTAN,cekirdek,erp,saha_gps,DERYA YAYLA,5551430943,34000,2025-12-22,45
100001083,TÜRKAY HENKOĞLU,DAVUTLAR MAH.UYSAL SOK.NO:13F/KUŞADASI,AYDIN,KUŞADASI,37.7330284,27.2944185,672,DERYA YAYLA PERŞEMBE,33,2025-12-30,1,119.0,7132.19,Aktif,203 - ÇİFTLİK/BARINAK,cekirdek,nominatim_mahalle,mahalle_merkezi,DERYA YAYLA,5446206408,34000,2025-12-30,206
100001123,KARDAŞ PETSHOP / FERHAT KARDAŞ,ÇEŞTEPE MAH.ATATÜRK CAD.NO:7/1,AYDIN,,37.8264204,27.8484358,672,DERYA YAYLA PERŞEMBE,36,2026-04-16,2,183.0,9197.56,Aktif,202 - YEM TOPTAN,cekirdek,erp,saha_gps,DERYA YAYLA,5538235625,,2026-01-31,99
100001147,ARSLANLAR YEM,UMURLU MAH.KUMALANI CD. NO:5/A,AYDIN,,,,672,DERYA YAYLA PERŞEMBE,37,,0,0.0,0.0,Aktif,202 - YEM TOPTAN,cekirdek,basarisiz,yok,DERYA YAYLA,5354370031,,,
100001208,SUZAN MARKET /HÜSEYİN ŞAŞ,H.FEYZULLAH MAH Ş.ER S.ALTİNKAYNAK CAD URGANCİ sitesi 9 blok no 20,AYDIN,KUŞADASI,38.195054,26.841651,672,DERYA YAYLA PERŞEMBE,41,2026-05-21,1,42.0,5459.56,Aktif,204 - ULUSAL KANAL,cekirdek,erp,saha_gps,DERYA YAYLA,5352276746,,2026-05-21,64
100000340,HEDIYE SEZER,ÜÇEYLÜL MAH. ATATÜRK CAD. NO:26 BUHARKENT - AYDIN,AYDIN,BUHARKENT,37.9630882,28.7450302,674,DERYA YAYLA CUMA,7,,0,0.0,0.0,Aktif,201 - PETSHOP,cekirdek,nominatim_mahalle,mahalle_merkezi,DERYA YAYLA,5305185622,34000,,
100000352,MITHAT KAYHANLAR POLİVET,SOĞUKKUYU MAH.ŞEN SOK.NO:9 Z1 KÖŞK-AYDIN,AYDIN,KÖŞK,37.8536783,28.0481386,674,DERYA YAYLA CUMA,8,,0,0.0,0.0,Aktif,200 - VETERİNER,cekirdek,nominatim_mahalle,mahalle_merkezi,DERYA YAYLA,5358602860,34000,,
100000370,EM PAZARLAMA GIDA TICARET LIMITED SIRKETI,İKİÇEŞMELİK MAH. KİRAZLI YOLU CAD. İNCİ APT. NO:11/1B KUŞADASI-AYDIN KUŞADASI-AYDIN,AYDIN,KUŞADASI,37.8457436,27.2625146,674,DERYA YAYLA CUMA,9,2026-05-21,1,130.5,3372.8,Aktif,201 - PETSHOP,cekirdek,erp,saha_gps,DERYA YAYLA,5309723866,34000,2026-05-21,64
100000384,İSMAİLGÖKKAYA,KONAK MAH AYDIN CAD EGE MORAL APT NO:41 İÇ KAPI NO Z01 SÖKE AYDIN SÖKE AYDIN,AYDIN,SÖKE,37.7544451,27.4060109,674,DERYA YAYLA CUMA,10,2026-06-23,4,534.0,30607.73,Aktif,201 - PETSHOP,cekirdek,erp,saha_gps,DERYA YAYLA,5353798448,34000,2026-01-12,31
100000610,EGE TARIM OTOMOTİV MUSTAFA YILDIZEL,ZAFER MH 3. SOKAK NO:6 BUHARKENT AYDIN,AYDIN,BUHARKENT,37.9526579,28.7385258,674,DERYA YAYLA CUMA,14,,0,0.0,0.0,Aktif,202 - YEM TOPTAN,cekirdek,nominatim_ilce,ilce_merkezi,DERYA YAYLA,5362969898,34000,,
100000649,KAYRA PETSHOP ALİ ÇAĞATAY YAPICI,YEDİEYLÜL MH. BATI AYDIN BLV. NO:15/B EFELER,AYDIN,MERKEZ,37.8471749,27.8337255,674,DERYA YAYLA CUMA,15,,0,0.0,0.0,Aktif,201 - PETSHOP,cekirdek,nominatim_ilce,ilce_merkezi,DERYA YAYLA,5350333144,34000,,
100000694,GÖKAY BAŞAR MUSTİ PETSHOP,GÜZELHİSAR MAH. ADNAN MENDERES BLV. NO:35C EFELER,AYDIN,MERKEZ,37.8439574,27.8445713,674,DERYA YAYLA CUMA,16,2026-06-09,2,500.0,30895.1,Aktif,201 - PETSHOP,cekirdek,erp,saha_gps,DERYA YAYLA,5555555555,34000,2025-12-22,45
100000785,ARVEN PETSHOP DAVUT OĞUZHAN GÖKTAŞ,EGE MAH. TURGUT ÖZAL BLV. ÇİSEM KENT SİTESİ NO:54/1B KUŞADASI,AYDIN,KUŞADASI,37.866132,27.276319,674,DERYA YAYLA CUMA,19,,0,0.0,0.0,Aktif,200 - VETERİNER,cekirdek,nominatim_mahalle,mahalle_merkezi,DERYA YAYLA,5555555555,34000,,
100000814,İRSA PETSHOP GÜNÜŞ TAKI HED. EŞYA SATIŞ İTH. VE İHR. LTD. ŞTİ,CUMHURİYET MAH. ŞİRİNEVLER CAD. NO:33/16,AYDIN,İNCİRLİOVA,37.8517946,27.729955,674,DERYA YAYLA CUMA,20,2025-12-22,1,504.0,46080.05,Aktif,201 - PETSHOP,cekirdek,erp,saha_gps,DERYA YAYLA,5428460458,34000,2025-12-22,214
100000832,CHİTCAT PETSHOP BERKAN KARAHAN,FEVZİ PAŞA MH. FAYİKKARAGÖZ CAD. SAFA ALKAN SİTESİ 31/A SÖKE,AYDIN,SÖKE,37.7636529,27.4065282,674,DERYA YAYLA CUMA,21,2026-06-23,3,939.0,72417.66,Aktif,201 - PETSHOP,cekirdek,erp,saha_gps,DERYA YAYLA,5358251451,34000,2026-01-29,31
100000936,ARMAĞAN YİĞİT ARMY VETERİNER KLİNİĞİ,KEMER MAH. ŞERBETÇİ CAD. NO:3A EFELER,AYDIN,,37.8596708,27.8266154,674,DERYA YAYLA CUMA,26,,0,0.0,0.0,Aktif,200 - VETERİNER,cekirdek,nominatim_mahalle,mahalle_merkezi,DERYA YAYLA,5376539731,34000,,
100000966,MADRAN VETERİNER MUAYENEHANESİ SERKAN ÇEVİK,HAMİTABAT MAH. 178SK. MADRAN VETERİNER KLİNİĞİ NO:17,AYDIN,ÇİNE,37.6147424,28.0610948,674,DERYA YAYLA CUMA,27,2026-06-09,3,1685.0,79982.77,Aktif,200 - VETERİNER,cekirdek,erp,saha_gps,DERYA YAYLA,5433161619,34000,2025-12-12,45
100000973,İSKAR TARIM PETROL HAYV. SAN. VE TİC. LTD. ŞTİ,YENİ MAH. CUMHURİYET CAD. NO:86/A KARPUZLU,AYDIN,KARPUZLU,37.5590294,27.8360916,674,DERYA YAYLA CUMA,28,,0,0.0,0.0,Aktif,202 - YEM TOPTAN,cekirdek,nominatim_ilce,ilce_merkezi,DERYA YAYLA,5323160981,34000,,
100000994,PETPALACE PET SHOP PET KUAFÖR/BUSE YILDIZ,EFELER MAHALLESİ ADNAN MENDERES BULVARI KAVKAR A1 BLOK GİRİŞ NO:143/1AA DİDIM/AYDIN,AYDIN,DİDİM,37.3722149,27.2561462,674,DERYA YAYLA CUMA,29,2025-12-22,1,499.0,25544.05,Aktif,201 - PETSHOP,cekirdek,erp,saha_gps,DERYA YAYLA,5316773405,34000,2025-12-22,214
100001007,EGETEK VET.VE LA.HİLAÇ SA.GI.HAYVC.HAYV.PA.VE KO.T.LTD.ŞTİ,CUMHURİYET MAH.187/1 SK.NO:6 İÇ KAPI NO:1 NAZİLLİ,AYDIN,NAZİLLİ,37.9128034,28.3289445,674,DERYA YAYLA CUMA,30,,0,0.0,0.0,Aktif,200 - VETERİNER,cekirdek,nominatim_mahalle,mahalle_merkezi,DERYA YAYLA,0544590009,34000,,
100001066,GD PET SHOP DENİZ DAŞAN /GÜLİSTAN BAŞARAN DAŞAN,ÜÇEYLÜL MAH.ÇOLAK İBRAHİM BEY. CAD.NO:38/A BUHARKE,AYDIN,BUHARKENT,37.9630882,28.7450302,674,DERYA YAYLA CUMA,32,,0,0.0,0.0,Aktif,201 - PETSHOP,cekirdek,nominatim_mahalle,mahalle_merkezi,DERYA YAYLA,5412952385,34000,,
100001085,PATİLEO PET SHOP / BERKAY TEKİN,CUMHURİYET MH YILDIRIM BEYAZIT CD.SEYMEN APT NO:37 İNCİRLİOVA/AYDIN,AYDIN,İNCİRLİOVA,37.8495698,27.7256554,674,DERYA YAYLA CUMA,33,2026-06-09,3,567.0,41253.94,Aktif,201 - PETSHOP,cekirdek,erp,saha_gps,DERYA YAYLA,5333869199,34000,2026-04-13,45
100001116,ŞAHİKA PETSHOP / ŞÜKRÜ GÜLCÜ,ALTINTAŞ MAH.ATATÜRK BULVARI NO:7/B,AYDIN,NAZİLLİ,37.9177535,28.3269009,674,DERYA YAYLA CUMA,35,2026-01-31,1,282.0,41779.42,Aktif,201 - PETSHOP,cekirdek,erp,saha_gps,DERYA YAYLA,5358201202,,2026-01-31,174
100001125,HAKAN TARM,ORTAKLAR MAH.SANAYİ CD. N0:9,AYDIN,GERMENCİK,37.8869301,27.4994004,674,DERYA YAYLA CUMA,36,2026-06-23,3,1230.0,65279.25,Aktif,202 - YEM TOPTAN,cekirdek,erp,saha_gps,DERYA YAYLA,5422237816,,2026-01-31,31
100001148,DENİZCAN PETROL KİMYA VE TURİZİM SAN,YENİDOĞAN MH.SÖKE MİLAS KARAYOLU NO:100/2,AYDIN,SÖKE,37.7519762,27.4056294,674,DERYA YAYLA CUMA,37,2026-04-30,2,1350.0,68840.45,Aktif,205 - GELENEKSEL KANAL,cekirdek,nominatim_ilce,ilce_merkezi,DERYA YAYLA,5325652526,,2026-02-28,85
100001214,PATİ PET MARKET,KURTULUŞ MAH.CUMHURİYET CAD 19 MAYIS APT NO4C KURTULUŞ MAH.CUMHURİYET CAD 19 MAYIS APT NO4C,AYDIN,,37.842899,27.840276,674,DERYA YAYLA CUMA,43,2026-06-09,1,30.0,3720.58,Aktif,201 - PETSHOP,cekirdek,erp,saha_gps,DERYA YAYLA,5356498894,,2026-06-09,45
100000341,BURCU KARAOGLU,Yeni Mah. Devlet Karayolu Üzeri No:30 Nazilli Aydın,AYDIN,NAZİLLİ,37.9041472,28.3116458,675,DERYA YAYLA CUMARTESİ,7,,0,0.0,0.0,Aktif,201 - PETSHOP,cekirdek,nominatim_mahalle,mahalle_merkezi,DERYA YAYLA,5319383393,34000,,
100000359,HÜSEYIN KATIRCI,CAMİKEBİR KORE ŞEHİTLERİ CAD. NO:26/1-A,AYDIN,GERMENCİK,37.8707931,27.6008003,675,DERYA YAYLA CUMARTESİ,8,2026-06-09,1,150.0,9450.0,Aktif,201 - PETSHOP,cekirdek,erp,saha_gps,DERYA YAYLA,5069090348,34000,2026-06-09,45
100000371,CEM HAS MY-PET SHOP,YENİ MH. RIDVAN ÇAKIR CAD. NO:11/A DİDİM-AYDIN,AYDIN,DİDİM,37.3696865,27.2684841,675,DERYA YAYLA CUMARTESİ,9,,0,0.0,0.0,Aktif,201 - PETSHOP,cekirdek,nominatim_ilce,ilce_merkezi,DERYA YAYLA,5443422779,34000,,
100000386,MEHMET VEFA SİLLELİ,CUMHURİYET MAH CUMHURİYET CAD NO:38 C EFELER AYDIN,AYDIN,DİDİM,37.3787565,27.272031,675,DERYA YAYLA CUMARTESİ,10,,0,0.0,0.0,Aktif,201 - PETSHOP,cekirdek,nominatim_mahalle,mahalle_merkezi,DERYA YAYLA,5325609660,34000,,
100000652,PAPAĞANHANE EVCİL HAYVAN ÜRÜNLERİ,YENİKENT MH. 23. SK NO:2/1 SÖKE,AYDIN,SÖKE,37.753189,27.4083108,675,DERYA YAYLA CUMARTESİ,14,2026-06-23,7,1423.5,94671.04,Aktif,201 - PETSHOP,cekirdek,erp,saha_gps,DERYA YAYLA,5453022967,34000,2025-12-22,31
100000796,CİKLET PETSHOP YAKUP YÜKSEL,YENİ MH. CUMHURİYET CD. NO:96/25,AYDIN,DİDİM,37.3766928,27.2660247,675,DERYA YAYLA CUMARTESİ,18,2026-07-14,2,450.0,23538.0,Aktif,201 - PETSHOP,cekirdek,erp,saha_gps,DERYA YAYLA,5534683732,34000,2025-12-22,10
100000815,ŞEKER PETSHOP ÖMER OĞULCAN KÜREK,MEŞRUTİYET MAH. BATI GAZİ BLV. ALI USTA APT. NO:127A,AYDIN,,37.8524352,27.8334632,675,DERYA YAYLA CUMARTESİ,19,2026-02-28,2,1650.0,88351.85,Aktif,201 - PETSHOP,cekirdek,nominatim_mahalle,mahalle_merkezi,DERYA YAYLA,5072578125,34000,2026-02-28,146
100000834,HOCAOĞLU ÖNDER KİRAZ,DAVUTLAR MAH. İSTİKLAL DAVUTLAR CAD. NO:4 B,AYDIN,KUŞADASI,38.3193987,27.1325268,675,DERYA YAYLA CUMARTESİ,20,2026-05-04,2,1275.0,72790.74,Aktif,202 - YEM TOPTAN,cekirdek,erp,saha_gps,DERYA YAYLA,5555555555,34000,2026-02-28,81
100000929,PETWAY VETERİNER KLİNİK SERKAN DİLİK,EFELER MAH. BERGAMA CAD. ÖMÜREVLET SİT. B BLOK NO:19/1B EFELER,AYDIN,,37.845323,27.8331148,675,DERYA YAYLA CUMARTESİ,24,2026-06-09,2,1760.0,47735.28,Aktif,200 - VETERİNER,cekirdek,erp,saha_gps,DERYA YAYLA,5333753678,34000,2026-02-28,45
100000959,CLASS PET SHOP VOLKAN KARADUMAN,TÜRKMEN MAHALLESİ TURGUT ÖZAL BLV. ADA MODEM NO:83/2B,AYDIN,KUŞADASI,37.8691822,27.2748208,675,DERYA YAYLA CUMARTESİ,25,2026-07-14,4,870.0,57565.22,Aktif,201 - PETSHOP,cekirdek,erp,saha_gps,DERYA YAYLA,5445799909,34000,2025-12-22,10
100000996,OLİDA VETERİNER KLİNİĞİ/KEVSER TATAROĞLU,CUMHURİYET MAH VALİ KONAĞI BUL NO 4/A EFELER/AYDIN,AYDIN,,37.8433009,27.8361617,675,DERYA YAYLA CUMARTESİ,28,,0,0.0,0.0,Aktif,200 - VETERİNER,cekirdek,nominatim_mahalle,mahalle_merkezi,DERYA YAYLA,5428299411,34000,,
100001009,AFACANLAR PET SHOP,YENİ CAMİ MAHALESİ KOCABIYIK SOKAK NO.8/C,AYDIN,SÖKE,37.7505496,27.4063155,675,DERYA YAYLA CUMARTESİ,29,2026-06-03,1,210.0,24433.36,Aktif,201 - PETSHOP,cekirdek,erp,saha_gps,DERYA YAYLA,5342062976,34000,2026-06-03,51
100001034,OĞUZ DEMİR/TREND PETSHOP,ALTINTAŞ MAH KIBRIS CAD NO:28/A,AYDIN,NAZİLLİ,37.9177089,28.3266803,675,DERYA YAYLA CUMARTESİ,30,,0,0.0,0.0,Aktif,201 - PETSHOP,cekirdek,nominatim_mahalle,mahalle_merkezi,DERYA YAYLA,5449356761,34000,,
100001043,ORYA STORE HIRDAVAT SAN.TİC.LTD.ŞTİ,YEDİEYLÜL MH BATI AYDIN BUL SAMANYOLU SİT C BLOK 2,AYDIN,,,,675,DERYA YAYLA CUMARTESİ,31,,0,0.0,0.0,Aktif,201 - PETSHOP,cekirdek,basarisiz,yok,DERYA YAYLA,5307347497,34000,,
100001067,VİTAMİN VET TEVFİK KORAY KÜN,DALLICA MH 4577 CAD.NO:127 NAZİLLİ,AYDIN,NAZİLLİ,37.9140609,28.3270857,675,DERYA YAYLA CUMARTESİ,32,2026-03-26,3,540.0,50351.59,Aktif,200 - VETERİNER,cekirdek,nominatim_ilce,ilce_merkezi,DERYA YAYLA,5465423009,34000,2025-12-22,120
100001091,4 MEVSİM DEKORASYON ZİRAAT YAPI MARKET İNŞAAT İHRACAT İTHALAT TİCARET LİMİTED ŞİRKETİ,KARAOVA MAH.DAVUTLAR YOLU CAD.NO:30/2R KUŞADASI KARAOVA MAH.DAVUTLAR YOLU CAD.NO:30/2R KUŞADASI,AYDIN,KUŞADASI,37.7905413,27.2777152,675,DERYA YAYLA CUMARTESİ,33,2026-04-13,5,7688.0,381197.72,Aktif,201 - PETSHOP,cekirdek,erp,saha_gps,DERYA YAYLA,5013400912,34000,2026-01-29,102
100001117,ARSLANLAR YEM-SAMAN VE KÖMÜR TİCARETİ / ALİ ARSLAN,UMURLU MH.KUMALANI CD. NO:5/A EFELER / AYDIN,AYDIN,,37.3750423,27.2667606,675,DERYA YAYLA CUMARTESİ,35,2026-03-05,2,975.0,49739.07,Aktif,202 - YEM TOPTAN,cekirdek,erp,saha_gps,DERYA YAYLA,5354370031,,2026-02-28,141
100001128,VET AKADEMİ VETERİNERLİK GIDA HAYV. İNŞ. TIC. LTD.ŞTİ,CUMHURİYER MAH VALİ KONAĞI BULVARI NO 15A/7,AYDIN,,,,675,DERYA YAYLA CUMARTESİ,36,2026-03-30,2,555.0,36442.82,Aktif,200 - VETERİNER,cekirdek,basarisiz,yok,DERYA YAYLA,0501022220,,2026-02-28,116
100001178,DENİZ KAAN KURT,CUMA MAH EGEMENLİK BULVARİ NO 45 C EFELER CUMA MAH EGEMENLİK BULVARİ NO 45 C EFELER,AYDIN,,37.8463574,27.8472585,675,DERYA YAYLA CUMARTESİ,39,2026-04-15,1,1044.0,19199.39,Aktif,201 - PETSHOP,cekirdek,erp,saha_gps,DERYA YAYLA,5062553801,,2026-04-15,100
100000344,SÜZER KARDESLER LTD.STI,KEMER MAH.KEMER BULVARI NO.46,AYDIN,DİDİM,37.3696865,27.2684841,,,,,0,0.0,0.0,Pasif,201 - PETSHOP,cekirdek,nominatim_ilce,ilce_merkezi,,5448119131,34000,,
100000347,AVNI ÇAGLAR ÖZDEMIR,GİRNE MAH. SEMT 2185 SOK.NO:2 İÇ KAPI NO:1 EFELER-AYDIN,AYDIN,DİDİM,37.3696865,27.2684841,,,,,0,0.0,0.0,Pasif,201 - PETSHOP,cekirdek,nominatim_ilce,ilce_merkezi,,5061416655,34000,,
100000348,SONGÜL ELMAS,KEMER MAH.AYKO 1 CAD:2 EFELER-AYDIN,AYDIN,DİDİM,37.3696865,27.2684841,,,,,0,0.0,0.0,Pasif,201 - PETSHOP,cekirdek,nominatim_ilce,ilce_merkezi,,5423690898,34000,,
100000349,AHMET ÇAGLAR DURAN,YAVANSU MAH.SÜLEYMAN DEMİREL BLV.HASYÜN NO:126 KUŞADASI-AYDIN,AYDIN,KUŞADASI,37.8632398,27.266873,,,,,0,0.0,0.0,Pasif,201 - PETSHOP,cekirdek,nominatim_ilce,ilce_merkezi,,5304147711,34000,,
100000350,ARZU ÖZKAN,CUMA MAH.EGEMENLİK BULV. NO:63 EFELER-AYDIN,AYDIN,DİDİM,37.3696865,27.2684841,,,,,0,0.0,0.0,Pasif,201 - PETSHOP,cekirdek,nominatim_ilce,ilce_merkezi,,5321666543,34000,,
100000351,AHMET HESAPÇIOGLU,ÇARŞI MAH.BAŞÇAYIR CAD.NO:86 KÖŞK-AYDIN,AYDIN,KÖŞK,37.853458,28.0549621,,,,,0,0.0,0.0,Pasif,201 - PETSHOP,cekirdek,nominatim_mahalle,mahalle_merkezi,,5353320271,34000,,
100000353,"SÜTÇÜLER TARIM VE HAYVANCILIK ÜRÜNLERI, VETERINERLIK",KARAKOLLAR MAH.CUM.CAD.NO:48 ÇİNE-AYDIN,AYDIN,ÇİNE,37.6124716,28.0623096,,,,,0,0.0,0.0,Pasif,201 - PETSHOP,cekirdek,nominatim_ilce,ilce_merkezi,,5414973441,34000,,
100000354,MAHMUT MURAT COSKUN,CUMHURİYET MAH.VALİ KONAĞI BLV.NO:17 EFELER-AYDIN,AYDIN,DİDİM,37.3787565,27.272031,,,,,0,0.0,0.0,Pasif,201 - PETSHOP,cekirdek,nominatim_mahalle,mahalle_merkezi,,5054544798,34000,,
100000355,TERZIOGLU TICARET,UMURLU MAH.ATATÜRK BULV.NO:148 EFELER-AYDIN,AYDIN,DİDİM,37.3696865,27.2684841,,,,,0,0.0,0.0,Pasif,201 - PETSHOP,cekirdek,nominatim_ilce,ilce_merkezi,,5432268992,34000,,
100000356,ADALI PETSHOP MESUT YALÇINKAYA,CUMHURİYET MAH.BİRLİK SOKAK NO:4/B KUŞADASI-AYDIN,AYDIN,KUŞADASI,37.8570129,27.2632625,,,,,0,0.0,0.0,Pasif,201 - PETSHOP,cekirdek,nominatim_mahalle,mahalle_merkezi,,5425943535,34000,,
100000357,BURAK ANTAKYALIOGLU-CENNET DIKYAR ADI ORTAKLIGI,EFELER MAH.1407 SK.YEŞİLYURT SİTESİ C BLOK NO:1/1 EFELER-AYDIN,AYDIN,DİDİM,37.3744424,27.2639354,,,,,0,0.0,0.0,Pasif,201 - PETSHOP,cekirdek,nominatim_mahalle,mahalle_merkezi,,5063866431,34000,,
100000358,ISMAIL ÖZTÜRK,ÇARŞI MAH.KIVILCIM SOK.NO:3/9 KÖŞK-AYDIN,AYDIN,KÖŞK,37.853458,28.0549621,,,,,0,0.0,0.0,Pasif,201 - PETSHOP,cekirdek,nominatim_mahalle,mahalle_merkezi,,5075007945,34000,,
100000362,ARZU ÖZKAN SUBE,BATI GAZİ BULV.NO:53/A EFELER-AYDIN,AYDIN,DİDİM,37.3696865,27.2684841,,,,,0,0.0,0.0,Pasif,201 - PETSHOP,cekirdek,nominatim_ilce,ilce_merkezi,,5522119919,34000,,
100000363,HÜSEYIN CEM YAGCI,DENİZLİ ASFALTI SANAYİ SİT. YAĞCILAR SUT. KUYUCAK-AYDIN,AYDIN,KUYUCAK,37.9097685,28.4596723,,,,,0,0.0,0.0,Pasif,201 - PETSHOP,cekirdek,nominatim_ilce,ilce_merkezi,,5324402411,34000,,
100000364,ABDULLAH SEVGI,BESEYLÜL MAH.İĞDE SOK. KUYUCAK-AYDIN,AYDIN,KUYUCAK,37.9108118,28.4559524,,,,,0,0.0,0.0,Pasif,201 - PETSHOP,cekirdek,nominatim_mahalle,mahalle_merkezi,,5469627785,34000,,
100000365,GÜRKAN ÜZER,KURTULUŞ MAH.2017 SK.NO:8 İÇ KAPI NO:1 EFELER-AYDIN,AYDIN,DİDİM,37.3696865,27.2684841,,,,,0,0.0,0.0,Pasif,201 - PETSHOP,cekirdek,nominatim_ilce,ilce_merkezi,,5431923000,34000,,
100000367,CEYHUN ÇALISIR,ATÇA MAH. BATI ÇELEBİOĞLU CD.NO:27 SULTANHİSAR-AYDIN,AYDIN,SULTANHİSAR,37.883416,28.2122871,,,,,0,0.0,0.0,Pasif,201 - PETSHOP,cekirdek,nominatim_mahalle,mahalle_merkezi,,5465353180,34000,,
100000369,ÖMER BARDAKÇI,CUMHURİYET MAH. 173/1 SK. NO:1-F NAZİLLİ-AYDIN,AYDIN,NAZİLLİ,37.9128034,28.3289445,,,,,0,0.0,0.0,Pasif,201 - PETSHOP,cekirdek,nominatim_mahalle,mahalle_merkezi,,5423653646,34000,,
100000372,FILIZ GARGAR KUTLU,KARAOVA MAH DAVUTLAR YOLU CAD KARASU ÇARŞI NO:57/25 KUŞADASI/AYDIN,AYDIN,KUŞADASI,37.8632398,27.266873,,,,,0,0.0,0.0,Pasif,201 - PETSHOP,cekirdek,nominatim_ilce,ilce_merkezi,,5467201468,34000,,
100000373,DÜRIYE ÜZER,KURTULUŞ MAH. KIBRIS CAD. NO:25/A EFELER-AYDIN,AYDIN,DİDİM,37.3696865,27.2684841,,,,,0,0.0,0.0,Pasif,201 - PETSHOP,cekirdek,nominatim_ilce,ilce_merkezi,,5532112961,34000,,
100000374,ÖMER KURT,MİMAR SİNAN MAH. EFEKENT BULV. NO:28 D EFELER-AYDIN,AYDIN,DİDİM,37.3696865,27.2684841,,,,,0,0.0,0.0,Pasif,201 - PETSHOP,cekirdek,nominatim_ilce,ilce_merkezi,,5325156001,34000,,
100000376,HALIS ÖZGÜR GÜRSES,YENİ MAH 869 SOK NO:1 D DİDİM AYDIN,AYDIN,DİDİM,37.3696865,27.2684841,,,,,0,0.0,0.0,Pasif,201 - PETSHOP,cekirdek,nominatim_ilce,ilce_merkezi,,5063200584,34000,,
100000378,APDIL KERIM UZUN,KURTULUŞ MAH 2025 SOK NO:8A EFELER AYDIN,AYDIN,DİDİM,37.3696865,27.2684841,,,,,0,0.0,0.0,Pasif,201 - PETSHOP,cekirdek,nominatim_ilce,ilce_merkezi,,5070599258,34000,,
100000379,SELDA KARABACAK,CUMHURİYET MAH 450 SOK NO2 İÇ KAPI NO 14 İNCİRLİOVA AYDIN,AYDIN,İNCİRLİOVA,37.8509589,27.7275824,,,,,0,0.0,0.0,Pasif,201 - PETSHOP,cekirdek,nominatim_mahalle,mahalle_merkezi,,5324263700,34000,,
100000380,VET AKADEMI VETERINERLIK GIDA HAYVANCILIK INS LTD STI,CUMHURİYET MAH VALİ KONAĞI BULVARI NO:15A İÇ KAPI NO 7 EFELER AYDIN,AYDIN,DİDİM,37.3787565,27.272031,,,,,0,0.0,0.0,İptal,200 - VETERİNER,cekirdek,nominatim_mahalle,mahalle_merkezi,,5054544798,34000,,
100000381,CALE GIRDINLEN,KONAK MAH BALCI SOK ÇEREZCİ APT NO:27 İÇ KAPI NO A SÖKE AYDIN,AYDIN,SÖKE,37.7529441,27.4040946,,,,,0,0.0,0.0,Pasif,201 - PETSHOP,cekirdek,nominatim_mahalle,mahalle_merkezi,,5422722737,34000,,
100000385,ALİ ÇARPAN,YENİCAMİİ MAH ŞAKİR AKAY SOK NO:6 SÖKE AYDIN,AYDIN,SÖKE,37.7508048,27.4076744,,,,,0,0.0,0.0,Pasif,201 - PETSHOP,cekirdek,nominatim_mahalle,mahalle_merkezi,,5304170616,34000,,
100000387,DENİZ KAAN KURT,CUMA MH. EGEMENLİK BLV. NO:45/C,AYDIN,,,,,,,,0,0.0,0.0,Pasif,201 - PETSHOP,cekirdek,basarisiz,yok,,5062553801,34000,,
100000388,NURİ PARSAL,YENİ MAH ORDU CAD NO:61 A NAZİLLİ AYDIN,AYDIN,NAZİLLİ,37.9041472,28.3116458,,,,,0,0.0,0.0,Pasif,201 - PETSHOP,cekirdek,nominatim_mahalle,mahalle_merkezi,,5536806553,34000,,
100000392,PINAR ABBASOĞLU,MEŞRUTİYET MAH 2077 SOK URGANCI APT NO:18 A EFELER AYDIN,AYDIN,DİDİM,37.3696865,27.2684841,,,,,0,0.0,0.0,Pasif,201 - PETSHOP,cekirdek,nominatim_ilce,ilce_merkezi,,5436719302,34000,,
100000393,MELİH SAĞLAM,CUMHURİYET MAH. ÖZIŞIK SK. NO: 5 SÖKE/ AYDIN,AYDIN,SÖKE,37.7444727,27.4069384,,,,,0,0.0,0.0,Pasif,201 - PETSHOP,cekirdek,nominatim_mahalle,mahalle_merkezi,,5326696723,34000,,
100000394,HASAN DÖNMEZ,MEŞRUTİYET MAH 2072 SOK SÜMER APT NO:2/A İÇ KAPI NO A EFELER AYDIN,AYDIN,DİDİM,37.3696865,27.2684841,,,,,0,0.0,0.0,Pasif,201 - PETSHOP,cekirdek,nominatim_ilce,ilce_merkezi,,5511966263,34000,,
100000395,DİLARA ÖZDEMİR,AKBÜK MAH 3003 CAD NO:18/2 DİDİM AYDIN,AYDIN,DİDİM,37.4103078,27.373853,,,,,0,0.0,0.0,Pasif,201 - PETSHOP,cekirdek,nominatim_mahalle,mahalle_merkezi,,5416478739,34000,,
100000396,CANAN ACAR,CUMHURİYET MAH ERGENE SOK NO:30B KUŞADASI AYDIN,AYDIN,KUŞADASI,37.8570129,27.2632625,,,,,0,0.0,0.0,Pasif,201 - PETSHOP,cekirdek,nominatim_mahalle,mahalle_merkezi,,5423700213,34000,,
100000542,ONUR TİCARET ONUR ÖZEGEMEN,ÇELTİKÇİ MAH . ALBAYRAK CAD. NO:70 /A,AYDIN,SÖKE,37.7490932,27.404906,,,,,0,0.0,0.0,Pasif,202 - YEM TOPTAN,cekirdek,nominatim_mahalle,mahalle_merkezi,,5325457874,34000,,
100000559,İMAJ MÜHENDİSLİK LTD. ŞTİ. ZİRAİ İLAÇ TARIM MARKET,DEĞİRMENDERE MAH. ADASAN (YENİ) SAN. SİT. 5. SKNO2,AYDIN,KUŞADASI,37.83814,27.2610423,,,,,0,0.0,0.0,Pasif,201 - PETSHOP,cekirdek,nominatim_mahalle,mahalle_merkezi,,5322859484,34000,,
100000636,DERYA ÖZHAN ARDA PET,DAVUTLAR MAH. ATATÜRK CAD. NO:29A KUŞADASI AYDIN,AYDIN,KUŞADASI,37.7330284,27.2944185,,,,,0,0.0,0.0,Pasif,201 - PETSHOP,cekirdek,nominatim_mahalle,mahalle_merkezi,,5438717993,34000,,
100000647,AYDIN PETSHOP MUHARREM ÖZDEMİR,HASANEFENDİ RAMAZAN PAŞA MAH. BATI GAZİ BLV NO:49A,AYDIN,MERKEZ,37.8499846,27.8414936,,,,,0,0.0,0.0,Pasif,201 - PETSHOP,cekirdek,nominatim_mahalle,mahalle_merkezi,,8555555555,34000,,
100000651,VETAY VETERİNERLİK YEZDAN YILDIRIM,YENİ MAH. BATI DENİZLİ BLV. NO:104A NAZİLLİ,AYDIN,NAZİLLİ,37.9041472,28.3116458,,,,,0,0.0,0.0,Pasif,200 - VETERİNER,cekirdek,nominatim_mahalle,mahalle_merkezi,,5558290569,34000,,
100000676,İNCİMU TARIM MARKET SANAYİ TİCARET LİMİTED ŞİRKETİ,KARAOVA MAH. DAVUTLAR YOLU CAD. NO:62,AYDIN,KUŞADASI,37.8632398,27.266873,,,,,0,0.0,0.0,Pasif,202 - YEM TOPTAN,cekirdek,nominatim_ilce,ilce_merkezi,,5326637322,34000,,
100000685,ZEKİ PEKTAŞ DOST PETSHOP,ATA MAH. DOĞU ÇEVRE BLV. NO:78 İÇ KAPI NO:1 EFELER,AYDIN,MERKEZ,37.839359,27.8543791,,,,,0,0.0,0.0,İptal,201 - PETSHOP,cekirdek,nominatim_mahalle,mahalle_merkezi,,5071194590,34000,,
100000686,SEVGİ PETSHOP SEVGİ OKKAN,ORTA MAH. DOĞU GAZİ BULV. NO:122/B EFELER/AYDIN,AYDIN,MERKEZ,37.8479812,27.8514949,,,,,0,0.0,0.0,Pasif,201 - PETSHOP,cekirdek,nominatim_mahalle,mahalle_merkezi,,5439707388,34000,,
100000700,MAVİ'M 1923 KAHVALTI VE RESTAURANT,YAYLAKÖY MAH. SÖKE ASFALTI BLV. NO:109,AYDIN,KUŞADASI,37.784976,27.3369803,,,,,0,0.0,0.0,Pasif,201 - PETSHOP,cekirdek,nominatim_mahalle,mahalle_merkezi,,5324695783,34000,,
100000718,EGE YEM YILDIZ KORKMAZ,TEPECİK MH. Ş.P.ER M.ALİ TOSUN BLV. NO:142A,AYDIN,MERKEZ,37.8234586,27.8752857,,,,,0,0.0,0.0,Pasif,202 - YEM TOPTAN,cekirdek,erp,saha_gps,,5535386109,34000,,
100000719,NUTRICODE BİYOTEKNOLOJİ ARGE VE DAN. SAN. TİC. LTD. ŞTİ,ATA MAHALLESİ 779. SK. ASTİS KOOP. EFELER/AYDIN,AYDIN,MERKEZ,37.839359,27.8543791,,,,,0,0.0,0.0,Pasif,200 - VETERİNER,cekirdek,nominatim_mahalle,mahalle_merkezi,,5544025463,34000,,
100000780,AÇELYAM PETSHOP MÜSLÜME KURT,TURAN MAH. NAMIK KEMAL CAD. NO:12/C NAZİLLİ,AYDIN,NAZİLLİ,37.9174339,28.3313972,,,,,0,0.0,0.0,Pasif,201 - PETSHOP,cekirdek,nominatim_mahalle,mahalle_merkezi,,5523520909,34000,,
100000800,PETSHOP CENTER UTKU TOPRAK,KADINLAR DENİZİ MAH. YÜKSEL YALOVA CAD. 501 SK NO:46/15,AYDIN,KUŞADASI,37.8513954,27.258026,,,,,0,0.0,0.0,Pasif,201 - PETSHOP,cekirdek,nominatim_mahalle,mahalle_merkezi,,5396859062,34000,,
100000805,OKYANUS PETSHOP OLCAY ÖZDEMİR,MESRUTİYET MAHALLESİ 2056 SK. NO:30/1 EFELER,AYDIN,,37.8524352,27.8334632,,,,,0,0.0,0.0,Pasif,201 - PETSHOP,cekirdek,nominatim_mahalle,mahalle_merkezi,,5531181276,34000,,
100000826,GÖKÇE PETSHOP EMRAH GÖKÇE,KURTULUŞ MAH. SAĞLIK CAD. NO:39 A EFELER,AYDIN,,37.8411649,27.8429701,,,,,0,0.0,0.0,Pasif,201 - PETSHOP,cekirdek,nominatim_mahalle,mahalle_merkezi,,5066269953,34000,,
100000827,KARDELEN BATTAL MAMACIM PETSHOP,TÜRKMEN MAH. SÜMBÜL SK. EMGINLER NO:31 A,AYDIN,KUŞADASI,37.8631928,27.263301,,,,,0,0.0,0.0,Pasif,201 - PETSHOP,cekirdek,nominatim_mahalle,mahalle_merkezi,,5454754955,34000,,
100000988,ÇELİK PETSHOP,YENİ MAHALLE CUMHURİYET CADDESİ AZİZ ARSLAN PASAJI,AYDIN,DİDİM,37.3696865,27.2684841,,,,,0,0.0,0.0,Pasif,201 - PETSHOP,cekirdek,nominatim_ilce,ilce_merkezi,,5415199379,34000,,
100000995,ENİS KESKİN YAPI SANAYİ.VE.TİC.LTD.ŞTİ,YENİ MAHALLESİ PARK CADDESİ NO:1 KOÇARLI,AYDIN,KOÇARLI,37.7622182,27.7073376,,,,,0,0.0,0.0,İptal,202 - YEM TOPTAN,cekirdek,nominatim_ilce,ilce_merkezi,,5327168829,34000,,
100000998,LAVİNYA VETERİNER KLİNİĞİ/SALİH AKDAĞ,EFELER MAHALLESİ GİRNE BULVARI NO:82A EFELER/AYDIN,AYDIN,,37.843097,27.8255183,,,,,0,0.0,0.0,İptal,200 - VETERİNER,cekirdek,nominatim_mahalle,mahalle_merkezi,,5447100909,34000,,
100001006,GÜRAY OK/GÜRSA PET SHOP,ATÇA MAHALLESİ.120 SK.NO:2A SULTANHİSAR/AYDIN,AYDIN,SULTANHİSAR,37.883416,28.2122871,,,,,0,0.0,0.0,Pasif,201 - PETSHOP,cekirdek,nominatim_mahalle,mahalle_merkezi,,5306222137,34000,,
100001033,ABDULSAMET ÖZFİDAN /ŞİRİN PET ŞHOP,CUMHURİYET MAH.ATATÜRK BLV NO:69 B EFELER/AYDIN,AYDIN,,37.8444294,27.8335153,,,,,0,0.0,0.0,Pasif,201 - PETSHOP,cekirdek,erp,saha_gps,,5517335050,34000,,
100001038,ŞİRİN PET SHOP/,CUMHURİYET MAH ATATÜRK BUL NO:69 EFELER/AYDIN,AYDIN,,37.8433009,27.8361617,,,,,0,0.0,0.0,Pasif,201 - PETSHOP,cekirdek,nominatim_mahalle,mahalle_merkezi,,5517335050,34000,,
M0000001,GOLDEN WHITE KEDI KUMU İHR.VE İTH.SAN.TİC.LTD.ŞTİ. (BALIKESIR-BANDIRMA),PAŞA KONAK MAH.1026 SK.NO:1/A-A,BALIKESİR,BANDIRMA,40.3414843,27.9579646,729,ANIL BÖBEŞ RUT,1,,0,0.0,0.0,Aktif,201 - PETSHOP,sinir_dahil,erp,saha_gps,ANIL BÖBEŞ | MESUT ÖZAY BÖBEŞ,5412155670,,,
M0000002,CAN PET (BALIKESIR-EDREMİT),YOLÖREN MAH.17 CAD.AKINLAR AVM NO:24 İÇ KA,BALIKESİR,EDREMİT,39.6080243,26.9761978,729,ANIL BÖBEŞ RUT,2,,0,0.0,0.0,Aktif,201 - PETSHOP,sinir_dahil,nominatim_mahalle,mahalle_merkezi,ANIL BÖBEŞ | MESUT ÖZAY BÖBEŞ,0535 624 81 26,,,
M0000004,EFENDİM MERT PETSHOP,KOCACAMİ MH. ATATÜRK CD. NO:5/B,BALIKESİR,BURHANİYE,39.5030179,26.9807391,729,ANIL BÖBEŞ RUT,4,,0,0.0,0.0,Aktif,201 - PETSHOP,sinir_dahil,nominatim_ilce,ilce_merkezi,ANIL BÖBEŞ | MESUT ÖZAY BÖBEŞ,5362873580,,,
M0000005,BANVET VETERINERLIK HIZ.(BALIKESIR-BANDIRMA),BENTBAŞI MAH. GN ALİ HİKMET PAŞA CAD. URAL APT. NO: 45 D,BALIKESİR,BANDIRMA,40.3502633,27.9716759,729,ANIL BÖBEŞ RUT,5,,0,0.0,0.0,Aktif,201 - PETSHOP,sinir_dahil,nominatim_mahalle,mahalle_merkezi,ANIL BÖBEŞ | MESUT ÖZAY BÖBEŞ,0544 716 98 11,,,
M0000006,KOMUTAN PET GIDA OTO.INŞ. (BALIKESIR-BANDIRMA),600 EVLER MAH. 1351 SK.NO:7,BALIKESİR,BANDIRMA,40.3362669,27.9893492,729,ANIL BÖBEŞ RUT,6,,0,0.0,0.0,Aktif,201 - PETSHOP,sinir_dahil,nominatim_mahalle,mahalle_merkezi,ANIL BÖBEŞ | MESUT ÖZAY BÖBEŞ,542 699 37 02,,,
M0000007,POYRAZ EVCIL HAYV.URUN.CEVRE SAG.SANVE TIC.LTD.STI. (BALIKESIR-EDREMIT),AKÇAY MAH.107.SK.NO:12/A-10/EDREMİT SEV AD:CUMHURİYET BVL.PINARBAŞI AVM.BALIKESİ/AKÇAY,BALIKESİR,EDREMİT,39.590521,26.9285019,729,ANIL BÖBEŞ RUT,7,,0,0.0,0.0,Aktif,201 - PETSHOP,sinir_dahil,nominatim_mahalle,mahalle_merkezi,ANIL BÖBEŞ | MESUT ÖZAY BÖBEŞ,5303291044,,,
M0000008,PANDERMA GIDA TARIM HAYV.ITHA.IHR.SAN.TIC.LTD.ŞTİ (10-BANDIRMA),SUNULLAH MAH. 907 SK. LALE SIT. NO: 10,BALIKESİR,BANDIRMA,40.3460881,27.9717615,729,ANIL BÖBEŞ RUT,8,,0,0.0,0.0,Aktif,201 - PETSHOP,sinir_dahil,nominatim_mahalle,mahalle_merkezi,ANIL BÖBEŞ | MESUT ÖZAY BÖBEŞ,5537398682,,,
M0000009,DORUK BEY GIDA TOPTAN VE PERAKENDE TIC.LTD.STI,PLEVNE MAH. CUMHURİYET CAD. NO:36 A,BALIKESİR,,40.0960065,27.6519763,729,ANIL BÖBEŞ RUT,9,,0,0.0,0.0,Aktif,201 - PETSHOP,sinir_dahil,nominatim_mahalle,mahalle_merkezi,ANIL BÖBEŞ | MESUT ÖZAY BÖBEŞ,538 850 22 98,,,
M0000010,BANDIRMA VETCENTER VET.HİZM.İNŞ.GIDA SAN.TİC.LTD.ŞTİ. (BALIKESIR-BANDIRMA),PAŞAKENT MAH. 1075 SK. NO: 13 A İÇ KAPI NO: 11,BALIKESİR,BANDIRMA,40.3422504,27.9440742,729,ANIL BÖBEŞ RUT,10,,0,0.0,0.0,Aktif,201 - PETSHOP,sinir_dahil,erp,saha_gps,ANIL BÖBEŞ | MESUT ÖZAY BÖBEŞ,0534 897 64 89,,,
M0000021,İKRA MARKET-CEVAT ÇAVUŞ (EDREMİT/BURSA),HAMİDİYE MAH. SITKI PAŞA CD. NO: 22/A,BALIKESİR,EDREMİT,39.5919978,27.0116858,729,ANIL BÖBEŞ RUT,19,,0,0.0,0.0,Aktif,201 - PETSHOP,sinir_dahil,nominatim_mahalle,mahalle_merkezi,ANIL BÖBEŞ | MESUT ÖZAY BÖBEŞ,5555555555,,,
M0000022,BANDIRMA VET. HEK. MUAYENEHANESİ-TUĞÇE BAŞARAN (BANDIRMA/10),Paşabayır Mh. 10. sk. no:128,BALIKESİR,BANDIRMA,40.3456357,27.9626167,729,ANIL BÖBEŞ RUT,20,,0,0.0,0.0,Aktif,201 - PETSHOP,sinir_dahil,erp,saha_gps,ANIL BÖBEŞ | MESUT ÖZAY BÖBEŞ,5304404986,,,
M0000023,VYM VETERİNERLİK HİZM.LTD.ŞTİ (10-BANDIRMA),PAŞABAYIR MH.MEHMETÇİK CD. NO:69/A,BALIKESİR,BANDIRMA,40.3486396,27.9648113,729,ANIL BÖBEŞ RUT,21,,0,0.0,0.0,Aktif,201 - PETSHOP,sinir_dahil,erp,saha_gps,ANIL BÖBEŞ | MESUT ÖZAY BÖBEŞ,5531649047,,,
M0000028,PET CENTER (10-ALTIEYLÜL),GAZİOSMANPAŞA MH.DOKUMA YOLU CD.NO:67/B,BALIKESİR,,39.6172823,27.8886905,729,ANIL BÖBEŞ RUT,26,,0,0.0,0.0,Aktif,201 - PETSHOP,sinir_dahil,erp,saha_gps,ANIL BÖBEŞ | MESUT ÖZAY BÖBEŞ,5376487611,,,
M0000032,YAŞAM VETERİNER KLİNİĞİ (10-KARESİ),PAŞAALANI MH.MELİH KOTANCA CD.124.SKNO:23/1,BALIKESİR,,39.6628592,27.9053973,729,ANIL BÖBEŞ RUT,29,,0,0.0,0.0,Aktif,201 - PETSHOP,sinir_dahil,erp,saha_gps,ANIL BÖBEŞ | MESUT ÖZAY BÖBEŞ,5055731414,,,
M0000034,ŞEKER PETSHOP-DİLAY ÖZKAN (EDREMİT/BALIKESİR),GAZİCELAL MAH. 10051 SOK. AKIN SİTESİ B BLOK NO: 10/2,BALIKESİR,EDREMİT,39.5976995,27.0109383,729,ANIL BÖBEŞ RUT,30,,0,0.0,0.0,Aktif,201 - PETSHOP,sinir_dahil,nominatim_mahalle,mahalle_merkezi,ANIL BÖBEŞ | MESUT ÖZAY BÖBEŞ,5059081716,,,
M0000125,KURAL PETSHOP (10-AYVALIK),ZEKİBEY MH.13 NİSAN CD.9 SK.NO:11,BALIKESİR,AYVALIK,39.3180962,26.6916708,729,ANIL BÖBEŞ RUT,32,,0,0.0,0.0,Aktif,201 - PETSHOP,sinir_dahil,nominatim_ilce,ilce_merkezi,ANIL BÖBEŞ | MESUT ÖZAY BÖBEŞ,5384015656,,,
M0000126,LİMAN PETSHOP (BALIKESIR-BANDIRMA),17 EYLÜL MAH.GÖNEN YOLU CAD.NO:2/1 İÇ KAPI NO :B1/B2,BALIKESİR,BANDIRMA,40.344118,27.981201,729,ANIL BÖBEŞ RUT,33,,0,0.0,0.0,Aktif,201 - PETSHOP,sinir_dahil,erp,saha_gps,ANIL BÖBEŞ | MESUT ÖZAY BÖBEŞ,54248536,,,
M0000127,SEN DOGA PETSHOP (BANDIRMA/10),HAYDAR ÇAVUŞ MAH. SUNULLAH CAD. 13 C,BALIKESİR,BANDIRMA,40.3529991,27.9710379,729,ANIL BÖBEŞ RUT,34,,0,0.0,0.0,Aktif,201 - PETSHOP,sinir_dahil,nominatim_mahalle,mahalle_merkezi,ANIL BÖBEŞ | MESUT ÖZAY BÖBEŞ,0536719900,,,
M0000128,PANDA PETSHOP (BALIKESIR-BANDIRMA),GÜNAYDIN MAH.KAŞİF ACAR CAD.NO:49,BALIKESİR,BANDIRMA,40.3543483,27.9732933,729,ANIL BÖBEŞ RUT,35,,0,0.0,0.0,Aktif,201 - PETSHOP,sinir_dahil,erp,saha_gps,ANIL BÖBEŞ | MESUT ÖZAY BÖBEŞ,50567137,,,
M0000129,ECRİN PETSHOP-YELİZ KIZMAZ (BALIKESIR-BANDIRMA),17 EYLÜL MAH. ATATÜRK CAD UTKU APT. NO: 213 B,BALIKESİR,BANDIRMA,40.3478052,27.977161,729,ANIL BÖBEŞ RUT,36,,0,0.0,0.0,Aktif,201 - PETSHOP,sinir_dahil,erp,saha_gps,ANIL BÖBEŞ | MESUT ÖZAY BÖBEŞ,54437799,,,
M0000130,TURKUAZ PETSHOP AKVARYUM (GONEN-BALIKESIR),MALKOÇ MAH. IŞIK CD. TARKAN PASAJ NO: 8,BALIKESİR,GÖNEN,40.1044673,27.6535582,729,ANIL BÖBEŞ RUT,37,,0,0.0,0.0,Aktif,201 - PETSHOP,sinir_dahil,erp,saha_gps,ANIL BÖBEŞ | MESUT ÖZAY BÖBEŞ,05422234,,,
M0000131,ANIMAL SHIP PET AGRO MARKET-AYŞENUR KARAOĞLAN (BALIKESIR-ERDEK),HALİTPAŞA MAH.ŞEHİT HALİL SK. KISMET APT.NO:17/A HALİTPAŞA MAH.ŞEHİT HALİL SK. KISMET APT.NO:17/A,BALIKESİR,ERDEK,40.3986338,27.7915807,729,ANIL BÖBEŞ RUT,38,2026-07-18,1,718.8,63407.53,Aktif,201 - PETSHOP,sinir_dahil,erp,saha_gps,ANIL BÖBEŞ | MESUT ÖZAY BÖBEŞ,50617533,,2026-07-18,6
M0000132,LEVENT PETSHOP YEM-HASAN LEVENT (BALIKESIR-GONEN),MALKOÇ MAH. BAŞÇEŞME CAD.NO:15/A MALKOÇ MAH. BAŞÇEŞME CAD.NO:15/A,BALIKESİR,GÖNEN,40.1014741,27.6529314,729,ANIL BÖBEŞ RUT,39,2026-07-18,1,1305.0,71849.99,Aktif,201 - PETSHOP,sinir_dahil,erp,saha_gps,ANIL BÖBEŞ | MESUT ÖZAY BÖBEŞ,5386913701,,2026-07-18,6
M0000133,İZMİR PETSHOP-SEMİH ÜREL (BALIKESIR-AYVALIK),FEVZİPAŞA-VEHBİBEY MAH. BARBAROS CAD.NO:32,BALIKESİR,AYVALIK,39.318008,26.6928527,729,ANIL BÖBEŞ RUT,40,,0,0.0,0.0,Aktif,201 - PETSHOP,sinir_dahil,nominatim_mahalle,mahalle_merkezi,ANIL BÖBEŞ | MESUT ÖZAY BÖBEŞ,5530751409,,,
M0000136,THE PET HOUSE (BALIKESIR-BANDIRMA),PAŞAKONAK MAH. HAMİT KAPLAN CAD. NO: 68 A İÇ KAPI NO: A,BALIKESİR,BANDIRMA,40.3405321,27.9596731,729,ANIL BÖBEŞ RUT,43,,0,0.0,0.0,Aktif,201 - PETSHOP,sinir_dahil,nominatim_mahalle,mahalle_merkezi,ANIL BÖBEŞ | MESUT ÖZAY BÖBEŞ,0531 323 04 97,,,
M0000137,CETVEL PETSHOP-GÖKSEL CANTAŞ (BALIKESIR-BANDIRMA),HAYDAR ÇAVUŞ MH.GN ALİ HİKMET PAŞA CD.DAVAZ AP. NO:21/A,BALIKESİR,BANDIRMA,40.3554705,27.9697603,729,ANIL BÖBEŞ RUT,44,,0,0.0,0.0,Aktif,201 - PETSHOP,sinir_dahil,nominatim_ilce,ilce_merkezi,ANIL BÖBEŞ | MESUT ÖZAY BÖBEŞ,5412115033,,,
M0000138,MAGS PETSHOP (BALIKESIR-BANDIRMA),PAŞAKENT MAH. 1048 SK. PARK SİTESI PARK SITESI B BLOK NO: 6 B İÇ KAPI NO: 06,BALIKESİR,BANDIRMA,40.34455,27.9511401,729,ANIL BÖBEŞ RUT,45,,0,0.0,0.0,Aktif,201 - PETSHOP,sinir_dahil,nominatim_mahalle,mahalle_merkezi,ANIL BÖBEŞ | MESUT ÖZAY BÖBEŞ,0530 447 74 33,,,
M0000139,ALTINOLUK VET.MUAYE.(BALIKESIR-EDREMIT),ŞAHİNDERE MAH. TEKÇAM CAD.NO:169 B,BALIKESİR,EDREMİT,39.5736995,26.7650664,729,ANIL BÖBEŞ RUT,46,,0,0.0,0.0,Aktif,201 - PETSHOP,sinir_dahil,nominatim_mahalle,mahalle_merkezi,ANIL BÖBEŞ | MESUT ÖZAY BÖBEŞ,0538 799 38 33,,,
M0000140,TAHTA KALE AKVARYUM (BALIKESIR-ALTIEYLUL),BAHÇELİEVLER MAH. MEHMETÇİK CAD. VATAN APARTMANI NO: 29 D,BALIKESİR,,39.5071481,26.9683175,729,ANIL BÖBEŞ RUT,47,,0,0.0,0.0,Aktif,201 - PETSHOP,sinir_dahil,nominatim_mahalle,mahalle_merkezi,ANIL BÖBEŞ | MESUT ÖZAY BÖBEŞ,0506 705 67 63,,,
M0000141,DİNÇER ZAHİRE YEM-İREM DİNÇER (BALIKESIR-ERDEK),YALI MAH. HÜRRİYET CAD. NO: 40,BALIKESİR,ERDEK,40.3978965,27.7921529,729,ANIL BÖBEŞ RUT,48,,0,0.0,0.0,Aktif,201 - PETSHOP,sinir_dahil,erp,saha_gps,ANIL BÖBEŞ | MESUT ÖZAY BÖBEŞ,530311227,,,
M0000142,EROGLU PETFOOD (BALIKESIR-GONEN),GÜNDOĞDU MAH. 253 SK. UZUNOĞLU NO: 6 F,BALIKESİR,GÖNEN,40.1023504,27.6707089,729,ANIL BÖBEŞ RUT,49,,0,0.0,0.0,Aktif,201 - PETSHOP,sinir_dahil,nominatim_mahalle,mahalle_merkezi,ANIL BÖBEŞ | MESUT ÖZAY BÖBEŞ,0546 720 23 98,,,
M0000143,SEMPATY VETERINER KLINIGI (BALIKESIR-ALTIEYLUL),KASAPLAR MAH. 23_UZUN DÖŞEME SK. NO: 7 C,BALIKESİR,,39.636008,27.8817826,729,ANIL BÖBEŞ RUT,50,,0,0.0,0.0,Aktif,201 - PETSHOP,sinir_dahil,nominatim_mahalle,mahalle_merkezi,ANIL BÖBEŞ | MESUT ÖZAY BÖBEŞ,53483381,,,
M0000144,CANTAN PETSHOP (BALIKESIR-EDREMIT),ALTINKUM MAH. DENİZ_1 CAD. NO: 2 A,BALIKESİR,EDREMİT,39.5729236,26.9411428,729,ANIL BÖBEŞ RUT,51,,0,0.0,0.0,Aktif,201 - PETSHOP,sinir_dahil,nominatim_mahalle,mahalle_merkezi,ANIL BÖBEŞ | MESUT ÖZAY BÖBEŞ,539 980 53 93,,,
M0000145,SETH PETSHOP (BALIKESIR-BANDIRMA),17 EYLÜL MAH. 827 SK. NO: 10 A,BALIKESİR,BANDIRMA,40.3482205,27.9789451,729,ANIL BÖBEŞ RUT,52,,0,0.0,0.0,Aktif,201 - PETSHOP,sinir_dahil,nominatim_mahalle,mahalle_merkezi,ANIL BÖBEŞ | MESUT ÖZAY BÖBEŞ,5316564685,,,
M0000146,ARTEKA VETERINER KLINIGI (BALIKESIR-ERDEK),YALI MAH. MÜZE SK. FEHMİ BEY APT. NO: 2 İÇ KAPI NO: 1,BALIKESİR,ERDEK,40.3948576,27.7946491,729,ANIL BÖBEŞ RUT,53,,0,0.0,0.0,Aktif,201 - PETSHOP,sinir_dahil,nominatim_mahalle,mahalle_merkezi,ANIL BÖBEŞ | MESUT ÖZAY BÖBEŞ,535 595 58 15,,,
M0000147,GAZI AKVARYUM BALIKESIR,YILDIRIM MH. PAŞASARAY SOK. NO:48/54C,BALIKESİR,,,,729,ANIL BÖBEŞ RUT,54,,0,0.0,0.0,Aktif,201 - PETSHOP,sinir_dahil,basarisiz,yok,ANIL BÖBEŞ | MESUT ÖZAY BÖBEŞ,0542 298 55 68,,,
M0000148,ÇINAR VETERİNER KLINIGI (BALIKESIR-EDREMIT),HAMİDİYE MH.555 SK ÇAĞLAR AP.B/1,BALIKESİR,EDREMİT,39.5938352,27.0156844,729,ANIL BÖBEŞ RUT,55,,0,0.0,0.0,Aktif,201 - PETSHOP,sinir_dahil,nominatim_ilce,ilce_merkezi,ANIL BÖBEŞ | MESUT ÖZAY BÖBEŞ,5052109183,,,
M0000149,MESA PETSHOP (BALIKESIR-EDREMIT),HAMİDİYE MAH. SITKI PAŞA CAD. NO: 29 B,BALIKESİR,EDREMİT,39.5919978,27.0116858,729,ANIL BÖBEŞ RUT,56,,0,0.0,0.0,Aktif,201 - PETSHOP,sinir_dahil,nominatim_mahalle,mahalle_merkezi,ANIL BÖBEŞ | MESUT ÖZAY BÖBEŞ,5464859796,,,
M0000150,PARS PET-EREN BAŞARAN (BALIKESIR-BANDIRMA),17 EYLÜL MAH. KEMAL ÖZAL CAD. NO:114/A,BALIKESİR,BANDIRMA,40.3443004,27.9785232,729,ANIL BÖBEŞ RUT,57,2026-07-18,1,62.4,5161.45,Aktif,201 - PETSHOP,sinir_dahil,erp,saha_gps,ANIL BÖBEŞ | MESUT ÖZAY BÖBEŞ,5525823136,,2026-07-18,6
M0000151,OKYANUS CLUP*(KARESI-BALIKESIR),ATALAR CAD. AYTAÇLAR İŞ HANI KAT:1 NO:45-47,BALIKESİR,,,,729,ANIL BÖBEŞ RUT,58,,0,0.0,0.0,Aktif,201 - PETSHOP,sinir_dahil,basarisiz,yok,ANIL BÖBEŞ | MESUT ÖZAY BÖBEŞ,0554 981 37 86,,,
M0000152,SERAP PETSHOP-SERAP YAĞIZ (BALIKESİR/AYVALIK),HAYRETTİNPAŞA MH ATATÜRK BLV SAHİL İLETİŞİM NO:100/C,BALIKESİR,AYVALIK,39.315725,26.6908327,729,ANIL BÖBEŞ RUT,59,,0,0.0,0.0,Aktif,201 - PETSHOP,sinir_dahil,erp,saha_gps,ANIL BÖBEŞ | MESUT ÖZAY BÖBEŞ,05425078,,,
M0000153,AKADEMI PET STORE (BALIKESIR-KARESİ),KAYABEY MH.DERE BOYU CD.NO:11D,BALIKESİR,,39.6446562,27.8818132,729,ANIL BÖBEŞ RUT,60,,0,0.0,0.0,Aktif,201 - PETSHOP,sinir_dahil,erp,saha_gps,ANIL BÖBEŞ | MESUT ÖZAY BÖBEŞ,5076573118,,,
M0000154,DOST YEM-İSMAİL ŞENBİL (BALIKESIR-BANDIRMA),SUNULLAH MAH. ORDU CAD. NO: 93 B İÇ KAPI NO: B,BALIKESİR,BANDIRMA,40.3460881,27.9717615,729,ANIL BÖBEŞ RUT,61,,0,0.0,0.0,Aktif,201 - PETSHOP,sinir_dahil,nominatim_mahalle,mahalle_merkezi,ANIL BÖBEŞ | MESUT ÖZAY BÖBEŞ,0507563755,,,
M0000155,PANDERMOS PETSHOP ***** ( BANDIRMA/10),DERE MAH. SUNULLAH CAD. NO: 32 B,BALIKESİR,BANDIRMA,40.3507469,27.9694168,729,ANIL BÖBEŞ RUT,62,,0,0.0,0.0,Aktif,201 - PETSHOP,sinir_dahil,nominatim_mahalle,mahalle_merkezi,ANIL BÖBEŞ | MESUT ÖZAY BÖBEŞ,0541 647 17 70,,,
M0000156,TARHAL PETSHOP-DİLEK TARHAL (BURHANIYE-BALIKESIR),MAHKEME MAH. NİNE HATUN CAD. NO: 20 İÇ KAPI NO: A,BALIKESİR,BURHANİYE,39.5049248,26.9810689,729,ANIL BÖBEŞ RUT,63,,0,0.0,0.0,Aktif,201 - PETSHOP,sinir_dahil,erp,saha_gps,ANIL BÖBEŞ | MESUT ÖZAY BÖBEŞ,05322440,,,
M0000157,ATLAS PETSHOP-ŞERMİN KORKMAZ (BALIKESIR-BANDIRMA),PAŞABAYIR MAH.MEHMETÇİK CAD.BAŞAK SİT.A BLOK NO:14,BALIKESİR,BANDIRMA,40.3452858,27.9612978,729,ANIL BÖBEŞ RUT,64,,0,0.0,0.0,Aktif,201 - PETSHOP,sinir_dahil,erp,saha_gps,ANIL BÖBEŞ | MESUT ÖZAY BÖBEŞ,5448106891,,,
M0000158,AKCAYDENIZ PETSHOP(BALIKESIR-EDREMIT),İKİZÇAY MAH.2003 SK.İ.GÜZELHELVACI NO:10 A,BALIKESİR,EDREMİT,39.5852929,26.941663,729,ANIL BÖBEŞ RUT,65,,0,0.0,0.0,Aktif,201 - PETSHOP,sinir_dahil,nominatim_mahalle,mahalle_merkezi,ANIL BÖBEŞ | MESUT ÖZAY BÖBEŞ,0546 747 57 68,,,
M0000159,10AR PET SHOP(BALIKESIR-BURHANIYE),KOCACAMİ MAH. BESİM EFE SK. NO: 1 İÇ KAPI NO: 2,BALIKESİR,BURHANİYE,39.5031519,26.9802945,729,ANIL BÖBEŞ RUT,66,,0,0.0,0.0,Aktif,201 - PETSHOP,sinir_dahil,nominatim_mahalle,mahalle_merkezi,ANIL BÖBEŞ | MESUT ÖZAY BÖBEŞ,0538 623 62 42,,,
M0000160,ATLAS PETSHOP*(KARESI-BALIKESIR),1.ORUÇGAZİ MAH. ALTAY CAD. 45 B B,BALIKESİR,,39.6551049,27.8822389,729,ANIL BÖBEŞ RUT,67,,0,0.0,0.0,Aktif,201 - PETSHOP,sinir_dahil,nominatim_mahalle,mahalle_merkezi,ANIL BÖBEŞ | MESUT ÖZAY BÖBEŞ,0543 910 54 08,,,
M0000161,DOST PATILER PETSHOP*(AYVALIK-BALIKESIR),KÜÇÜKKÖY MAH. ÇAMLI SK. ALİYE HANIM APT. 3 6,BALIKESİR,AYVALIK,39.2895062,26.6871732,729,ANIL BÖBEŞ RUT,68,,0,0.0,0.0,Aktif,201 - PETSHOP,sinir_dahil,nominatim_mahalle,mahalle_merkezi,ANIL BÖBEŞ | MESUT ÖZAY BÖBEŞ,0534 075 30 41,,,
M0000162,AKTA PETSHOP*(BALIKESIR-KARESI),Ege Mah. Demirciler Cad. Kalyon Pasajı No:93/B,BALIKESİR,,39.6518105,27.8868225,729,ANIL BÖBEŞ RUT,69,,0,0.0,0.0,Aktif,201 - PETSHOP,sinir_dahil,nominatim_mahalle,mahalle_merkezi,ANIL BÖBEŞ | MESUT ÖZAY BÖBEŞ,0535 244 17 10,,,
M0000163,İLYADA VETERİNER MUAYENEHANESİ(BALIKESIR-EDREMIT),SARIKIZ MAH. SAKARYA CAD. NO: 61 B,BALIKESİR,EDREMİT,39.5845487,26.9299149,729,ANIL BÖBEŞ RUT,70,,0,0.0,0.0,Aktif,201 - PETSHOP,sinir_dahil,nominatim_mahalle,mahalle_merkezi,ANIL BÖBEŞ | MESUT ÖZAY BÖBEŞ,5424552219,,,
M0000164,BENEK PETSHOP(BALIKESIR-BURHANIYE),ÖĞRETMENLER MAH. MUAMMER AKSOY CAD.NO:29 A,BALIKESİR,BURHANİYE,39.4890843,26.9337483,729,ANIL BÖBEŞ RUT,71,,0,0.0,0.0,Aktif,201 - PETSHOP,sinir_dahil,nominatim_mahalle,mahalle_merkezi,ANIL BÖBEŞ | MESUT ÖZAY BÖBEŞ,5422166789,,,
M0000165,AY-VET VETERINER MUAYENEHANESI (BALIKESIR-EDREMIT),CAMİVASAT MAH. 9 EYLÜL CAD D NO: 11 A,BALIKESİR,EDREMİT,39.5910558,27.0228374,729,ANIL BÖBEŞ RUT,72,,0,0.0,0.0,Aktif,201 - PETSHOP,sinir_dahil,nominatim_mahalle,mahalle_merkezi,ANIL BÖBEŞ | MESUT ÖZAY BÖBEŞ,5445289638,,,
M0000166,SHOW PETSHOP (KARESI-BALIKESIR),ALİ HİKMET PAŞA MAH.DEDE SOK.NO:11/A,BALIKESİR,,39.656762,27.8877559,729,ANIL BÖBEŞ RUT,73,,0,0.0,0.0,Aktif,201 - PETSHOP,sinir_dahil,nominatim_mahalle,mahalle_merkezi,ANIL BÖBEŞ | MESUT ÖZAY BÖBEŞ,0535 699 69 23,,,
M0000167,SEMPATİ VET.KLINIGI (BALIKESIR-GONEN),KURTULUŞ MAH. Ş.ERCAN COŞKUN CAD. NO: 30,BALIKESİR,GÖNEN,40.111262,27.6583278,729,ANIL BÖBEŞ RUT,74,,0,0.0,0.0,Aktif,201 - PETSHOP,sinir_dahil,nominatim_mahalle,mahalle_merkezi,ANIL BÖBEŞ | MESUT ÖZAY BÖBEŞ,05512171646,,,
M0000168,HAKAN ATES(BALIKESIR-SUSURLUK),HAN MAH.ŞEHİT FİKRET CD.4/A,BALIKESİR,SUSURLUK,39.9166925,28.1563448,729,ANIL BÖBEŞ RUT,75,,0,0.0,0.0,Aktif,201 - PETSHOP,sinir_dahil,erp,saha_gps,ANIL BÖBEŞ | MESUT ÖZAY BÖBEŞ,0532 785 44 78,,,
M0000170,KOSEM KUS EVI (BURSA-KARACABEY),SIRABADEMLER MAH. ŞÜKRÜ KESKİN SK. NO: 60 A,BALIKESİR,,40.2095769,28.3608106,729,ANIL BÖBEŞ RUT,76,,0,0.0,0.0,Aktif,201 - PETSHOP,sinir_dahil,erp,saha_gps,ANIL BÖBEŞ | MESUT ÖZAY BÖBEŞ,0532 566 98 33,,,
M0000171,V PET (BURSA-MUSTAFAKEMALPASA),CUMHURİYET MAH.16 CAD. NO: 83 G,BALIKESİR,,39.3878404,27.6566823,729,ANIL BÖBEŞ RUT,77,,0,0.0,0.0,Aktif,201 - PETSHOP,sinir_dahil,nominatim_mahalle,mahalle_merkezi,ANIL BÖBEŞ | MESUT ÖZAY BÖBEŞ,0539 555 54 32,,,
M0000172,DENIZKIZI AKVARYUM (BURSA-MUSTAFAKEMALPAŞA),ŞEYH MÜFTÜ MAH. TAKUNYACILAR SOK.NO:1-3,BALIKESİR,,40.0351355,28.4103406,729,ANIL BÖBEŞ RUT,78,,0,0.0,0.0,Aktif,201 - PETSHOP,sinir_dahil,nominatim_mahalle,mahalle_merkezi,ANIL BÖBEŞ | MESUT ÖZAY BÖBEŞ,0536 220 46 10,,,
M0000173,ÇİFTLİK PETSHOP (CANAKKALE-MERKEZ),CEVATPAŞA MAH.MEHMETÇİK BULV. NO:3/1,BALIKESİR,,,,729,ANIL BÖBEŞ RUT,79,,0,0.0,0.0,Aktif,201 - PETSHOP,sinir_dahil,basarisiz,yok,ANIL BÖBEŞ | MESUT ÖZAY BÖBEŞ,5526191660,,,
M0000174,YEM VE MAMA MARKET (CANAKKALE-MERKEZ),NAMIK KEMAL MAH. BÜYÜK HAMAM SK. NO: 21 İÇ KAPI NO: A,BALIKESİR,,39.3826516,26.5859812,729,ANIL BÖBEŞ RUT,80,,0,0.0,0.0,Aktif,201 - PETSHOP,sinir_dahil,nominatim_mahalle,mahalle_merkezi,ANIL BÖBEŞ | MESUT ÖZAY BÖBEŞ,54528617,,,
M0000191,PETRA VETERINER (CANAKKALE-BIGA),ŞİRİNTEPE MAH. ŞEHİT METİN OKATAN CAD NO: 97 İÇ KAPI NO: Z1,BALIKESİR,,,,729,ANIL BÖBEŞ RUT,90,,0,0.0,0.0,Aktif,201 - PETSHOP,sinir_dahil,basarisiz,yok,ANIL BÖBEŞ | MESUT ÖZAY BÖBEŞ,537 564 23 53,,,
M0000192,CAN DOSTUM (CANAKKALE-MERKEZ),ESENLER MAH. BARIŞ CAD. NO: 40 İÇ KAPI NO: B,BALIKESİR,,,,729,ANIL BÖBEŞ RUT,91,,0,0.0,0.0,Aktif,201 - PETSHOP,sinir_dahil,basarisiz,yok,ANIL BÖBEŞ | MESUT ÖZAY BÖBEŞ,535 353 81 52,,,
M0000193,ECEABAT VETERINER KLINIGI (ECEABAT-CANAKKALE),"KEMALPAŞA MAHALLESİ,CUMHURİYET CADDESİ,NO:18/A",BALIKESİR,,39.3917907,26.8404943,729,ANIL BÖBEŞ RUT,92,,0,0.0,0.0,Aktif,201 - PETSHOP,sinir_dahil,nominatim_mahalle,mahalle_merkezi,ANIL BÖBEŞ | MESUT ÖZAY BÖBEŞ,0541 950 66 26,,,
M0000194,SAROS BALIK VE KUS (CANAKKALE-MERKEZ),KEMALPAŞA MH. DİBEK SK. NO:19/A,BALIKESİR,,,,729,ANIL BÖBEŞ RUT,93,,0,0.0,0.0,Aktif,201 - PETSHOP,sinir_dahil,basarisiz,yok,ANIL BÖBEŞ | MESUT ÖZAY BÖBEŞ,0544 271 37 46,,,
M0000195,DEVIMAR AKV. (CANAKKALE-LAPSEKI),CUMHURİYET MAH. CAMİ SK. NO:1,BALIKESİR,,39.3878404,27.6566823,729,ANIL BÖBEŞ RUT,94,,0,0.0,0.0,Aktif,201 - PETSHOP,sinir_dahil,nominatim_mahalle,mahalle_merkezi,ANIL BÖBEŞ | MESUT ÖZAY BÖBEŞ,0542 687 99 32,,,
M0000204,SEKER PETSHOP*(CANAKKALE),CEVATPAŞA MAH. ZÜBEYDE HN SOK.YEDA APT.NO:38/A,BALIKESİR,,,,729,ANIL BÖBEŞ RUT,95,,0,0.0,0.0,Aktif,201 - PETSHOP,sinir_dahil,basarisiz,yok,ANIL BÖBEŞ | MESUT ÖZAY BÖBEŞ,0546 642 02 42,,,
M0000205,ERSIN AKV. DUNYASI (CANAKKALE-BIGA) P.Ö*,SAKARYA MAH. CUMRU SK. NO:14,BALIKESİR,,39.5834668,27.4832366,729,ANIL BÖBEŞ RUT,96,,0,0.0,0.0,Aktif,201 - PETSHOP,sinir_dahil,nominatim_mahalle,mahalle_merkezi,ANIL BÖBEŞ | MESUT ÖZAY BÖBEŞ,0537 507 94 44,,,
M0000207,İDİL PETSHOP (10-BANDIRMA),17 EYLÜL MAH. KURTULUŞ CAD. NO:110/10,BALIKESİR,BANDIRMA,40.3482205,27.9789451,729,ANIL BÖBEŞ RUT,98,,0,0.0,0.0,Aktif,201 - PETSHOP,sinir_dahil,nominatim_mahalle,mahalle_merkezi,ANIL BÖBEŞ | MESUT ÖZAY BÖBEŞ,5439186173,,,
M0000208,SAFARİ-AV BALIK-ALİ BÜYÜKDEMİREL (SUSURLUK-BALIKESİR),HAN MH. HACIBAYRAM SK. NO:10/A,BALIKESİR,SUSURLUK,39.9149018,28.1585303,729,ANIL BÖBEŞ RUT,99,,0,0.0,0.0,Aktif,201 - PETSHOP,sinir_dahil,erp,saha_gps,ANIL BÖBEŞ | MESUT ÖZAY BÖBEŞ,5469100691,,,
M0000209,TWEETY PETSHOP-SONER AKDAĞ (BANDIRMA/BALIKESİR),İHSANİYE MAH. KURTULUŞ CAD. NO:64/C,BALIKESİR,BANDIRMA,40.3548081,27.9758658,729,ANIL BÖBEŞ RUT,100,2026-07-18,1,99.6,5848.73,Aktif,201 - PETSHOP,sinir_dahil,erp,saha_gps,ANIL BÖBEŞ | MESUT ÖZAY BÖBEŞ,5394927385,,2026-07-18,6
M0000211,BAŞAK TARIM YEM DEPOSU (ÇANAKKALE),NAMIK KEMAL MH.SETBOYU CD.NO:71/A,BALIKESİR,,40.1448919,26.4115264,729,ANIL BÖBEŞ RUT,102,,0,0.0,0.0,Aktif,201 - PETSHOP,sinir_dahil,erp,saha_gps,ANIL BÖBEŞ | MESUT ÖZAY BÖBEŞ,5332232221,,,
M0000212,"ARES AV & ARES PETSHOP DOĞA SPORLARI,KARA VE DENİZ AVI MALZEMELERİ (ÇANAKKALE-MERKEZ)",İSMETPAŞA MH. MİRALAY ŞEFİK BEY CAD.NO:17/B,BALIKESİR,,40.14528,26.4130384,729,ANIL BÖBEŞ RUT,103,,0,0.0,0.0,Aktif,201 - PETSHOP,sinir_dahil,erp,saha_gps,ANIL BÖBEŞ | MESUT ÖZAY BÖBEŞ,5434388018,,,
M0000213,GÖK TİCARET (ÇANAKKALE-MERKEZ),ARAP İBRAHİM PAŞA CAD. NO:93/A,BALIKESİR,,,,729,ANIL BÖBEŞ RUT,104,,0,0.0,0.0,Aktif,201 - PETSHOP,sinir_dahil,basarisiz,yok,ANIL BÖBEŞ | MESUT ÖZAY BÖBEŞ,5559860552,,,
M0000214,DOĞAN PET SHOP(AYVALIK/10),KÜÇÜKKÖY MH. MİLLET CAD. NO:4/21,BALIKESİR,AYVALIK,39.3180962,26.6916708,729,ANIL BÖBEŞ RUT,105,,0,0.0,0.0,Aktif,201 - PETSHOP,sinir_dahil,nominatim_ilce,ilce_merkezi,ANIL BÖBEŞ | MESUT ÖZAY BÖBEŞ,5545843054,,,
M0000215,NİRVANA VETERİNER KLİNİĞİ (10-SUSURLUK),HAN MH. ÇARŞI CAMİİ SK. NO:24H,BALIKESİR,SUSURLUK,39.915187,28.15742,729,ANIL BÖBEŞ RUT,106,,0,0.0,0.0,Aktif,201 - PETSHOP,sinir_dahil,erp,saha_gps,ANIL BÖBEŞ | MESUT ÖZAY BÖBEŞ,5301260635,,,
M0000217,SÜREYYA PET SHOP (EDREMİT),İKİZÇAY MH. GÜLSU CAD. MENEKŞE APT. NO:12,BALIKESİR,,,,729,ANIL BÖBEŞ RUT,108,,0,0.0,0.0,Aktif,201 - PETSHOP,sinir_dahil,basarisiz,yok,ANIL BÖBEŞ | MESUT ÖZAY BÖBEŞ,5303881889,,,
M0000218,EVCİL PETS (EDREMİT/BALIKESİR),CAMİVASAT MH. İNÖNÜ CAD. NO:50/A,BALIKESİR,EDREMİT,39.5929593,27.0224096,729,ANIL BÖBEŞ RUT,109,,0,0.0,0.0,Aktif,201 - PETSHOP,sinir_dahil,erp,saha_gps,ANIL BÖBEŞ | MESUT ÖZAY BÖBEŞ,5323572319,,,
M0000219,ASLAN PET (BANDIRMA/10),PAŞABAYIR MH ORDU CAD.NO:154/A,BALIKESİR,BANDIRMA,40.3554705,27.9697603,729,ANIL BÖBEŞ RUT,110,,0,0.0,0.0,Aktif,201 - PETSHOP,sinir_dahil,nominatim_ilce,ilce_merkezi,ANIL BÖBEŞ | MESUT ÖZAY BÖBEŞ,5543761060,,,
M0000222,ÇENGELKÖY PETSHOP(EZİNE/ÇANAKKALE),CUMHURİYET MH17 CAD. NO:40/1,BALIKESİR,,,,729,ANIL BÖBEŞ RUT,113,,0,0.0,0.0,Aktif,201 - PETSHOP,sinir_dahil,basarisiz,yok,ANIL BÖBEŞ | MESUT ÖZAY BÖBEŞ,5304701089,,,
M0000223,BİBAK PET FOOD VE AKSESUAR (MERKEZ/ÇANAKKALE),İSMETPAŞA MH. MİRALAY ŞEFİK BEY CAD. NO:47/2,BALIKESİR,,,,729,ANIL BÖBEŞ RUT,114,,0,0.0,0.0,Aktif,201 - PETSHOP,sinir_dahil,basarisiz,yok,ANIL BÖBEŞ | MESUT ÖZAY BÖBEŞ,5376973417,,,
M0000224,EFE PETSHOP ( ALTIEYLÜL-10),ATIEYLÜL MH.ATALAR CD.NO:45/B,BALIKESİR,,,,729,ANIL BÖBEŞ RUT,115,,0,0.0,0.0,Aktif,201 - PETSHOP,sinir_dahil,basarisiz,yok,ANIL BÖBEŞ | MESUT ÖZAY BÖBEŞ,5356022888,,,
M0000225,266 VETERİNER HEKİM MUYANEHANESİ(10-ALTIEYLÜL),BAHÇELİEVLER MH.PAZAR SK.NO:9/A,BALIKESİR,,39.6705767,27.9002283,729,ANIL BÖBEŞ RUT,116,,0,0.0,0.0,Aktif,201 - PETSHOP,sinir_dahil,erp,saha_gps,ANIL BÖBEŞ | MESUT ÖZAY BÖBEŞ,5376076256,,,
M0000226,NOVA VETERİNER KLİNİĞİ (10-ALTIEYLÜL),BAHÇELİEVLER MH.AVUKATLAR CD.NO:36-38A,BALIKESİR,,,,729,ANIL BÖBEŞ RUT,117,,0,0.0,0.0,Aktif,201 - PETSHOP,sinir_dahil,basarisiz,yok,ANIL BÖBEŞ | MESUT ÖZAY BÖBEŞ,5534656762,,,
M0000227,FERMA-VET VETERİNER KLİNİĞİ (10-BANDIRMA),PAŞAKONAK MH.ÇAMLIK CD.NO:11/A,BALIKESİR,BANDIRMA,40.3396618,27.956778,729,ANIL BÖBEŞ RUT,118,,0,0.0,0.0,Aktif,201 - PETSHOP,sinir_dahil,erp,saha_gps,ANIL BÖBEŞ | MESUT ÖZAY BÖBEŞ,5457188889,,,
M0000232,SEMİH PETSHOP-SEMİH ERMİN (BALIKESİR/BANDIRMA),17 EYLÜL MH.ATATÜRK CD.NO:109/A,BALIKESİR,BANDIRMA,40.3512858,27.97318,729,ANIL BÖBEŞ RUT,122,,0,0.0,0.0,Aktif,201 - PETSHOP,sinir_dahil,erp,saha_gps,ANIL BÖBEŞ | MESUT ÖZAY BÖBEŞ,5075319311,,,
M0000244,LUNA PETSHOP (BALIKESİR/AYVALIK),SAKARYA MH.ATATÜRK BULV.NO:240,BALIKESİR,AYVALIK,39.3180962,26.6916708,729,ANIL BÖBEŞ RUT,126,,0,0.0,0.0,Aktif,201 - PETSHOP,sinir_dahil,nominatim_ilce,ilce_merkezi,ANIL BÖBEŞ | MESUT ÖZAY BÖBEŞ,5418112085,,,
M0000250,PETOPIA PETSHOP-ONUR BEL (BALIKESİR/BANDIRMA),PAŞABAYIR MH.MEHMETÇİK CD.NAZİK HNM AP. NO:57/B,BALIKESİR,BANDIRMA,40.3484313,27.9644415,729,ANIL BÖBEŞ RUT,128,,0,0.0,0.0,Aktif,201 - PETSHOP,sinir_dahil,erp,saha_gps,ANIL BÖBEŞ | MESUT ÖZAY BÖBEŞ,5334552596,,,
M0000251,MANKY PETSHOP-ALİ RIZA PEKŞEN (BALIKESIR-BURHANIYE),YOLÖREN MAH. YOLÖREN 64. SOK. NO:11-15 NO:14/A,BALIKESİR,BURHANİYE,39.5978223,26.9739841,729,ANIL BÖBEŞ RUT,129,,0,0.0,0.0,Aktif,201 - PETSHOP,sinir_dahil,erp,saha_gps,ANIL BÖBEŞ | MESUT ÖZAY BÖBEŞ,5336683509,,,
M0000252,MUTLU PETSHOP(CANAKKALE-LAPSEKI),CUMHURİYET MAH. MENDERES CAD. Ç.KALE CDNO:798/2,BALIKESİR,,39.3878404,27.6566823,729,ANIL BÖBEŞ RUT,130,,0,0.0,0.0,Aktif,201 - PETSHOP,sinir_dahil,nominatim_mahalle,mahalle_merkezi,ANIL BÖBEŞ | MESUT ÖZAY BÖBEŞ,0553 618 84 42,,,
M0000253,BİLBİL ZÜCCACİYE (10-DURSUNBEY),Ferah mh.Sağlık ocağı karşısı,BALIKESİR,DURSUNBEY,39.5472927,28.6529869,729,ANIL BÖBEŞ RUT,131,,0,0.0,0.0,Aktif,201 - PETSHOP,sinir_dahil,nominatim_ilce,ilce_merkezi,ANIL BÖBEŞ | MESUT ÖZAY BÖBEŞ,5327892633,,,
M0000254,EMPİRE OF DOGS-BENAN ÇAĞATAY (BALIKESİR/BURHANİYE),Mustafa Kemal Atatürk Caddesi No 1,BALIKESİR,BURHANİYE,39.5030179,26.9807391,729,ANIL BÖBEŞ RUT,132,,0,0.0,0.0,Aktif,201 - PETSHOP,sinir_dahil,nominatim_ilce,ilce_merkezi,ANIL BÖBEŞ | MESUT ÖZAY BÖBEŞ,5555555555,,,
M0000255,FOR PET VETERİNER (10-BANDIRMA),PAŞAKENT MH.ŞEHİT BEDİR KARABIYIK CD. NO:49/A,BALIKESİR,BANDIRMA,40.3554705,27.9697603,729,ANIL BÖBEŞ RUT,133,,0,0.0,0.0,Aktif,201 - PETSHOP,sinir_dahil,nominatim_ilce,ilce_merkezi,ANIL BÖBEŞ | MESUT ÖZAY BÖBEŞ,5316030027,,,
M0000277,ALFA VETERİNER KLİNİĞİ(ALTIEYLÜL-10),BAHÇELİEVLER MAH. SEVİNÇ SK. NO: 5 A,BALIKESİR,,39.6231223,27.8952498,729,ANIL BÖBEŞ RUT,134,,0,0.0,0.0,Aktif,201 - PETSHOP,sinir_dahil,erp,saha_gps,ANIL BÖBEŞ | MESUT ÖZAY BÖBEŞ,5337059098,,,
M0000278,KUMSAL PET (ÇANAKKALE-MERKEZ),CEVATPAŞA MH.İNÖNÜ CD.NO:27 İÇ KAPI NO:15,BALIKESİR,,,,729,ANIL BÖBEŞ RUT,135,,0,0.0,0.0,Aktif,201 - PETSHOP,sinir_dahil,basarisiz,yok,ANIL BÖBEŞ | MESUT ÖZAY BÖBEŞ,5452086361,,,
M0000279,AREL PETSHOP-AYTAÇ TAV (BANDIRMA/BANDIRMA),17 EYLÜL MH.FABRİKA SK.DEMİRCİ MAHMUT AP. NO:33 İÇ KAPI NO:5,BALIKESİR,BANDIRMA,40.3554705,27.9697603,729,ANIL BÖBEŞ RUT,136,2026-07-18,2,71.12,10777.32,Aktif,201 - PETSHOP,sinir_dahil,nominatim_ilce,ilce_merkezi,ANIL BÖBEŞ | MESUT ÖZAY BÖBEŞ,5433221685,,2026-07-18,6
M0000280,SELÇUK AKVARYUM-FETHİ SELÇUK (BURSA-KEMALPAŞA),HAMZABEY MH.AHMET SAYGIN ÇARŞISI SK. NO:12,BALIKESİR,,40.0378478,28.4095033,729,ANIL BÖBEŞ RUT,137,,0,0.0,0.0,Aktif,201 - PETSHOP,sinir_dahil,erp,saha_gps,ANIL BÖBEŞ | MESUT ÖZAY BÖBEŞ,5325096073,,,
M0000281,MAVI REYON (BURSA-NILUFER),ÇALI MAH.ADABAĞLAR CAD.NO:8,BALIKESİR,,39.381092,27.6595751,729,ANIL BÖBEŞ RUT,138,,0,0.0,0.0,Aktif,201 - PETSHOP,sinir_dahil,nominatim_mahalle,mahalle_merkezi,ANIL BÖBEŞ | MESUT ÖZAY BÖBEŞ,0532 682 45 70,,,
M0000282,KENDIN AL (BURSA-OSMANGAZI),YAHŞİBEY MAH. 12 MURAT SK.NO:29/A,BALIKESİR,,,,729,ANIL BÖBEŞ RUT,139,,0,0.0,0.0,Aktif,201 - PETSHOP,sinir_dahil,basarisiz,yok,ANIL BÖBEŞ | MESUT ÖZAY BÖBEŞ,0532 740 39 89,,,
M0000283,PETELIKA PETSHOP (BURSA-OSMANGAZI),KÜKÜRTLÜ MH.ÇEKİRGE CD.NO:120/A,BALIKESİR,,,,729,ANIL BÖBEŞ RUT,140,,0,0.0,0.0,Aktif,201 - PETSHOP,sinir_dahil,basarisiz,yok,ANIL BÖBEŞ | MESUT ÖZAY BÖBEŞ,539 483 19 30,,,
M0000565,PATİ GRAM VETERİNER (BURSA-NİLÜFER),DUMLUPINAR MH.FINDIK (500) SK.NO:5A/C,BALIKESİR,,,,729,ANIL BÖBEŞ RUT,174,,0,0.0,0.0,Aktif,201 - PETSHOP,sinir_dahil,basarisiz,yok,ANIL BÖBEŞ | MESUT ÖZAY BÖBEŞ,,,,
M0000566,GÖRÜKLE VETERİNER KLİNİĞİ (BURSA-NİLÜFER),GÖRÜKLE MH.YERLEŞİM SİTESİ LALE AP.13/1,BALIKESİR,,,,729,ANIL BÖBEŞ RUT,175,,0,0.0,0.0,Aktif,201 - PETSHOP,sinir_dahil,basarisiz,yok,ANIL BÖBEŞ | MESUT ÖZAY BÖBEŞ,,,,
M0000567,İNKA VETERİNER KLİNİĞİ (BURSA-NİLÜFER),AHMETYESEVİ MH.BEY SK.BAKGÖR CİTY A BLOK 4 A/E,BALIKESİR,,,,729,ANIL BÖBEŞ RUT,176,,0,0.0,0.0,Aktif,201 - PETSHOP,sinir_dahil,basarisiz,yok,ANIL BÖBEŞ | MESUT ÖZAY BÖBEŞ,5550004652,,,
100001225,PETİVYA PETSHOP,17 EYLÜL MAH. HAVUZLU BAHÇE SK. NO:58J BANDIRMA,BALIKESİR,BANDIRMA,40.3482205,27.9789451,729,ANIL BÖBEŞ RUT,177,2026-07-18,2,390.0,50853.01,Aktif,201 - PETSHOP,sinir_dahil,nominatim_mahalle,mahalle_merkezi,ANIL BÖBEŞ,5514875157,,2026-07-18,6
M0000621,TAVUK DOKTORU-AYŞAEGÜL ÖZDEMİR (BANDIRMA/BALIKESİR),17 EYLÜL MAH. KURTULUŞ CD. KAPALI PAZAR YERİ,BALIKESİR,BANDIRMA,40.3482205,27.9789451,729,ANIL BÖBEŞ RUT,178,,0,0.0,0.0,Aktif,201 - PETSHOP,sinir_dahil,nominatim_mahalle,mahalle_merkezi,ANIL BÖBEŞ | MESUT ÖZAY BÖBEŞ,5322309977,,,
100001229,BANDIRMA SU DÜNYASI,100. YIL MAH. 2004 SK. NO: 26/A,BALIKESİR,BANDIRMA,40.3436484,27.9942834,729,ANIL BÖBEŞ RUT,179,2026-07-18,1,120.0,8402.29,Aktif,201 - PETSHOP,sinir_dahil,nominatim_mahalle,mahalle_merkezi,ANIL BÖBEŞ,5444865101,,2026-07-18,6
100001228,KIVIRCIK PETSHOP,DERE MAH. ORDU CD. NO:39/A,BALIKESİR,BANDIRMA,40.3507469,27.9694168,729,ANIL BÖBEŞ RUT,180,2026-07-18,1,330.0,18900.0,Aktif,201 - PETSHOP,sinir_dahil,nominatim_mahalle,mahalle_merkezi,ANIL BÖBEŞ,5076576846,,2026-07-18,6
100001227,IRMAK PET KUAFÖR,17 EYLÜL MAHALLESİ 1051 SK. NO: 32,BALIKESİR,BANDIRMA,40.3482205,27.9789451,729,ANIL BÖBEŞ RUT,181,2026-07-18,1,261.0,5700.46,Aktif,201 - PETSHOP,sinir_dahil,nominatim_mahalle,mahalle_merkezi,ANIL BÖBEŞ,5061379907,,2026-07-18,6
100001231,PO PETSHOP,BAHÇELİEVLER MAH. DÜZGÜN SK. NO:1/B,BALIKESİR,,39.5071481,26.9683175,729,ANIL BÖBEŞ RUT,183,,0,0.0,0.0,Aktif,201 - PETSHOP,sinir_dahil,nominatim_mahalle,mahalle_merkezi,ANIL BÖBEŞ,5457846544,,,
100001237,ATA PET MARKET,PAŞA ALANI MAH. ÜÇPINAR KÖYÜ YOLU CD. UYSALLAR APT,BALIKESİR,,39.6610936,27.9049819,729,ANIL BÖBEŞ RUT,185,,0,0.0,0.0,Aktif,201 - PETSHOP,sinir_dahil,nominatim_mahalle,mahalle_merkezi,ANIL BÖBEŞ,5304420045,,,
100001235,ÖZGE PETSHOP,CAMİVASAT MAH. ULUGARAJ CD. NO: 22/2 EDREMİT,BALIKESİR,EDREMİT,39.5910558,27.0228374,729,ANIL BÖBEŞ RUT,186,,0,0.0,0.0,Aktif,201 - PETSHOP,sinir_dahil,nominatim_mahalle,mahalle_merkezi,ANIL BÖBEŞ,5322616698,,,
100001236,BALMAMA YEM VE AKSESUAR,EGE MAH. CÜCELER SK. NO:60A KARESİ,BALIKESİR,,39.6518105,27.8868225,729,ANIL BÖBEŞ RUT,187,,0,0.0,0.0,Aktif,201 - PETSHOP,sinir_dahil,nominatim_mahalle,mahalle_merkezi,ANIL BÖBEŞ,5552704788,,,
M0000016,KEMAL ARSLAN UN-YEM TİCARETİ (MANYAS/BALIKESİR),ÇARŞI MAH. AŞIKLAR SOK. NO: 26,BALIKESİR,MANYAS,40.0447826,27.968992,729,ANIL BÖBEŞ RUT,188,2026-07-18,1,1590.0,110462.29,Aktif,201 - PETSHOP,sinir_dahil,nominatim_mahalle,mahalle_merkezi,ANIL BÖBEŞ | MESUT ÖZAY BÖBEŞ,2668181600,,2026-07-18,6
132936,SALİH SAVAŞ,ALİ HİKMET PAŞA MAH. DEDE SK. SAVAŞ YEM NO:34 KARESİ/BALIKESİR,BALIKESİR,,39.656762,27.8877559,,,,,0,0.0,0.0,Aktif,202 - YEM TOPTAN,sinir_dahil,nominatim_mahalle,mahalle_merkezi,,5524501010,,,
100001195,HALİL PEKDEMİR ÇİFTLİĞİ GIDA VE İHTİYAÇ MADDELERİ TİCARET VE SANAYİ LİMİTED ŞİRKETİ,HACIEYÜPLÜ MAHALLESİ MENDERES BLV. NO: 7 A/1 MERKEZEFENDİ BELDESİ MERKEZEFENDİ DENİZLİ,DENİZLİ,,37.8323397,29.026913,553,MERKEZ,38,,0,0.0,0.0,Aktif,204 - ULUSAL KANAL,cekirdek,nominatim_mahalle,mahalle_merkezi,MERKEZ TEMSİLCİ,025829590,035,,
100001042,GRAND PET STORE,TOPRAKLI MH HALK CD SÖZER APT NO:12D PAMUKKALE,DENİZLİ,,,,557,NURŞEN YAGCI,128,2026-04-27,1,511.0,48285.06,Aktif,201 - PETSHOP,cekirdek,basarisiz,yok,NURŞEN YAĞCI,5065410514,34000,2026-04-27,88
100000412,HASAN ÇELIK,İNCİLİPINAR MAH.İNCİLİPINAR CAD. NO:64/A PAMUKKALE-DENİZLİ PAMUKKALE-DENİZLİ,DENİZLİ,,37.7603602,29.1002802,557,NURŞEN YAGCI,129,2025-12-22,1,560.0,61697.87,Aktif,201 - PETSHOP,cekirdek,nominatim_mahalle,mahalle_merkezi,NURŞEN YAĞCI,5467496420,34000,2025-12-22,214
100000606,LUTINO PETSHOP AHMET BAL,YUKARI MAH. DAĞSARAY CAD. RAMAZAN-EZNUR BAL 4A/1 ACIPAYAM,DENİZLİ,ACIPAYAM,37.4273777,29.3505097,557,NURŞEN YAGCI,130,2026-05-11,6,1934.0,200501.78,Aktif,201 - PETSHOP,cekirdek,nominatim_ilce,ilce_merkezi,NURŞEN YAĞCI,5057096549,34000,2025-12-29,74
100000593,BABAOĞLU YEM YUSUF ÇOBAN,SERAYLAR MH. AHİ SİNAN CD. NO:46/0 MERKEZEFENDİ,DENİZLİ,,,,557,NURŞEN YAGCI,131,,0,0.0,0.0,Aktif,202 - YEM TOPTAN,cekirdek,basarisiz,yok,NURŞEN YAĞCI,5392067992,34000,,
100001241,CAN PETSHOP & TAHSİN ERDOĞAN,DELİKTAŞ MAH. Ş.ER YILMAZ ZEREN CAD. NO: 26/A,DENİZLİ,,37.7790772,29.1016646,557,NURŞEN YAGCI,134,,0,0.0,0.0,Aktif,201 - PETSHOP,cekirdek,nominatim_mahalle,mahalle_merkezi,NURŞEN YAĞCI,5374545678,,,
100000419,SUDE AKVARYUM / HALDUN AYTEKİN,KURTULUS MAH. ATATÜRK CAD. NO:19 İÇ KAPI NO:A BULDAN-DENİZLİ BULDAN-DENİZLİ,DENİZLİ,BULDAN,38.0459154,28.8286722,557,NURŞEN YAGCI,136,2026-01-29,2,685.0,39174.02,Aktif,201 - PETSHOP,cekirdek,nominatim_mahalle,mahalle_merkezi,NURŞEN YAĞCI,5322841008,34000,2025-12-22,176
100000982,FATIMA ARSLAN,TOPRAKLIK MAH. ATATÜRK . CAD. YORGANCIOĞLU APT. NO: 69 İÇ KAPI NO: 1 PAMUKKALE/ DENİZLİ,DENİZLİ,,37.7821118,29.0911959,672,DERYA YAYLA PERŞEMBE,42,2026-06-18,5,1268.0,92124.27,Aktif,201 - PETSHOP,cekirdek,nominatim_mahalle,mahalle_merkezi,DERYA YAYLA,5531285673,34000,2025-12-22,36
100000411,ESMERAY ZIYLAN,TOPRAKLIK MAH. 632 SK.NO:5/A PAMUKKLAE-DENİZLİ,DENİZLİ,,37.7821118,29.0911959,730,AYDIN BÖLGE CARİ MÜŞTERİ,1,,0,0.0,0.0,Aktif,201 - PETSHOP,cekirdek,nominatim_mahalle,mahalle_merkezi,AYDIN MERKEZ,5073689495,34000,,
100000413,DALBAY SU ÜRÜNLERI YEM GIDA,İSTİKLAL MAH.ZÜBEYDE HANIM CAD.ÇORBACIOĞLU APT.NO:16/A PAMUKKALE-DENİZLİ PAMUKKALE-DENİZLİ,DENİZLİ,,37.765747,29.0948144,730,AYDIN BÖLGE CARİ MÜŞTERİ,2,2025-12-26,1,192.0,19066.6,Aktif,202 - YEM TOPTAN,cekirdek,nominatim_mahalle,mahalle_merkezi,AYDIN MERKEZ,5427630077,34000,2025-12-26,210
100000415,RAMAZAN ULUSOY,İNCİLİPINAR MAHALLESİ 1197 SOK.NO:2/A PAMUKKALE-DENİZLİ,DENİZLİ,,37.7603602,29.1002802,730,AYDIN BÖLGE CARİ MÜŞTERİ,3,,0,0.0,0.0,Aktif,201 - PETSHOP,cekirdek,nominatim_mahalle,mahalle_merkezi,AYDIN MERKEZ,5418994260,34000,,
100000416,KUDRET ÇELIK,ŞEHİT YUNUS KESKİN CADDESİ NO:99-A PAMUKKALE-DENİZLİ,DENİZLİ,,,,730,AYDIN BÖLGE CARİ MÜŞTERİ,4,,0,0.0,0.0,Aktif,201 - PETSHOP,cekirdek,basarisiz,yok,AYDIN MERKEZ,5549247331,34000,,
100000422,YUNUS KEYSAN,YUKARI MAH ÇARŞI CAD NO:12/A ACIPAYAM,DENİZLİ,ACIPAYAM,37.4273777,29.3505097,730,AYDIN BÖLGE CARİ MÜŞTERİ,5,,0,0.0,0.0,Aktif,201 - PETSHOP,cekirdek,nominatim_ilce,ilce_merkezi,AYDIN MERKEZ,5549494179,34000,,
100000428,ILKER ÖZCAN,ZEYTİNKÖY MAH VATAN BULV NO:25 A PAMUKKALE DENİZLİ,DENİZLİ,,37.7405252,29.1189578,730,AYDIN BÖLGE CARİ MÜŞTERİ,6,,0,0.0,0.0,Aktif,201 - PETSHOP,cekirdek,nominatim_mahalle,mahalle_merkezi,AYDIN MERKEZ,5052109120,34000,,
100000430,ŞABAN OKAN ŞANLI,AŞAĞI MH. ATATÜRK BULV. NO:43 İÇ KAPI NO:1 ACIPAYAM-DENİZLİ,DENİZLİ,ACIPAYAM,37.4273777,29.3505097,730,AYDIN BÖLGE CARİ MÜŞTERİ,7,,0,0.0,0.0,Aktif,201 - PETSHOP,cekirdek,nominatim_ilce,ilce_merkezi,AYDIN MERKEZ,5398787787,34000,,
100000433,ÜNAL ÇETİN,YENİ MAH SELVİLİ CAD 34 1 ÇAMELİ DENİZLİ,DENİZLİ,ÇAMELİ,37.0761111,29.3447222,730,AYDIN BÖLGE CARİ MÜŞTERİ,8,,0,0.0,0.0,Aktif,201 - PETSHOP,cekirdek,nominatim_ilce,ilce_merkezi,AYDIN MERKEZ,5378438563,34000,,
100000439,ÖZDEVET TARIM HAYVANCILIK OTOMOTİV SANAYİ VE TİCARET LİMİTED ŞİRKETİ,CUMHURİYET MAH ALİ HAYDAR AKIN CAD NO:1 İÇ KAPI NI B4 BULDAN DENİZLİ,DENİZLİ,BULDAN,38.0433849,28.8402325,730,AYDIN BÖLGE CARİ MÜŞTERİ,9,,0,0.0,0.0,Aktif,202 - YEM TOPTAN,cekirdek,nominatim_mahalle,mahalle_merkezi,AYDIN MERKEZ,5359832479,34000,,
100000594,HOBİDEN AKVARYUM PETSHOP SEDAT KÖSE,İSTİKLAL MH. İNÖNÜ CD. NO:55/1 A,DENİZLİ,,,,730,AYDIN BÖLGE CARİ MÜŞTERİ,10,,0,0.0,0.0,Aktif,201 - PETSHOP,cekirdek,basarisiz,yok,AYDIN MERKEZ,5446126122,34000,,
100000645,DRESANA PETSHOP,TURAN MH. ZAFER CAD. NO:3 SARAYKÖY,DENİZLİ,SARAYKÖY,37.9244344,28.9230836,730,AYDIN BÖLGE CARİ MÜŞTERİ,11,2026-02-28,2,618.0,35616.43,Aktif,201 - PETSHOP,cekirdek,nominatim_ilce,ilce_merkezi,AYDIN MERKEZ,5378873229,34000,2025-12-22,146
100000668,BODRUM PETSHOP LEYLA DÜLGER,TOPRAKLIK MAH. AKÇA APT. NO:17/1 PAMUKKALE,DENİZLİ,,37.7821118,29.0911959,730,AYDIN BÖLGE CARİ MÜŞTERİ,12,2025-12-22,1,382.0,24450.14,Aktif,201 - PETSHOP,cekirdek,nominatim_mahalle,mahalle_merkezi,AYDIN MERKEZ,5322370037,34000,2025-12-22,214
100000669,MİRAY PETSHOP MUHAMMED YASİN KÖKEN,SİTELER MAH. ULUS CAD. NO:92/6,DENİZLİ,,37.7523094,29.0957211,730,AYDIN BÖLGE CARİ MÜŞTERİ,13,,0,0.0,0.0,Aktif,201 - PETSHOP,cekirdek,nominatim_mahalle,mahalle_merkezi,AYDIN MERKEZ,5069386418,34000,,
100000709,MERLİNVET VETERİNER KLİNİĞİ FURKAN MUSTAFA ERDEM,İSTİKLAL MAH. İSTİKLAL CAD. NO:106/A PAMUKKALE,DENİZLİ,,37.765747,29.0948144,730,AYDIN BÖLGE CARİ MÜŞTERİ,14,,0,0.0,0.0,Aktif,201 - PETSHOP,cekirdek,nominatim_mahalle,mahalle_merkezi,AYDIN MERKEZ,5457700779,34000,,
100000793,BALIM PETSHOP ÇAĞRI SEVİM,ADALET MAH. KAZIM KARABEKİR CAD. NO:64B,DENİZLİ,,37.7804129,29.0297132,730,AYDIN BÖLGE CARİ MÜŞTERİ,15,,0,0.0,0.0,Aktif,201 - PETSHOP,cekirdek,nominatim_mahalle,mahalle_merkezi,AYDIN MERKEZ,5058636874,34000,,
100000794,AYVALIK TOSTÇUSU HASAN ALİ BAYSAL,SARAYLAR MAH. 514SK. NO:3/B MERKEZEFENDİ,DENİZLİ,,37.7845175,29.0845166,730,AYDIN BÖLGE CARİ MÜŞTERİ,16,,0,0.0,0.0,Aktif,201 - PETSHOP,cekirdek,nominatim_mahalle,mahalle_merkezi,AYDIN MERKEZ,5452765733,34000,,
100000808,EFYA PETSHOP MURADİYE AKKURT,SIRAKAPILAR MAH. MİMAR SİNAN CAD. ERSU APT. NO:30 A,DENİZLİ,,37.7784261,29.0792487,730,AYDIN BÖLGE CARİ MÜŞTERİ,17,,0,0.0,0.0,Aktif,201 - PETSHOP,cekirdek,nominatim_mahalle,mahalle_merkezi,AYDIN MERKEZ,5304794790,34000,,
100000810,SARAY PETSHOP AKVARYUM&KUŞ GALERİSİ BEKİR OK,SURAKAPILAR MAH. PROF. DR. NUSRET FİŞEK SK. NO:12/A KAŞIKÇI İŞ HANI,DENİZLİ,,,,730,AYDIN BÖLGE CARİ MÜŞTERİ,18,,0,0.0,0.0,Aktif,201 - PETSHOP,cekirdek,basarisiz,yok,AYDIN MERKEZ,5324735076,34000,,
100000823,PASTEL PETSHOP MEHMET ÇAKIROĞLU,ATALAR MH. 935SK NO:3,DENİZLİ,,,,730,AYDIN BÖLGE CARİ MÜŞTERİ,19,2025-12-22,1,165.0,20404.66,Aktif,201 - PETSHOP,cekirdek,basarisiz,yok,AYDIN MERKEZ,5522928412,34000,2025-12-22,214
100000976,ÖZDEVET TARIM - HAYVANCILIK - OTOMOTİV SAN. VE TİC. LTD. ŞTİ,CUMHURİYET MAH. ALİ HAYDAR AKIN CAD. NO:1/B4 BULDAN/DENİZLİ,DENİZLİ,BULDAN,38.0433849,28.8402325,730,AYDIN BÖLGE CARİ MÜŞTERİ,20,,0,0.0,0.0,Aktif,201 - PETSHOP,cekirdek,nominatim_mahalle,mahalle_merkezi,AYDIN MERKEZ,5304062368,34000,,
100000978,ESMERAY ZİYLAN,TOPRAKLIK MAHALLESİ 632 SOKAK NO:5/A PAMUKKALE/DENİZLİ,DENİZLİ,,37.7821118,29.0911959,730,AYDIN BÖLGE CARİ MÜŞTERİ,21,,0,0.0,0.0,Aktif,201 - PETSHOP,cekirdek,nominatim_mahalle,mahalle_merkezi,AYDIN MERKEZ,5073689495,34000,,
100000979,FATİH TONBAK,DOKUZKAVAKLAR MAHALLESİ 2049 SOKAK NO:85/A PAMUKKALE/DENİZLİ,DENİZLİ,,37.7895315,29.1048379,730,AYDIN BÖLGE CARİ MÜŞTERİ,22,,0,0.0,0.0,Aktif,201 - PETSHOP,cekirdek,nominatim_mahalle,mahalle_merkezi,AYDIN MERKEZ,5422083288,34000,,
100000980,YAKUP OKAY,DOKUZKAVAKLAR MAH. ŞEHİT YUNUS KESKİN CAD. NO:99/A PAMUKKALE/DENİZLİ,DENİZLİ,,37.7895315,29.1048379,730,AYDIN BÖLGE CARİ MÜŞTERİ,23,,0,0.0,0.0,Aktif,201 - PETSHOP,cekirdek,nominatim_mahalle,mahalle_merkezi,AYDIN MERKEZ,5366458222,34000,,
100000981,HANİFE ERDOĞAN,DELİKTAŞ MAH. Ş.ER YILMAZ ZEREN CAD. NO:26 A PAMUKKALE/DENİZLİ,DENİZLİ,,37.7790772,29.1016646,730,AYDIN BÖLGE CARİ MÜŞTERİ,24,,0,0.0,0.0,Aktif,201 - PETSHOP,cekirdek,nominatim_mahalle,mahalle_merkezi,AYDIN MERKEZ,5511339767,34000,,
100000983,MUHAMMED YASİN KÖKEN,PELİTLİBAĞ MAH. HÜRRİYET CAD. NO:121/B PAMUKKALE/DENİZLİ,DENİZLİ,,37.7716299,29.0949959,730,AYDIN BÖLGE CARİ MÜŞTERİ,25,,0,0.0,0.0,Aktif,201 - PETSHOP,cekirdek,nominatim_mahalle,mahalle_merkezi,AYDIN MERKEZ,5011341000,34000,,
100000984,MEHMET KIZILHAN,HACIKAPLANLAR MAH. ATATÜRK CAD. ÇETİNKAYA APT. NO:100/A PAMUKKALE/DENİZLİ,DENİZLİ,,37.7744928,29.0925257,730,AYDIN BÖLGE CARİ MÜŞTERİ,26,2025-12-30,2,1193.0,36810.81,Aktif,201 - PETSHOP,cekirdek,nominatim_mahalle,mahalle_merkezi,AYDIN MERKEZ,5538379118,34000,2025-12-22,206
100000985,EBUBEKİR YAZÇALI,İSTİKLAL MAH. ZÜBEYDE HANIM CAD. ONUR APT. NO:112/A PAMUKKALE/DENİZLİ,DENİZLİ,,37.765747,29.0948144,730,AYDIN BÖLGE CARİ MÜŞTERİ,27,,0,0.0,0.0,Aktif,201 - PETSHOP,cekirdek,nominatim_mahalle,mahalle_merkezi,AYDIN MERKEZ,5459659817,34000,,
100000986,RAMAZAN ULUSOY,İNCİLİPINAR MAHALLESİ 1197 SOKAK NO:2/A PAMUKKALE/DENİZLİ,DENİZLİ,,37.7603602,29.1002802,730,AYDIN BÖLGE CARİ MÜŞTERİ,28,,0,0.0,0.0,Aktif,200 - VETERİNER,cekirdek,nominatim_mahalle,mahalle_merkezi,AYDIN MERKEZ,5418994260,34000,,
100001011,RAW PET SHOP/NEFİSE SELÇUK,ÇAKMAK MAHALLESİ.139/1 SK.NO:23 A,DENİZLİ,,37.7883435,29.0120885,730,AYDIN BÖLGE CARİ MÜŞTERİ,29,,0,0.0,0.0,Aktif,201 - PETSHOP,cekirdek,nominatim_mahalle,mahalle_merkezi,AYDIN MERKEZ,5308920872,34000,,
100001012,SARVET VETERİNERLİK,AŞAĞI MAHALLE CUMHURİYET CADDESİ NO:53 B SARAYKÖY,DENİZLİ,SARAYKÖY,37.9273077,28.9234906,730,AYDIN BÖLGE CARİ MÜŞTERİ,30,2026-05-20,1,666.0,93196.17,Aktif,200 - VETERİNER,cekirdek,erp,saha_gps,AYDIN MERKEZ,5468861696,34000,2026-05-20,65
100001013,BAHAR PET SHOP/BAHAR SÖNMEZ,MURATDEDE MAHALLESİ MERKEZ EFENDİ CADDESİ NO:60/A MERKEZEFENDİ,DENİZLİ,,37.7841538,29.0732048,730,AYDIN BÖLGE CARİ MÜŞTERİ,31,,0,0.0,0.0,Aktif,201 - PETSHOP,cekirdek,nominatim_mahalle,mahalle_merkezi,AYDIN MERKEZ,5449249248,34000,,
100001015,BAHAR PET SHOP/BAHAR DÖNMEZ,MURAT DEDE MAHALLESİ MERKEZ EFENDİ CADDESİ NO:60/A MERKEZEFENDİ,DENİZLİ,,37.7845688,29.0760287,730,AYDIN BÖLGE CARİ MÜŞTERİ,32,2026-03-09,1,1044.0,19199.39,Aktif,201 - PETSHOP,cekirdek,nominatim_mahalle,mahalle_merkezi,AYDIN MERKEZ,5336823199,34000,2026-03-09,137
100001023,BATUHAN EKMEKCİ/PATİ PET SHOP,MERKEZ EFENDİ MAHALLESİ FATİH CADDESİ NO:74/C,DENİZLİ,,37.7784563,29.0656533,730,AYDIN BÖLGE CARİ MÜŞTERİ,33,2026-01-12,1,324.0,42768.0,Aktif,201 - PETSHOP,cekirdek,nominatim_mahalle,mahalle_merkezi,AYDIN MERKEZ,5365078513,34000,2026-01-12,193
100001024,İLKER ÖZCAN/ÖZCAN AKVARYUM VE PET SHOP,ZEYTİNKÖY MAHALLESİ VATAN BULVARI NO:25A PAMUKKALE,DENİZLİ,,37.7405252,29.1189578,730,AYDIN BÖLGE CARİ MÜŞTERİ,34,,0,0.0,0.0,Aktif,201 - PETSHOP,cekirdek,nominatim_mahalle,mahalle_merkezi,AYDIN MERKEZ,5052109120,34000,,
100001025,HATİCE DİNECİ/ARDA PET SHOP,KARAHASANLI MAH.2040 SOK NO:3/B,DENİZLİ,,37.8072828,29.0246018,730,AYDIN BÖLGE CARİ MÜŞTERİ,35,,0,0.0,0.0,Aktif,201 - PETSHOP,cekirdek,nominatim_mahalle,mahalle_merkezi,AYDIN MERKEZ,5400066636,34000,,
100001026,PAŞA PET SHOP/İLAYDA KAYA,KUŞPINAR MAH.LİSE CAD.NO.79/A,DENİZLİ,,37.7646024,29.0841626,730,AYDIN BÖLGE CARİ MÜŞTERİ,36,,0,0.0,0.0,Aktif,201 - PETSHOP,cekirdek,nominatim_mahalle,mahalle_merkezi,AYDIN MERKEZ,5368103344,34000,,
100001027,ARDA PET SHOP,KARAHASANLAR MAH 2040 SOK.NERGİS APTNO:3/B DENİZLİ,DENİZLİ,,,,730,AYDIN BÖLGE CARİ MÜŞTERİ,37,2026-01-05,1,102.0,6456.02,Aktif,201 - PETSHOP,cekirdek,basarisiz,yok,AYDIN MERKEZ,5400066636,34000,2026-01-05,200
100001028,PAŞA PET SHOP,KUŞPINAR MAH.LİSE CADDESİ NO.79/A DENİZLİ,DENİZLİ,,37.7646024,29.0841626,730,AYDIN BÖLGE CARİ MÜŞTERİ,38,,0,0.0,0.0,Aktif,201 - PETSHOP,cekirdek,nominatim_mahalle,mahalle_merkezi,AYDIN MERKEZ,5368103344,34000,,
100001037,NM PET STORE/NİLGÜN KARTAL AYDEMİR,İSTİKLAL MAH İNENÜ CAD ÇAKALOĞLU APT NO:3/A,DENİZLİ,,37.765747,29.0948144,730,AYDIN BÖLGE CARİ MÜŞTERİ,39,,0,0.0,0.0,Aktif,201 - PETSHOP,cekirdek,nominatim_mahalle,mahalle_merkezi,AYDIN MERKEZ,5448139765,34000,,
100001044,ANİMALİA PET,BAŞKARCI MH 1040/1 SK.NO:24 İÇ KAPI NO:1,DENİZLİ,,,,730,AYDIN BÖLGE CARİ MÜŞTERİ,40,,0,0.0,0.0,Aktif,201 - PETSHOP,cekirdek,basarisiz,yok,AYDIN MERKEZ,5558555500,34000,,
100001045,ÇUVALLA MAMA,1200 EVLER MH 2037 SK KAYHAN APT NO:2,DENİZLİ,,,,730,AYDIN BÖLGE CARİ MÜŞTERİ,41,2025-12-22,1,510.0,51207.34,Aktif,201 - PETSHOP,cekirdek,basarisiz,yok,AYDIN MERKEZ,5325042489,34000,2025-12-22,214
100001046,İŞİMİZ PET SHOP,ALTINTOP MH LİSE CAD NO:56A MERKEZEFENDİ,DENİZLİ,,,,730,AYDIN BÖLGE CARİ MÜŞTERİ,42,2025-12-22,1,1121.0,89423.47,Aktif,201 - PETSHOP,cekirdek,basarisiz,yok,AYDIN MERKEZ,5469528156,34000,2025-12-22,214
100001072,MEHMET ALİ ŞEN,FESLEĞEN MH.KIBRIS ŞEHİTLERİ CAD: NO:49A PAMUKKALE,DENİZLİ,,,,730,AYDIN BÖLGE CARİ MÜŞTERİ,43,2025-12-22,1,330.0,30803.33,Aktif,201 - PETSHOP,cekirdek,basarisiz,yok,AYDIN MERKEZ,5070102701,34000,2025-12-22,214
100000400,ALI BILGIN,FATİH MAH.1898 SK.NO:11/2,DENİZLİ,,38.1524997,29.0667289,,,,,0,0.0,0.0,Pasif,201 - PETSHOP,cekirdek,nominatim_mahalle,mahalle_merkezi,,5456037587,34000,,
100000401,ÖZCAN GÜVEN,Hürriyet Mah. İnönü Cad. No:56/B Kocabaş Honaz - DENİZLİ,DENİZLİ,HONAZ,37.7617959,29.2712625,,,,,0,0.0,0.0,Pasif,201 - PETSHOP,cekirdek,nominatim_mahalle,mahalle_merkezi,,5374687075,34000,,
100000402,CELEPOGULLARI LOJISTIK ITH.VEIHR. A.S,Topraklı Mah. Şehit Kemal Kalaycı Sok. No:26/1 Pamukkale Denizli,DENİZLİ,,,,,,,,0,0.0,0.0,Pasif,202 - YEM TOPTAN,cekirdek,basarisiz,yok,,5323943244,34000,,
100000403,IBRAHIM SAHAN,Mahmudiye Mah. İstiklal Cad. No:3/A Bozkurt Denizli,DENİZLİ,BOZKURT,37.8225651,29.612242,,,,,0,0.0,0.0,Pasif,201 - PETSHOP,cekirdek,nominatim_mahalle,mahalle_merkezi,,5395527466,34000,,
100000404,ERTAN ERTAS,GERZELE MAH.531 SOKAK NO:9 MERKEZEFENDİ-DENİZLİ,DENİZLİ,,37.7491493,29.0526322,,,,,0,0.0,0.0,Pasif,201 - PETSHOP,cekirdek,nominatim_mahalle,mahalle_merkezi,,5332365369,34000,,
100000405,ÖZYILMAZ YEM GÜBRE TARIM,TURAN MAH. MESCİD BENDİ SOK. NO:5 SARAYKÖY-DENİZLİ,DENİZLİ,SARAYKÖY,37.9305827,28.9235365,,,,,0,0.0,0.0,Pasif,202 - YEM TOPTAN,cekirdek,nominatim_mahalle,mahalle_merkezi,,5323572937,34000,,
100000406,DENIZLI ÖZEL VETR.HZ VE ARAÇ SAN.VE TIC.LTD.STI,SARAYLAR MAH.TUHAFİYE CAD.NO:81 İÇ KAPI NO:1 MERKEZEFENDİ-DENİZLİ,DENİZLİ,,37.7845175,29.0845166,,,,,0,0.0,0.0,Pasif,200 - VETERİNER,cekirdek,nominatim_mahalle,mahalle_merkezi,,5322342175,34000,,
100000407,ERSIN ERTAS,İSTİKLAL MAH.ZÜBEYDE HANIM CAD.NO:112 PAMUKKALE-DENİZLİ,DENİZLİ,,37.765747,29.0948144,,,,,0,0.0,0.0,Pasif,201 - PETSHOP,cekirdek,nominatim_mahalle,mahalle_merkezi,,5547830953,34000,,
100000408,OSMAN ISILDAR,KINIKLI MAHALLESİ ULUS CAD.6006 SK.NO:1/2 PAMUKKALE-DENİZLİ,DENİZLİ,,37.7463475,29.0931229,,,,,0,0.0,0.0,Pasif,201 - PETSHOP,cekirdek,nominatim_mahalle,mahalle_merkezi,,5324855820,34000,,
100000409,DÖNMEZ NAKLIYE NALBURIYE TARIM,CUMHURİYET MAH. CAMİ CADDESİ NO:20 KALE-DENİZLİ,DENİZLİ,KALE,37.4455695,28.8489624,,,,,0,0.0,0.0,İptal,202 - YEM TOPTAN,cekirdek,nominatim_mahalle,mahalle_merkezi,,5335995786,34000,,
100000410,ARZU ABALIOGLU,,DENİZLİ,KALE,37.4437871,28.8463079,,,,,0,0.0,0.0,İptal,201 - PETSHOP,cekirdek,nominatim_ilce,ilce_merkezi,,5332844737,34000,,
100000414,ÖZCAN ESKIN,DEĞİRMENÖNÜ MAH.LİSE CAD.NO:72/1-A MERKEZEFENDİ-DENİZLİ,DENİZLİ,,37.7724793,29.0814636,,,,,0,0.0,0.0,Pasif,201 - PETSHOP,cekirdek,nominatim_mahalle,mahalle_merkezi,,5070930797,34000,,
100000417,ÖZLEM KÜÇÜKKEPECI INCE,HALLAÇLAR MAHALLESİ 3003 SOKAK NO:27/A MERKEZEFENDİ-DENİZLİ,DENİZLİ,,37.7746433,29.0037778,,,,,0,0.0,0.0,Pasif,201 - PETSHOP,cekirdek,nominatim_mahalle,mahalle_merkezi,,5315023927,34000,,
100000418,ISMAIL SOYSAL,15 MAYIS MH.560 SK.İNCEOĞLU APT.NO:11/8 PAMUKKALE-DENİZLİ,DENİZLİ,,,,,,,,0,0.0,0.0,Pasif,201 - PETSHOP,cekirdek,basarisiz,yok,,5416452422,34000,,
100000420,OSMAN KARAKUS,YENİŞEHİR MAH. 13.SK. NO:35 MERKEZEFENDİ-DENİZLİ YENİŞEHİR MAH. 13.SK. NO:35 MERKEZEFENDİ-DENİZLİ,DENİZLİ,,37.7614449,29.0395997,,,,,0,0.0,0.0,Pasif,201 - PETSHOP,cekirdek,erp,saha_gps,,5352509118,34000,,
100000421,ARZU KARADAG,TOPRAKLIK MAH. HALK CAD. NO:110/A DENİZLİ,DENİZLİ,,37.7821118,29.0911959,,,,,0,0.0,0.0,Pasif,201 - PETSHOP,cekirdek,nominatim_mahalle,mahalle_merkezi,,5551980155,34000,,
100000423,ABALIOGLU LEZITA GIDA SANAYI A.S,ESKİ HİSAR MAH PAMUKKALE BULV NO:2/A MERKEZEFENDİ DENİZLİ,DENİZLİ,,,,,,,,0,0.0,0.0,İptal,201 - PETSHOP,cekirdek,basarisiz,yok,,5388438131,34000,,
100000424,FATIH AVCI,ÇATLAR MAH RAUF DENKTAŞ CAD NO:310/1 ÇİVRİL DENİZLİ,DENİZLİ,ÇİVRİL,38.3005877,29.7373813,,,,,0,0.0,0.0,Pasif,201 - PETSHOP,cekirdek,nominatim_ilce,ilce_merkezi,,5336999223,34000,,
100000425,HELGA MAKAV,KIZILCABÖLÜK MAH HALİÇİ MEYDANI NO:2 Z 13 TAVAS DENİZLİ,DENİZLİ,TAVAS,37.5729263,29.0712601,,,,,0,0.0,0.0,Pasif,201 - PETSHOP,cekirdek,nominatim_ilce,ilce_merkezi,,5546027424,34000,,
100000426,MUHAMMED ÇIRAK,FESLEĞEN MAH İNÖNÜ CAD NO:28 C İÇ KAPI NO:1 PAMUKKALE DENİZLİ,DENİZLİ,,37.7685113,29.0926285,,,,,0,0.0,0.0,Pasif,201 - PETSHOP,cekirdek,nominatim_mahalle,mahalle_merkezi,,5066687520,34000,,
100000427,BEKIR ULUGUT,KURTLUCA MAH KURTLUCA SOK NO:226/1 PAMUKKALE DENİZLİ,DENİZLİ,,,,,,,,0,0.0,0.0,Pasif,201 - PETSHOP,cekirdek,basarisiz,yok,,5374821335,34000,,
100000429,ELIT PETSHOP IÇ VE DIS TICARET LIMITED SIRKETI,İSTİKLAL MAH. ZÜBEYDE HANIM. CAD. AKTAŞ APT. NO: 114D PAMUKKALE/ DENİZLİ,DENİZLİ,,37.765747,29.0948144,,,,,0,0.0,0.0,Pasif,201 - PETSHOP,cekirdek,nominatim_mahalle,mahalle_merkezi,,5306529529,34000,,
100000431,AYBÜKE GEDİK,HACIKAPLANLAR MAH BARIŞ CAD ÖZGÜR NO 25B PAMUKKALE DENİZLİ,DENİZLİ,,37.7744928,29.0925257,,,,,0,0.0,0.0,Pasif,201 - PETSHOP,cekirdek,nominatim_mahalle,mahalle_merkezi,,5541768585,34000,,
100000432,DENIZLI BÜYÜKSEHIR BELEDIYESI ÇEVRE KORUMA VE KONT. DAIRE BASK,BARBAROS BULV. NO:108 PAMUKKALE DENİZLİ,DENİZLİ,,,,,,,,0,0.0,0.0,İptal,203 - ÇİFTLİK/BARINAK,cekirdek,basarisiz,yok,,5416123357,34000,,
100000434,BAY HES ELEKTRONİK HİZMETLER SANAYİ VE TİCARET PAZARLAMA LİMİTED ŞİRKETİ,KALE MAH 346 SOK NO:9A PAMUKKALE DENİZLİ,DENİZLİ,,37.7996035,29.1618242,,,,,0,0.0,0.0,Pasif,201 - PETSHOP,cekirdek,nominatim_mahalle,mahalle_merkezi,,5333083717,34000,,
100000435,DOĞUKAN ALKIN,İSMETPAŞA MAH.103 SK.NO:10/R DİKİLİ-İZMİR,DENİZLİ,SARAYKÖY,37.9244344,28.9230836,,,,,0,0.0,0.0,Pasif,200 - VETERİNER,cekirdek,nominatim_ilce,ilce_merkezi,,5065873704,34000,,
100000436,ÖZEL AKADEMİ 1 SAĞLIK HİZMETLERİ VE TİCARET ANONİM ŞİRKETİ,MERKEZEFENDİ MAH 438 SOK NO:15 İÇ KAPI NO 0 MERKEZEFENDİ DENİZLİ,DENİZLİ,,37.7784563,29.0656533,,,,,0,0.0,0.0,Pasif,201 - PETSHOP,cekirdek,nominatim_mahalle,mahalle_merkezi,,5322258050,34000,,
100000437,KADİR ÖZEK,cumhuriyet mahallesi Gönül Caddesi no 12 Buldan Denizli,DENİZLİ,BULDAN,38.0433849,28.8402325,,,,,0,0.0,0.0,Pasif,201 - PETSHOP,cekirdek,nominatim_mahalle,mahalle_merkezi,,,34000,,
100000438,İBRAHİM DAŞTAN,MAHMUDİYE MAH İSTİKLAL CAD NO:3A İÇ KAPI NO A BOZKURT DENİZLİ,DENİZLİ,BOZKURT,37.8225651,29.612242,,,,,0,0.0,0.0,Pasif,201 - PETSHOP,cekirdek,nominatim_mahalle,mahalle_merkezi,,5395527466,34000,,
100000592,İSA SOYATİK FORUM PETSHOP,MEHMETÇİK MAH. KIBRIS SEHİTLERİ CAD. NO:124/A,DENİZLİ,,37.8191412,29.606266,,,,,0,0.0,0.0,Pasif,201 - PETSHOP,cekirdek,nominatim_mahalle,mahalle_merkezi,,5397835658,34000,,
100000604,ÜSTEK GIDA OTOMOTİV İNŞ. TURZ. PET. RENT A CAR SAN. VE TİC. LTD. ŞTİ,CEVHERPAŞA MH. HİSAR CD. NO:5 KALE DENİZLİ,DENİZLİ,KALE,37.4437871,28.8463079,,,,,0,0.0,0.0,Pasif,201 - PETSHOP,cekirdek,nominatim_ilce,ilce_merkezi,,5542986596,34000,,
100000605,BİLGİN MARKET,CEVHERPAŞA MH. CAMİ CD. NO:10/D KALE,DENİZLİ,KALE,37.4437871,28.8463079,,,,,0,0.0,0.0,Pasif,205 - GELENEKSEL KANAL,cekirdek,nominatim_ilce,ilce_merkezi,,5304133606,34000,,
100000666,ELA PETMARKET FERHAT KARATAŞ,ALTINTOP MAH. SALTAK CADDESİ NO:117/B MERKEZEFENDİ,DENİZLİ,,37.772438,29.0854185,,,,,0,0.0,0.0,Pasif,201 - PETSHOP,cekirdek,nominatim_mahalle,mahalle_merkezi,,5305583847,34000,,
100000667,MIRMIR PETSHOP AHMET KAVSARA,PELİTLİBAĞ MAH. HÜRRİYET CAD. NO:88/3 PAMUKKALE,DENİZLİ,,37.7716299,29.0949959,,,,,0,0.0,0.0,Pasif,201 - PETSHOP,cekirdek,nominatim_mahalle,mahalle_merkezi,,5545073100,34000,,
100000674,YAKAMOZ PETSHOP AHMET KAVSARA,PELİTBAĞ MAH. HÜRRİYET CAD. NO:88/3A,DENİZLİ,,,,,,,,0,0.0,0.0,Pasif,201 - PETSHOP,cekirdek,basarisiz,yok,,5555555555,34000,,
100000678,AVRASYA PET SHOP,SARAYLAR MAH. CUMHURİYET CD. NO:13 (NAPA OTEL KRŞ),DENİZLİ,,37.7845175,29.0845166,,,,,0,0.0,0.0,Pasif,201 - PETSHOP,cekirdek,nominatim_mahalle,mahalle_merkezi,,5314586046,34000,,
100000788,DEMİR MARKET VELİ DEMİR,AYDINOĞLU MAH. KARANFİL SK. NO:4 KUYUCAK,DENİZLİ,MERKEZ,37.7784563,29.0656533,,,,,0,0.0,0.0,Pasif,205 - GELENEKSEL KANAL,cekirdek,nominatim_ilce,ilce_merkezi,,5523309095,34000,,
100000812,SEVİMLİ DOSTLAR PET SHOP GÖKHAN BALTA,ÇARŞI MAH. SARAYARDI SK. NO:4A ÇİVRİL,DENİZLİ,ÇİVRİL,38.3032938,29.7310859,,,,,0,0.0,0.0,Pasif,201 - PETSHOP,cekirdek,nominatim_mahalle,mahalle_merkezi,,5363683674,34000,,
100000822,SEMİ PET STORE SEMİH ZİYLAN,YUNUSEMRE MAH. BURSA CAD. NO:107/A,DENİZLİ,,37.7476818,29.1042178,,,,,0,0.0,0.0,Pasif,201 - PETSHOP,cekirdek,nominatim_mahalle,mahalle_merkezi,,5555647724,34000,,
100000824,DARLING PET SHOP İBRAHİM GİRGİN,DEĞİRMENÖNÜ MH. LOZAN CD. NO:67 B,DENİZLİ,,,,,,,,0,0.0,0.0,Pasif,201 - PETSHOP,cekirdek,basarisiz,yok,,5498810338,34000,,
100000987,FBS EVCİL HAYVAN ÜRÜNLERİ PAZARLAMA SANAYİ TİCARET LİMİTED ŞİRKETİ,MEHMETÇİK MAH. ZÜBEYDE HANIM CAD. YASSIHÜYÜK APT. NO:122/A PAMUKKALE/DENİZLİ,DENİZLİ,,37.8191412,29.606266,,,,,0,0.0,0.0,Pasif,202 - YEM TOPTAN,cekirdek,nominatim_mahalle,mahalle_merkezi,,5550618987,34000,,
100001014,MY PET SHOP/AHMET YESEVİ KANPOLAT,KUŞPINAR MAH İNÖNÜ CAD ÖZGÜN SİTESİ NO:184/A KUŞPINAR MAH İNÖNÜ CAD ÖZGÜN SİTESİ NO:184/A,DENİZLİ,,37.7646024,29.0841626,,,,,0,0.0,0.0,Pasif,201 - PETSHOP,cekirdek,nominatim_mahalle,mahalle_merkezi,,5541881854,34000,,
100001016,MY PET SHOP/AHMET YESEVİ KANPOLAT,KUŞPINAR MH İNÖNÜ CAD ÖZGÜN SİTESİ NO:184/A,DENİZLİ,,,,,,,,0,0.0,0.0,Pasif,201 - PETSHOP,cekirdek,basarisiz,yok,,5541881854,34000,,
100000255,PASAOGLU GÜBRE TOPRAK MAHSÜLLERI YEM GIDA SAN.TIC.LTD.STI,ULUCAMİ MAH.374 SOK. NO:92/A AKHİSAR-MANİSA AKHİSAR-MANİSA,MANİSA,AKHİSAR,38.9072256,27.8371219,689,ÖMER AYDIN PAZARTESİ,8,2026-03-31,2,1800.0,81844.85,Aktif,202 - YEM TOPTAN,cekirdek,erp,saha_gps,ÖMER AYDIN,5327671570,34000,2026-02-28,115
100000261,EROL ÇOBAN,PAŞA MAH SEMT 5. SOK NO:44 AKHİSAR MANİSA,MANİSA,AKHİSAR,38.9199634,27.8401177,689,ÖMER AYDIN PAZARTESİ,9,,0,0.0,0.0,Aktif,201 - PETSHOP,cekirdek,erp,saha_gps,ÖMER AYDIN,5545058822,34000,,
100000267,MEHMET ÇAKIR,KURTULUŞ MAH HAZAR SOK NO:6/11 MANİSA ALAŞEHİR,MANİSA,ALAŞEHİR,38.3536717,28.5248852,689,ÖMER AYDIN PAZARTESİ,10,,0,0.0,0.0,Aktif,201 - PETSHOP,cekirdek,nominatim_mahalle,mahalle_merkezi,ÖMER AYDIN,5308607004,34000,,
100000450,GÜR TİCARET A.Ş,GAZİLER MH. ZAHİRECİLER SİT. A BLOK NO:5 SALİHLİ,MANİSA,SALİHLİ,38.4940078,28.1441121,689,ÖMER AYDIN PAZARTESİ,11,,0,0.0,0.0,Aktif,202 - YEM TOPTAN,cekirdek,erp,saha_gps,ÖMER AYDIN,5322364130,34000,,
100000457,MAVİŞİM PETSHOP HÜSEYİN ALMAZ,CUMHURİYET MH. YEDİ EYLÜL YOLU CD. NO:6/A,MANİSA,TURGUTLU,38.4990047,27.7031566,689,ÖMER AYDIN PAZARTESİ,12,,0,0.0,0.0,Aktif,201 - PETSHOP,cekirdek,erp,saha_gps,ÖMER AYDIN,5078749423,34000,,
100000463,AK-FA TARIM ÜRÜNLERİ,,MANİSA,SALİHLİ,38.4829405,28.1309046,689,ÖMER AYDIN PAZARTESİ,13,,0,0.0,0.0,Aktif,201 - PETSHOP,cekirdek,nominatim_ilce,ilce_merkezi,ÖMER AYDIN,5417670415,34000,,
100000469,UYSAL TARIM,,MANİSA,KULA,38.7298492,28.3863642,689,ÖMER AYDIN PAZARTESİ,14,,0,0.0,0.0,Aktif,201 - PETSHOP,cekirdek,erp,saha_gps,ÖMER AYDIN,5326301681,34000,,
100000475,ALİ İHSAN BAŞGÖNÜL,,MANİSA,SALİHLİ,38.4829405,28.1309046,689,ÖMER AYDIN PAZARTESİ,15,,0,0.0,0.0,Aktif,201 - PETSHOP,cekirdek,nominatim_ilce,ilce_merkezi,ÖMER AYDIN,5541971929,34000,,
100000481,MURADİYE PATİ PETSHOP,MURADİYE MAH. İSTASYON CAD. NO:33A,MANİSA,,38.6588854,27.3367853,689,ÖMER AYDIN PAZARTESİ,16,,0,0.0,0.0,Aktif,201 - PETSHOP,cekirdek,erp,saha_gps,ÖMER AYDIN,5382236039,34000,,
100000488,Can Akvaryum,Adakale Mah. İzmir Cad. no:60 B Manisa,MANİSA,MERKEZ,38.6098534,27.4247139,689,ÖMER AYDIN PAZARTESİ,17,2026-05-15,2,104.0,20287.55,Aktif,201 - PETSHOP,cekirdek,erp,saha_gps,ÖMER AYDIN,5435707422,34000,2026-03-16,70
100000695,EVİRGEN PETHOUSE,BARANSEL EVİRGEN VE CANSEL EVİRGEN ADİ ORT. AKMESCİT MAH. İZMİR CAD. NO:261/A MANİSA,MANİSA,,38.6104678,27.4118016,689,ÖMER AYDIN PAZARTESİ,21,,0,0.0,0.0,Aktif,201 - PETSHOP,cekirdek,erp,saha_gps,ÖMER AYDIN,2362313234,34000,,
100000715,FATİH GEDİK VETERİNERLİK HİZ. TURZ. İNŞ. SAN. VE TİC. LTD. ŞTİ,GÜZELYURT MAH. TARZAN BLV. B14 NO:66 İÇ KAPI:1,MANİSA,,38.6258953,27.3723333,689,ÖMER AYDIN PAZARTESİ,22,,0,0.0,0.0,Aktif,200 - VETERİNER,cekirdek,erp,saha_gps,ÖMER AYDIN,5335569552,34000,,
100000736,SERHAT AKOVA,2. ANAFARTALAR MH. ATATÜRK BLV. 17B ŞEHZADELER,MANİSA,MERKEZ,38.6138191,27.4105668,689,ÖMER AYDIN PAZARTESİ,23,,0,0.0,0.0,Aktif,201 - PETSHOP,cekirdek,nominatim_ilce,ilce_merkezi,ÖMER AYDIN,5555555555,34000,,
100000867,KAAN PETSHOP OLCAY KARADEMİR,MURADİYE MAH. TARLA SK. NO:33/A,MANİSA,,38.6566723,27.3333026,689,ÖMER AYDIN PAZARTESİ,25,2026-02-24,4,2280.0,106677.25,Aktif,201 - PETSHOP,cekirdek,erp,saha_gps,ÖMER AYDIN,5443002088,34000,2025-12-15,150
100000874,TOMMY PET SHOP MERT BOYNUİNCE,TOPÇUASIM MAH. 3518SOK. NO:7/A,MANİSA,,38.6164168,27.4205835,689,ÖMER AYDIN PAZARTESİ,26,2026-01-22,1,45.0,3285.21,Aktif,201 - PETSHOP,cekirdek,erp,saha_gps,ÖMER AYDIN,5305024922,34000,2026-01-22,183
100000884,DOĞA PETSHOP BURÇİN GEVEN,KURTULUŞ MAH. BAŞARAN SK. ADALI APT. NO:9C,MANİSA,SOMA,39.1834287,27.6081896,689,ÖMER AYDIN PAZARTESİ,27,,0,0.0,0.0,Aktif,201 - PETSHOP,cekirdek,erp,saha_gps,ÖMER AYDIN,5445375194,34000,,
100000893,AKTAŞ PETSHOP ALPER AKTAŞ,HÜRRİYET MAH. 214. SK. NO:3/B AKHİSAR,MANİSA,AKHİSAR,38.9132971,27.8286067,689,ÖMER AYDIN PAZARTESİ,28,2026-05-31,1,165.0,11160.0,Aktif,201 - PETSHOP,cekirdek,erp,saha_gps,ÖMER AYDIN,5546173300,34000,2026-05-31,54
100000912,UYSALER TİCARET TARİŞ YEM VE ÖZLEM YEM BAYİİ ABDULLAH UYSALER,YENİ MH.34 SK. NO:14-1 KIRKAĞAÇ,MANİSA,KIRKAĞAÇ,39.1054046,27.6710897,689,ÖMER AYDIN PAZARTESİ,29,2026-06-30,5,1973.0,125425.53,Aktif,202 - YEM TOPTAN,cekirdek,erp,saha_gps,ÖMER AYDIN,5358328183,34000,2026-01-27,24
100000941,ALİN PETSHOP SEYİT ALİ PANCAR,KURTULUŞ MAH. GÖKCEPINAR CAD. NO:101 B SALİHLİ/İSTANBUL,MANİSA,SALİHLİ,38.4747297,28.1467986,689,ÖMER AYDIN PAZARTESİ,30,2026-06-30,4,675.0,36733.79,Aktif,201 - PETSHOP,cekirdek,erp,saha_gps,ÖMER AYDIN,5320684235,34000,2026-02-17,24
100001004,AYGÖREN VETERİNER KLİNİĞİ ALİ AYGÖREN,CUMA MAH. MURAT SK. NO:2 GÖRDES,MANİSA,GÖRDES,38.9362646,28.2878081,689,ÖMER AYDIN PAZARTESİ,31,,0,0.0,0.0,Aktif,200 - VETERİNER,cekirdek,erp,saha_gps,ÖMER AYDIN,5312535733,34000,,
100001096,UYGAR YABAŞ VETERİNER KLİNİĞİ,ADNAN MENDERES MAH. MİMAR SİNAN CAD. NO:135,MANİSA,GÖRDES,38.92777,28.2879442,689,ÖMER AYDIN PAZARTESİ,32,2026-01-27,1,150.0,8260.68,Aktif,200 - VETERİNER,cekirdek,erp,saha_gps,ÖMER AYDIN,5327794570,34000,2026-01-27,178
100001171,DENİZ TİCARET,ULUCAMİ MH. 374 SK. NO:90,MANİSA,AKHİSAR,38.9362853,27.8352896,689,ÖMER AYDIN PAZARTESİ,37,2026-04-13,1,900.0,43940.91,Aktif,202 - YEM TOPTAN,cekirdek,erp,saha_gps,ÖMER AYDIN,5412096073,,2026-04-13,102
100000256,ENES BILGI,DURASILLI MH. NO:34 SALİHLİ-MANİSA,MANİSA,SALİHLİ,38.4829405,28.1309046,690,ÖMER AYDIN SALI,8,,0,0.0,0.0,Aktif,201 - PETSHOP,cekirdek,nominatim_ilce,ilce_merkezi,ÖMER AYDIN,5064656076,34000,,
100000262,SEFER ÇOBAN,PEKER MAH KONUK CAD NO:47D ŞEHZADELER MANİSA,MANİSA,,38.618252,27.4294793,690,ÖMER AYDIN SALI,9,,0,0.0,0.0,Aktif,201 - PETSHOP,cekirdek,nominatim_mahalle,mahalle_merkezi,ÖMER AYDIN,5066941101,34000,,
100000268,CANSUYUM VETERİNERLİK HİZMETLERİ DENİZCİLİK TURİZM İNŞAAT SANAYİ VE LİMİTED ŞİRKETİ,AKINCILAR MAH 2703 SOK NO:16A ŞEHZADELER MANİSA,MANİSA,,38.6215506,27.429072,690,ÖMER AYDIN SALI,10,,0,0.0,0.0,Aktif,200 - VETERİNER,cekirdek,erp,saha_gps,ÖMER AYDIN,5553045961,34000,,
100000451,CAN DOST GIDA HAYV. SÜT ÜRN. TAR. İNŞ. SAN. VE TİC. LTD. ŞTİ,,MANİSA,,,,690,ÖMER AYDIN SALI,11,,0,0.0,0.0,Aktif,201 - PETSHOP,cekirdek,basarisiz,yok,ÖMER AYDIN,5335725605,34000,,
100000458,ANKA VETERİNER KLİNİĞİ,,MANİSA,AKHİSAR,38.9193705,27.835938,690,ÖMER AYDIN SALI,12,,0,0.0,0.0,Aktif,200 - VETERİNER,cekirdek,erp,saha_gps,ÖMER AYDIN,5319691605,34000,,
100000464,SAFARİ PETSHOP M. ALİ ÖZIŞIK,CUMHURİYET MAH. ATATÜRK CD. NO:13/A,MANİSA,SALİHLİ,38.482174,28.1504059,690,ÖMER AYDIN SALI,13,,0,0.0,0.0,Aktif,201 - PETSHOP,cekirdek,nominatim_mahalle,mahalle_merkezi,ÖMER AYDIN,5446736759,34000,,
100000470,AHMET SAVAŞ,,MANİSA,KULA,38.5468907,28.6474338,690,ÖMER AYDIN SALI,14,,0,0.0,0.0,Aktif,201 - PETSHOP,cekirdek,nominatim_ilce,ilce_merkezi,ÖMER AYDIN,5453546101,34000,,
100000476,AHTABUR VETERİNER KLİNİĞİ,,MANİSA,,,,690,ÖMER AYDIN SALI,15,,0,0.0,0.0,Aktif,201 - PETSHOP,cekirdek,basarisiz,yok,ÖMER AYDIN,5532194141,34000,,
100000482,ADNAN ÖZKURU,,MANİSA,,38.658486,27.3399251,690,ÖMER AYDIN SALI,16,,0,0.0,0.0,Aktif,201 - PETSHOP,cekirdek,erp,saha_gps,ÖMER AYDIN,5305261739,34000,,
100000494,MAY PET,1. ANAFARTALAR MAH. 1714 SOK. NO:38 / A ŞEHZADELER,MANİSA,,38.6140459,27.4324919,690,ÖMER AYDIN SALI,17,,0,0.0,0.0,Aktif,201 - PETSHOP,cekirdek,nominatim_mahalle,mahalle_merkezi,ÖMER AYDIN,5435643305,34000,,
100000607,KARMAR BESİCİLİK,EFENDİ MAH. 280. SK NO:24/A AKHİSAR/MANİSA,MANİSA,AKHİSAR,38.9278761,27.8419543,690,ÖMER AYDIN SALI,20,2026-02-28,3,4420.0,199737.19,Aktif,202 - YEM TOPTAN,cekirdek,erp,saha_gps,ÖMER AYDIN,5543590993,34000,2025-12-15,146
100000696,KÜLTÜR PETSHOP SABİHA COŞKUNOL,YARHASANLAR MH. BELEDİYE CD. NO:51/B GÖÇAY SİTESİ,MANİSA,,38.6153841,27.4278735,690,ÖMER AYDIN SALI,21,2026-01-22,1,1435.0,127730.65,Aktif,201 - PETSHOP,cekirdek,erp,saha_gps,ÖMER AYDIN,5533306066,34000,2026-01-22,183
100000717,AYDIN TARIM ÜRÜNLERİ,GAZİLER MH. 549SK ZAHİRECİLER ST. B BLOK NO:2,MANİSA,SALİHLİ,38.4926093,28.142153,690,ÖMER AYDIN SALI,22,,0,0.0,0.0,Aktif,202 - YEM TOPTAN,cekirdek,erp,saha_gps,ÖMER AYDIN,5393022555,34000,,
100000773,VET45 PETSHOP MEHMET NUR DOĞAN,MURADİYE MAH. İSTASYON CAD. NO:185A YUNUSEMRE,MANİSA,MERKEZ,38.6138191,27.4105668,690,ÖMER AYDIN SALI,23,,0,0.0,0.0,Aktif,200 - VETERİNER,cekirdek,nominatim_ilce,ilce_merkezi,ÖMER AYDIN,5071210997,34000,,
100000868,GÜLÇİMEN PETSHOP MUSTAFA SAVCI,MURADİYE MAH. MANİSA CD. NO:35/B,MANİSA,,38.6583917,27.33928,690,ÖMER AYDIN SALI,25,2026-06-26,3,296.0,59220.14,Aktif,201 - PETSHOP,cekirdek,erp,saha_gps,ÖMER AYDIN,5348415585,34000,2026-01-22,28
100000877,ECEM PET SHOP MEHMET AKTAŞ,YENİMAHALLE MAHALLESİ BAHTİYAR TOSUNBAŞ CADDESİ NO:40/B,MANİSA,,38.6197109,27.4139373,690,ÖMER AYDIN SALI,26,,0,0.0,0.0,Aktif,201 - PETSHOP,cekirdek,nominatim_mahalle,mahalle_merkezi,ÖMER AYDIN,5368706693,34000,,
100000887,KAFKAS DALDARI PET SHOP & HOUSE ERDEM USLU,KURTULUŞ MAH. ATATÜRK CD. NO:78/A,MANİSA,SOMA,39.1872577,27.6115342,690,ÖMER AYDIN SALI,27,2026-06-18,5,753.0,77399.32,Aktif,201 - PETSHOP,cekirdek,erp,saha_gps,ÖMER AYDIN,5442838008,34000,2026-01-27,36
100000918,BAHADIR PETSHOP ECEM BAHADIR,ESKİCAMİ MAHALLESİ KURUDERE CAD. NO:77/A SALİHLİ,MANİSA,SALİHLİ,38.481733,28.1393406,690,ÖMER AYDIN SALI,29,2026-06-30,4,992.0,57429.3,Aktif,201 - PETSHOP,cekirdek,erp,saha_gps,ÖMER AYDIN,5416119293,34000,2026-01-02,24
100000942,ÇAĞDAŞ PETSHOP FATMA UCA,İSTASYON MAH. ADNAN MENDERES CADDESİ NO:111A ALAŞEHİR,MANİSA,ALAŞEHİR,38.3626315,28.5126221,690,ÖMER AYDIN SALI,30,2026-01-22,2,2375.0,127791.18,Aktif,201 - PETSHOP,cekirdek,nominatim_mahalle,mahalle_merkezi,ÖMER AYDIN,5052644545,34000,2026-01-22,183
100000257,MİNE PETSHOP NURCAN YAY,UTKU MAH. ÇARŞI BULV. NO:72/C MANİSA,MANİSA,,38.6124274,27.4288916,691,ÖMER AYDIN ÇARŞAMBA,8,,0,0.0,0.0,Aktif,202 - YEM TOPTAN,cekirdek,nominatim_mahalle,mahalle_merkezi,ÖMER AYDIN,5305803800,34000,,
100000263,AHMET EREN EREN AKVARYUM,PAŞA MAH SEMT 5 SOK NO:55 AKHİSAR MANİSA,MANİSA,AKHİSAR,38.9202527,27.8401826,691,ÖMER AYDIN ÇARŞAMBA,9,2026-05-31,7,4515.0,276958.65,Aktif,202 - YEM TOPTAN,cekirdek,erp,saha_gps,ÖMER AYDIN,5433038646,34000,2026-01-02,54
100000446,HAKAN ALTAMER,,MANİSA,SALİHLİ,38.4829405,28.1309046,691,ÖMER AYDIN ÇARŞAMBA,10,,0,0.0,0.0,Aktif,201 - PETSHOP,cekirdek,nominatim_ilce,ilce_merkezi,ÖMER AYDIN,5332369169,34000,,
100000452,RAİF ÇAKAR,,MANİSA,MERKEZ,38.6138191,27.4105668,691,ÖMER AYDIN ÇARŞAMBA,11,,0,0.0,0.0,Aktif,201 - PETSHOP,cekirdek,nominatim_ilce,ilce_merkezi,ÖMER AYDIN,,34000,,
100000459,YAREN PETSHOP SERHAT AKOVA,2. ANAFARTALAR MH. ATATÜRK BLV. NO:17/B,MANİSA,,38.6179062,27.4348865,691,ÖMER AYDIN ÇARŞAMBA,12,2026-03-16,1,42.0,3360.1,Aktif,201 - PETSHOP,cekirdek,erp,saha_gps,ÖMER AYDIN,5514045319,34000,2026-03-16,130
100000465,MARTI YAPI YÖNETİM DANIŞMANLIK HİZMETLERİ VE SANAL MAĞAZACILIK,AKSOY MH. ŞÜHEDA CAD.NO: 190/1 SALİHLİ / MANİSA,MANİSA,SALİHLİ,38.4765388,28.1512182,691,ÖMER AYDIN ÇARŞAMBA,13,2026-01-22,1,101.0,6099.03,Aktif,201 - PETSHOP,cekirdek,erp,saha_gps,ÖMER AYDIN,5326315370,34000,2026-01-22,183
100000471,FIRAT ÇALHAN,,MANİSA,,,,691,ÖMER AYDIN ÇARŞAMBA,14,,0,0.0,0.0,Aktif,201 - PETSHOP,cekirdek,basarisiz,yok,ÖMER AYDIN,5465350545,34000,,
100000477,DOSTLAR KUŞEVİ,,MANİSA,TURGUTLU,38.5099987,27.7071726,691,ÖMER AYDIN ÇARŞAMBA,15,,0,0.0,0.0,Aktif,201 - PETSHOP,cekirdek,nominatim_ilce,ilce_merkezi,ÖMER AYDIN,5332720437,34000,,
100000483,AYDEN YEM VE GIDA SANAYİ TİCARET LİMİTED ŞİRKETİ,,MANİSA,AKHİSAR,38.9306545,27.8423405,691,ÖMER AYDIN ÇARŞAMBA,16,,0,0.0,0.0,Aktif,202 - YEM TOPTAN,cekirdek,erp,saha_gps,ÖMER AYDIN,5445400493,34000,,
100000622,AYŞE RECEPÇE ANILPETSHOP,ARDA MAH. KENZİ CD. NO:50 A ŞEHZADELER MANİSA,MANİSA,,38.616634,27.4206818,691,ÖMER AYDIN ÇARŞAMBA,20,2026-03-31,1,210.0,16800.52,Aktif,202 - YEM TOPTAN,cekirdek,erp,saha_gps,ÖMER AYDIN,5065586340,34000,2026-03-31,115
100000704,ÇAKIR AKVARYUM PETSHOP YAŞAR ÇAKIR,SOĞUKSU MAH. KENAN EVRENPASA CAD. 1.GRUP NO:123/1A,MANİSA,ALAŞEHİR,38.3486739,28.5154223,691,ÖMER AYDIN ÇARŞAMBA,21,2026-02-28,1,60.0,2983.84,Aktif,201 - PETSHOP,cekirdek,nominatim_mahalle,mahalle_merkezi,ÖMER AYDIN,5555555555,34000,2026-02-28,146
100000869,GÖZDE PETSHOP HASAN HÜSEYİN PİNAR,ADAKALE MAH. İZMİR CAD. ENVER APT. NO:44 D,MANİSA,,38.6085207,27.425909,691,ÖMER AYDIN ÇARŞAMBA,25,,0,0.0,0.0,Aktif,201 - PETSHOP,cekirdek,nominatim_mahalle,mahalle_merkezi,ÖMER AYDIN,5426297898,34000,,
100000878,MANİSA 45 BARIŞ AKINER,GÜZELYURT MAH. TARZAN BLV. NO:79/A1,MANİSA,,38.6262136,27.3845638,691,ÖMER AYDIN ÇARŞAMBA,26,,0,0.0,0.0,Aktif,201 - PETSHOP,cekirdek,nominatim_mahalle,mahalle_merkezi,ÖMER AYDIN,5339597074,34000,,
100000919,LİDYA PETSHOP METİN GÖRGÜLÜ,KURTULUŞ MAH. ŞÜHEDA CAD. M.A.AKDENİZ APT NO:221 İÇ KAPI:A SALİHLİ,MANİSA,SALİHLİ,38.4761676,28.1578285,691,ÖMER AYDIN ÇARŞAMBA,29,2026-02-17,3,1970.0,122399.53,Aktif,201 - PETSHOP,cekirdek,nominatim_mahalle,mahalle_merkezi,ÖMER AYDIN,5444291428,34000,2026-01-02,157
100001112,MESİR GIDA / İBRAHİM ARABACI,2.ANAFARTALAR MAH. HALİL ERDOĞAN CD. NO:17/A,MANİSA,,38.6234973,27.4381162,691,ÖMER AYDIN ÇARŞAMBA,32,2026-07-14,3,2130.0,102697.53,Aktif,202 - YEM TOPTAN,cekirdek,erp,saha_gps,ÖMER AYDIN,5324868745,34000,2026-01-27,10
100001131,CAN DOSTUM PETSHOP/ŞADİYE UYGUN,Cumhuriyet mahallesi menderes caddesi no:30/D Salihli manisa,MANİSA,SALİHLİ,38.4850479,28.1509785,691,ÖMER AYDIN ÇARŞAMBA,33,2026-06-30,8,2430.0,154271.93,Aktif,201 - PETSHOP,cekirdek,erp,saha_gps,ÖMER AYDIN,5063867660,,2026-02-17,24
100001153,KESKİNLER ZAHİRE VE UN YEM TİC,KOCAMEHMETAĞA MH. 34.SK. NO:193,MANİSA,KIRKAĞAÇ,39.1059484,27.6710687,691,ÖMER AYDIN ÇARŞAMBA,34,2026-04-28,2,1650.0,105670.82,Aktif,202 - YEM TOPTAN,cekirdek,erp,saha_gps,ÖMER AYDIN,5387017487,,2026-03-09,87
100000258,KAÇMAZ ZAHIRECILIK TOPRAK MAHSÜLLERI UN YEM GÜBRE TIC. VE SAN LTD STI,GAZİLER MAH ZAHİRECİLER SİTESİ C BLOK NO:15 SALİHLİ MANİSA,MANİSA,SALİHLİ,38.4881572,28.1429832,692,ÖMER AYDIN PERŞEMBE,8,,0,0.0,0.0,Aktif,202 - YEM TOPTAN,cekirdek,nominatim_mahalle,mahalle_merkezi,ÖMER AYDIN,5377458343,34000,,
100000264,PARK PETSHOP GÜLŞEN İNAN,1. ANAFARTALAR MAH GAZİ OSMAN PAŞA CAD NO:43 A ŞEHZADELER MANİSA ŞEHZADELER MANİSA,MANİSA,,38.6150624,27.4326006,692,ÖMER AYDIN PERŞEMBE,9,2026-02-24,2,1005.0,45034.25,Aktif,201 - PETSHOP,cekirdek,erp,saha_gps,ÖMER AYDIN,5330974500,34000,2025-12-15,150
100000447,FATMA YILDIZ,,MANİSA,SOMA,39.1987193,27.6241754,692,ÖMER AYDIN PERŞEMBE,10,,0,0.0,0.0,Aktif,201 - PETSHOP,cekirdek,nominatim_ilce,ilce_merkezi,ÖMER AYDIN,5320698530,34000,,
100000453,TAŞDEMİR MAMA CENTER / MEHMET TAŞDEMİR,YENİ MAH. ŞEHİT HASAN KUZU CD. NO:72/A MANİSA / YUNUSEMRE,MANİSA,,38.6227166,27.4112461,692,ÖMER AYDIN PERŞEMBE,11,2026-01-22,1,520.0,39309.82,Aktif,201 - PETSHOP,cekirdek,erp,saha_gps,ÖMER AYDIN,5414884154,34000,2026-01-22,183
100000460,ZEYBEK TARIM,,MANİSA,SOMA,39.1987193,27.6241754,692,ÖMER AYDIN PERŞEMBE,12,,0,0.0,0.0,Aktif,201 - PETSHOP,cekirdek,nominatim_ilce,ilce_merkezi,ÖMER AYDIN,5432245661,34000,,
100000466,AHMET GÖLCÜK,KURTULUŞ MAH. FATİH CAD. NO:38/1 SOMA,MANİSA,SOMA,39.1798663,27.6204951,692,ÖMER AYDIN PERŞEMBE,13,2026-06-26,1,492.0,41241.9,Aktif,201 - PETSHOP,cekirdek,erp,saha_gps,ÖMER AYDIN,5517215423,34000,2026-06-26,28
100000472,PATİM PETSHOP HASAN SERHAT IDIZBEZ,İBRAHİM ÇELEBİ MH. KUMLUDERECE CD. NO:141A,MANİSA,,,,692,ÖMER AYDIN PERŞEMBE,14,,0,0.0,0.0,Aktif,201 - PETSHOP,cekirdek,basarisiz,yok,ÖMER AYDIN,5079110725,34000,,
100000478,KENAN COŞKUN HAYVANCILIK ÜRÜNLERİ,ATATÜRK MAH. 40. SK. NO:13 SALİHLİ,MANİSA,SALİHLİ,38.4873988,28.1397525,692,ÖMER AYDIN PERŞEMBE,15,,0,0.0,0.0,Aktif,202 - YEM TOPTAN,cekirdek,nominatim_mahalle,mahalle_merkezi,ÖMER AYDIN,5323439749,34000,,
100000484,HATİCE ÇILDIRAMAZ,,MANİSA,ALAŞEHİR,38.3507471,28.516575,692,ÖMER AYDIN PERŞEMBE,16,,0,0.0,0.0,Aktif,201 - PETSHOP,cekirdek,nominatim_ilce,ilce_merkezi,ÖMER AYDIN,5070492658,34000,,
100000707,DAVUTLAR TARIM GIDA DAVUT ÖZSAVRAN,YENİ MH. HOROZKÖY CD. NO:78/A,MANİSA,,38.6227231,27.4106724,692,ÖMER AYDIN PERŞEMBE,21,2026-06-15,4,24000.0,1192017.69,Aktif,202 - YEM TOPTAN,cekirdek,erp,saha_gps,ÖMER AYDIN,5466974404,34000,2026-02-24,39
100000821,ATLANTİX PETSHOP CEM ÖZ,2. ANAFARTALAR MAH. ATATÜRK BLV. NO:19A ŞEHZADELER,MANİSA,,38.6179803,27.4348282,692,ÖMER AYDIN PERŞEMBE,23,2026-02-24,2,760.0,53705.78,Aktif,201 - PETSHOP,cekirdek,erp,saha_gps,ÖMER AYDIN,5555555555,34000,2026-01-02,150
100000870,YİĞİT ARAS PETSHOP AYDIN PAYKOÇ,TEVFİKİYE MH. 3521 SK. NO:2/B,MANİSA,,,,692,ÖMER AYDIN PERŞEMBE,25,,0,0.0,0.0,Aktif,201 - PETSHOP,cekirdek,basarisiz,yok,ÖMER AYDIN,5383023695,34000,,
100000880,BELDA PAWS EVCİL HAYVAN HİZMETLERİ,ALTAY MAH. ŞEHİTLER YOLU CAD. NO:144 A,MANİSA,TURGUTLU,38.4984352,27.7086425,692,ÖMER AYDIN PERŞEMBE,26,,0,0.0,0.0,Aktif,201 - PETSHOP,cekirdek,nominatim_mahalle,mahalle_merkezi,ÖMER AYDIN,5370642136,34000,,
100000890,PATİ NATUREL PET MARKET ABDUSAMET EREN,İNÖNÜ MAH. 224. CAD. ÖZCAN 4 APT NO:5B AKHİSAR,MANİSA,AKHİSAR,38.9149202,27.838068,692,ÖMER AYDIN PERŞEMBE,27,,0,0.0,0.0,Aktif,201 - PETSHOP,cekirdek,nominatim_mahalle,mahalle_merkezi,ÖMER AYDIN,5442644480,34000,,
100000922,FATİH TARIM ÜRÜNLERİ GÜLDEN AK,GAZİLER MAH. GARAJ CAD. NO:72/A,MANİSA,SALİHLİ,38.4926023,28.1421673,692,ÖMER AYDIN PERŞEMBE,29,,0,0.0,0.0,Aktif,202 - YEM TOPTAN,cekirdek,erp,saha_gps,ÖMER AYDIN,5526758524,34000,,
100000958,AKÇA PETSHOP SERTAN AKÇA,NAMAZGAH MAH. N. USULOĞLU CD. GÜL APT. NO:41C,MANİSA,SOMA,39.1822075,27.6070332,692,ÖMER AYDIN PERŞEMBE,30,,0,0.0,0.0,Aktif,201 - PETSHOP,cekirdek,erp,saha_gps,ÖMER AYDIN,5393004584,34000,,
100001089,MİNE PET / METİN YAY,UTKU MAH. ÇARŞI BLV. NO72/C-D,MANİSA,,38.6111954,27.4289126,692,ÖMER AYDIN PERŞEMBE,31,2026-05-06,4,1530.0,67042.09,Aktif,202 - YEM TOPTAN,cekirdek,erp,saha_gps,ÖMER AYDIN,5305803800,34000,2026-01-22,79
100001196,ARAZ MARKET / ORHAN ARAZ,SART MH. MUSTAFA BEY CD. NO:2 İÇ KAPI NO:1,MANİSA,SALİHLİ,38.489989,28.035172,692,ÖMER AYDIN PERŞEMBE,34,2026-05-18,1,165.0,7740.0,Aktif,201 - PETSHOP,cekirdek,erp,saha_gps,ÖMER AYDIN,5530963000,,2026-05-18,67
100000259,ERKAN YOLLAR,RAGIP BEY MAH 19.(MUSTAFA ABUT)CAD NO:87/A AKHİSAR MANİSA,MANİSA,AKHİSAR,38.9194529,27.8347957,693,ÖMER AYDIN CUMA,8,,0,0.0,0.0,Aktif,202 - YEM TOPTAN,cekirdek,nominatim_mahalle,mahalle_merkezi,ÖMER AYDIN,5368559836,34000,,
100000265,AYTEN BOĞA AKGÜN AKVARYUM,CUMHURİYET MAH YEDİEYLÜL YOLU CAD NO:32 İÇ KAPI NO A TURGUTLU MANİSA,MANİSA,TURGUTLU,38.497611,27.706717,693,ÖMER AYDIN CUMA,9,,0,0.0,0.0,Aktif,201 - PETSHOP,cekirdek,erp,saha_gps,ÖMER AYDIN,5321598763,34000,,
100000448,MEHMET SUCU,,MANİSA,AKHİSAR,38.9240528,27.8401895,693,ÖMER AYDIN CUMA,10,,0,0.0,0.0,Aktif,201 - PETSHOP,cekirdek,nominatim_ilce,ilce_merkezi,ÖMER AYDIN,5333871181,34000,,
100000455,TURGUTLU TROPİKAL AKVARYUM,,MANİSA,TURGUTLU,38.5099987,27.7071726,693,ÖMER AYDIN CUMA,11,,0,0.0,0.0,Aktif,201 - PETSHOP,cekirdek,nominatim_ilce,ilce_merkezi,ÖMER AYDIN,5303237974,34000,,
100000461,YEM VE KUŞ DÜNYASI,,MANİSA,AKHİSAR,38.9240528,27.8401895,693,ÖMER AYDIN CUMA,12,,0,0.0,0.0,Aktif,201 - PETSHOP,cekirdek,nominatim_ilce,ilce_merkezi,ÖMER AYDIN,5349664303,34000,,
100000467,ÇARŞI VETERİNER KLİNİĞİ,CUMHURİYET MAH. İMAR SK. NO:18/A,MANİSA,SARUHANLI,38.7351117,27.5675417,693,ÖMER AYDIN CUMA,13,,0,0.0,0.0,Aktif,201 - PETSHOP,cekirdek,erp,saha_gps,ÖMER AYDIN,5555608954,34000,,
100000473,E-TİCARET PET SHOP,,MANİSA,,,,693,ÖMER AYDIN CUMA,14,,0,0.0,0.0,Aktif,201 - PETSHOP,cekirdek,basarisiz,yok,ÖMER AYDIN,5524565164,34000,,
100000479,SAKADATÇI-ZAHİRECİ,,MANİSA,AKHİSAR,38.920125,27.839855,693,ÖMER AYDIN CUMA,15,,0,0.0,0.0,Aktif,201 - PETSHOP,cekirdek,erp,saha_gps,ÖMER AYDIN,5427145171,34000,,
100000485,METİN PETSHOP METİN PALA,NAMAZGAH MAH. ADALET CAD. NO:9-11/A,MANİSA,SOMA,39.1831271,27.6023743,693,ÖMER AYDIN CUMA,16,2026-05-31,4,2787.5,138461.28,Aktif,201 - PETSHOP,cekirdek,erp,saha_gps,ÖMER AYDIN,5352012159,34000,2026-02-24,54
100000732,ARSLAN PETSHOP BAHAR ARSLAN,AKMESCİT MAH. İZMİR CAD. EMEK APT. NO:261A YUNUSEMRE,MANİSA,MERKEZ,38.6103835,27.4124268,693,ÖMER AYDIN CUMA,22,2026-02-28,3,645.0,38228.33,Aktif,201 - PETSHOP,cekirdek,erp,saha_gps,ÖMER AYDIN,5555555555,34000,2026-02-24,146
100000825,MEGA PET SHOP MUHARREM HENAZ,BOZKURT MH. TUNÇ SK. NO:12/1 İÇKAPI: 2,MANİSA,TURGUTLU,38.5099987,27.7071726,693,ÖMER AYDIN CUMA,23,,0,0.0,0.0,Aktif,201 - PETSHOP,cekirdek,nominatim_ilce,ilce_merkezi,ÖMER AYDIN,5364848103,34000,,
100000872,PATİLAND PETSHOP KAZIM KAAN AKSU ADİ ORT,PEKER MAH. İBRAHİM GÖKÇEN BLV. 76/A,MANİSA,,38.618252,27.4294793,693,ÖMER AYDIN CUMA,25,,0,0.0,0.0,Aktif,201 - PETSHOP,cekirdek,nominatim_mahalle,mahalle_merkezi,ÖMER AYDIN,5365882067,34000,,
100000881,VENÜS PETSHOP YİĞİT MUHAMMET GÜNAY,SUBAŞI MAH. S.DEMİRSOY SK. NO:40,MANİSA,TURGUTLU,38.4916706,27.697402,693,ÖMER AYDIN CUMA,26,2026-03-16,2,1077.0,67369.68,Aktif,201 - PETSHOP,cekirdek,nominatim_mahalle,mahalle_merkezi,ÖMER AYDIN,5359510942,34000,2025-12-15,130
100000891,EROL YEM EROL ÇOBAN,PAŞA MH. 5. SK. NO:44 AKHİSAR,MANİSA,AKHİSAR,38.9200573,27.8402755,693,ÖMER AYDIN CUMA,27,2026-05-31,2,859.0,62601.02,Aktif,202 - YEM TOPTAN,cekirdek,erp,saha_gps,ÖMER AYDIN,5545058822,34000,2026-04-07,54
100000923,HACIOĞLU TİCARET BİRKAN CÜLEN,ATATÜRK MAH. BAŞÖĞRETMEN SABRİ BULUT CAD. NO:47/A GÖLMARMARA,MANİSA,GÖLMARMARA,38.7160294,27.9176867,693,ÖMER AYDIN CUMA,29,,0,0.0,0.0,Aktif,202 - YEM TOPTAN,cekirdek,nominatim_mahalle,mahalle_merkezi,ÖMER AYDIN,5447662620,34000,,
100001090,YEM PATİ UN YEM PAZARI,GAZİLER MAH. GARAJ CAD. NO:78/A,MANİSA,SALİHLİ,38.492609,28.1421487,693,ÖMER AYDIN CUMA,31,2026-04-06,5,4510.0,327340.12,Aktif,202 - YEM TOPTAN,cekirdek,erp,saha_gps,ÖMER AYDIN,5322066545,34000,2026-01-22,109
100001134,KARAGÖZ PETSHOP / SERDAR KARAGÖZ,ŞEHİTLER MH. YEDİ EYLÜL YOLU CD. NO:107/A,MANİSA,TURGUTLU,38.4955992,27.7150165,693,ÖMER AYDIN CUMA,33,2026-05-15,2,82.0,15653.31,Aktif,202 - YEM TOPTAN,cekirdek,erp,saha_gps,ÖMER AYDIN,5543821759,,2026-02-17,70
100000254,ÖMER ÇAPARLI,LALELİ MH. 5233 SK SAĞLIK EVLERİ A BLOK YUNUSEMRE-MANİSA,MANİSA,MERKEZ,38.6138191,27.4105668,694,ÖMER AYDIN CUMARTESİ,7,,0,0.0,0.0,Aktif,201 - PETSHOP,cekirdek,nominatim_ilce,ilce_merkezi,ÖMER AYDIN,5078015730,34000,,
100000260,RAMAZAN GÜLMEZ,Selvilitepe Mah Dursun Savcı Sk Musal Sitesi B3D2 Turgutlu/MANİSA,MANİSA,TURGUTLU,38.4860397,27.7037699,694,ÖMER AYDIN CUMARTESİ,8,,0,0.0,0.0,Aktif,201 - PETSHOP,cekirdek,nominatim_mahalle,mahalle_merkezi,ÖMER AYDIN,5369426935,34000,,
100000266,MUSTAFA AYBARS,ZAHİRE PAZARI ALAŞEHİR MANİSA,MANİSA,ALAŞEHİR,38.3507471,28.516575,694,ÖMER AYDIN CUMARTESİ,9,,0,0.0,0.0,Aktif,202 - YEM TOPTAN,cekirdek,nominatim_ilce,ilce_merkezi,ÖMER AYDIN,5367421087,34000,,
100000449,MEHMET UÇAR,,MANİSA,ALAŞEHİR,38.3507471,28.516575,694,ÖMER AYDIN CUMARTESİ,10,,0,0.0,0.0,Aktif,201 - PETSHOP,cekirdek,nominatim_ilce,ilce_merkezi,ÖMER AYDIN,5365696720,34000,,
100000456,ŞİRİN PETSHOP FERHAR ŞİRİNBAŞ,CUMHURİYET MAH. DEMİREL SK. NO:31/A,MANİSA,TURGUTLU,38.4980669,27.7031733,694,ÖMER AYDIN CUMARTESİ,11,2026-03-16,3,105.0,21899.23,Aktif,201 - PETSHOP,cekirdek,erp,saha_gps,ÖMER AYDIN,5326517913,34000,2026-01-22,130
100000462,KRAL KUŞ EVİ,,MANİSA,AKHİSAR,38.9201419,27.8406194,694,ÖMER AYDIN CUMARTESİ,12,,0,0.0,0.0,Aktif,201 - PETSHOP,cekirdek,erp,saha_gps,ÖMER AYDIN,5558383031,34000,,
100000468,AHMETLİ VETERİNER KLİNİĞİ,,MANİSA,AHMETLİ,38.5163463,27.9359277,694,ÖMER AYDIN CUMARTESİ,13,,0,0.0,0.0,Aktif,201 - PETSHOP,cekirdek,erp,saha_gps,ÖMER AYDIN,5325905582,34000,,
100000474,TROPİKAL PET SHOP,,MANİSA,MERKEZ,38.6138191,27.4105668,694,ÖMER AYDIN CUMARTESİ,14,,0,0.0,0.0,Aktif,201 - PETSHOP,cekirdek,nominatim_ilce,ilce_merkezi,ÖMER AYDIN,5073958017,34000,,
100000480,MY PETSHOP,,MANİSA,,,,694,ÖMER AYDIN CUMARTESİ,15,,0,0.0,0.0,Aktif,201 - PETSHOP,cekirdek,basarisiz,yok,ÖMER AYDIN,5436391159,34000,,
100000486,NEJLA DEMİRTAŞ,,MANİSA,TURGUTLU,38.5099987,27.7071726,694,ÖMER AYDIN CUMARTESİ,16,,0,0.0,0.0,Aktif,201 - PETSHOP,cekirdek,nominatim_ilce,ilce_merkezi,ÖMER AYDIN,5377615303,34000,,
100000581,BAŞÇAVUŞOĞLU TOPRAK MAHSÜLLERİ GIDA. MAD. İTH. İHR SAN. VE TİC. LTD. ŞTİ,HACI İSHAK MH. 148SK. NO:74,MANİSA,AKHİSAR,38.9140156,27.8429832,694,ÖMER AYDIN CUMARTESİ,19,2026-04-17,3,13845.0,712715.36,Aktif,202 - YEM TOPTAN,cekirdek,erp,saha_gps,ÖMER AYDIN,5069882969,34000,2026-01-31,98
100000714,HASAN ALP KURUTAÇ VET PET,MURADİYE MAH. PEHLİVAN SK. NO:26C YUNUSEMRE,MANİSA,,38.6591542,27.3375263,694,ÖMER AYDIN CUMARTESİ,21,,0,0.0,0.0,Aktif,200 - VETERİNER,cekirdek,nominatim_mahalle,mahalle_merkezi,ÖMER AYDIN,5069962696,34000,,
100000866,GÖRSİM PATY PETSHOP ADNAN ÖZKURU,MURADİYE MAH. 93. SK. NO:4/B,MANİSA,,38.6584085,27.3399771,694,ÖMER AYDIN CUMARTESİ,24,,0,0.0,0.0,Aktif,201 - PETSHOP,cekirdek,erp,saha_gps,ÖMER AYDIN,5305261739,34000,,
100000873,PARK PETSHOP YELİZ PAYER,LALELİ MH. ALİRIZA EFENDİ CD. MAGNESİA AVM NO:4/B-01,MANİSA,,,,694,ÖMER AYDIN CUMARTESİ,25,,0,0.0,0.0,Aktif,201 - PETSHOP,cekirdek,basarisiz,yok,ÖMER AYDIN,2363022313,34000,,
100000882,PATİNOVA PET SHOP ESRA EĞİLMEZ,ATATÜRK MH. ŞEHİT HASAN KUZU CAD. B BLOK NO:210/A,MANİSA,,,,694,ÖMER AYDIN CUMARTESİ,26,,0,0.0,0.0,Aktif,201 - PETSHOP,cekirdek,basarisiz,yok,ÖMER AYDIN,5379141981,34000,,
100000892,PETSHOP BATO GÖKHAN DİNÇ,ATATÜRK MH. 538SK. NO:26/4-A AKHİSAR,MANİSA,AKHİSAR,38.9190494,27.8186859,694,ÖMER AYDIN CUMARTESİ,27,,0,0.0,0.0,Aktif,201 - PETSHOP,cekirdek,erp,saha_gps,ÖMER AYDIN,5434570045,34000,,
100000909,KAÇAN TİCARET HATUN KAÇAN,TEVFİKİYE MH. 72SK. NO:53/A KIRKAĞAÇ,MANİSA,KIRKAĞAÇ,39.1051553,27.6751145,694,ÖMER AYDIN CUMARTESİ,28,2026-06-18,2,1455.0,74532.81,Aktif,202 - YEM TOPTAN,cekirdek,erp,saha_gps,ÖMER AYDIN,5061065173,34000,2026-02-28,36
100000924,TELLİOĞLU TİCARET HÜSEYİN TELLİ,CENGİZ TOPEL MH. ATATÜRK CD. NO:12-1,MANİSA,SARUHANLI,38.7356297,27.5671719,694,ÖMER AYDIN CUMARTESİ,29,,0,0.0,0.0,Aktif,202 - YEM TOPTAN,cekirdek,erp,saha_gps,ÖMER AYDIN,5467827257,34000,,
100001003,KARDEŞLER TİCARET İZZET BOLU,DİVAN MH. FATİH BUL. NO:102 GÖRDES,MANİSA,GÖRDES,38.9269683,28.2880076,694,ÖMER AYDIN CUMARTESİ,30,2026-01-27,1,1190.0,75320.28,Aktif,202 - YEM TOPTAN,cekirdek,erp,saha_gps,ÖMER AYDIN,5373705342,34000,2026-01-27,178
100001094,HOBİ PETSHOP/FAHRİ ÖZKAN,PAŞA MAHALLESİ 15.SK. NO:21/A,MANİSA,AKHİSAR,38.9201142,27.8368554,694,ÖMER AYDIN CUMARTESİ,31,2026-01-27,2,510.0,82291.51,Aktif,201 - PETSHOP,cekirdek,erp,saha_gps,ÖMER AYDIN,5551827002,34000,2026-01-27,178
100001138,EMİRHAN PETSHOP / EMRULLAH BALTA,CUMHURİYET MH. YEDİ EYLÜL YOLU NO:32/A,MANİSA,TURGUTLU,38.4983843,27.7047018,694,ÖMER AYDIN CUMARTESİ,33,2026-04-06,5,5688.0,354830.09,Aktif,201 - PETSHOP,cekirdek,erp,saha_gps,ÖMER AYDIN,5383691360,,2026-02-17,109
100001180,YILDIRIM YEM / NADİR YILDIRIM,SEYİTAHMET MH. 316\56-A,MANİSA,AKHİSAR,38.9277333,27.8275017,694,ÖMER AYDIN CUMARTESİ,34,2026-04-17,1,525.0,28566.88,Aktif,202 - YEM TOPTAN,cekirdek,erp,saha_gps,ÖMER AYDIN,5355946135,,2026-04-17,98
100000454,KÜLTÜR PETSHOP,,MANİSA,,38.6153676,27.4278386,,,,,0,0.0,0.0,Pasif,201 - PETSHOP,cekirdek,erp,saha_gps,,5396301445,34000,,
100000487,MESİR GIDA,2.ANAFARTALAR MH. HALİL ERDOĞAN CD. NO: 17/ A ŞEHZADELER / MANİSA ŞEHZADELER / MANİSA,MANİSA,,38.6233629,27.4381227,,,,,0,0.0,0.0,Pasif,201 - PETSHOP,cekirdek,erp,saha_gps,,5324868745,34000,,
100000573,MERPEZ AVM ZEHRA MERPEZ,MERKEZ: YENİ MAH. TURİZM CD. NO:81/B,MUĞLA,KÖYCEĞİZ,36.9772821,28.7011046,504,TAMER ÇELİK PAZARTESİ,7,2026-03-28,3,939.0,46199.54,Aktif,202 - YEM TOPTAN,cekirdek,erp,saha_gps,TAMER ÇELİK,2522622220,34000,2026-02-16,118
100000589,TOPALOĞLU AV MALZEMELERİ LMT. ŞRKT,CUMHURİYET MH. İNÖNÜ CD. NO:9/A,MUĞLA,,,,504,TAMER ÇELİK PAZARTESİ,8,2026-05-22,2,480.0,31295.67,Aktif,202 - YEM TOPTAN,cekirdek,basarisiz,yok,TAMER ÇELİK,5303659100,34000,2026-02-16,63
100000616,NATURA PET&GARDEN,DİRMİL MAH. İNÖNÜ CAD. NO:57 YALIKAVAK BODRUM,MUĞLA,BODRUM,37.106322,27.3170554,504,TAMER ÇELİK PAZARTESİ,9,2026-07-24,10,60097.0,3923178.88,Aktif,201 - PETSHOP,cekirdek,erp,saha_gps,TAMER ÇELİK,2523863313,34000,2025-12-22,0
100000644,KÜÇÜK ÇİFTLİK TİCARET İTHALAT İHRACAT LİMİTED ŞİRKETİ,ÇIRKAN MH. 5829 SK. NO:22A BODRUM,MUĞLA,BODRUM,37.0467649,27.3992716,504,TAMER ÇELİK PAZARTESİ,10,2026-06-30,5,4373.0,242686.15,Aktif,201 - PETSHOP,cekirdek,erp,saha_gps,TAMER ÇELİK,5453795505,34000,2026-01-07,24
100000766,PATİ PETSHOP ZAHİDE KAYA,KARAÇALI MAH. İNÖNÜ CAD. NO:8 İÇ KAPI Z04 DALAMAN,MUĞLA,DALAMAN,36.7654728,28.8066298,504,TAMER ÇELİK PAZARTESİ,13,2026-06-30,9,4499.0,393084.22,Aktif,201 - PETSHOP,cekirdek,erp,saha_gps,TAMER ÇELİK,5448236455,34000,2026-01-21,24
100000778,ARWEN PETSHOP HAMDİYE SEVGİ UĞURLU,ULUCAMİ MAH. CENGİZ TOPEL CAD. NO:18D KÖYCEĞİZ,MUĞLA,KÖYCEĞİZ,36.9573679,28.6861499,504,TAMER ÇELİK PAZARTESİ,14,2026-07-24,12,1014.0,107911.24,Aktif,201 - PETSHOP,cekirdek,erp,saha_gps,TAMER ÇELİK,5063299851,34000,2026-01-21,0
100000946,SEMPATİ PETSHOP EDİP ADA,ARMUTALAN MAH. ŞEHİT AHMET BENLER CAD. NO:22/Z2 MARMARİS,MUĞLA,MARMARİS,36.848935,28.2480939,504,TAMER ÇELİK PAZARTESİ,19,,0,0.0,0.0,Aktif,201 - PETSHOP,cekirdek,erp,saha_gps,TAMER ÇELİK,5550153913,34000,,
100001168,J'LO PETSHOP/TEKNOPARK İLETİŞİM,KARAÇULHA MAH.ATATÜRK BLV. NO:147/C,MUĞLA,FETHİYE,36.6221154,29.1153384,504,TAMER ÇELİK PAZARTESİ,22,,0,0.0,0.0,Aktif,201 - PETSHOP,cekirdek,nominatim_ilce,ilce_merkezi,TAMER ÇELİK,5326657171,,,
100001216,ZEYNEP HANIM/BARINAK,MUMCULAR MAH.BAYIR SOK. BİNA NO:268/A,MUĞLA,BODRUM,37.0343987,27.430651,504,TAMER ÇELİK PAZARTESİ,23,2026-07-14,2,180.0,13603.95,Aktif,203 - ÇİFTLİK/BARINAK,cekirdek,nominatim_ilce,ilce_merkezi,TAMER ÇELİK,5327848962,,2026-06-23,10
100000278,AYSE ERKOCA PALMİYE PET,DALYAN MAH. GÜLPINAR CAD.NO:21-C ORTACA-MUĞLA ORTACA-MUĞLA,MUĞLA,ORTACA,36.8381414,28.6414729,505,TAMER ÇELİK SALI,4,2026-06-30,2,486.0,37912.11,Aktif,201 - PETSHOP,cekirdek,erp,saha_gps,TAMER ÇELİK,5453309081,34000,2026-03-30,24
100000562,ŞİMŞEKLER İNŞ. HAF. NAK. TAAH. HAYV. MERMER MAD. PETR. BETON SAN. TİC. İHR. İTH. LTD. ŞTİ,YENİ MAH. İNÖNÜ BLV. NO:22/A YATAĞAN MUĞLA,MUĞLA,YATAĞAN,37.3395263,28.1383507,505,TAMER ÇELİK SALI,6,2025-12-12,1,219.0,14227.01,Aktif,202 - YEM TOPTAN,cekirdek,erp,saha_gps,TAMER ÇELİK,2525727208,34000,2025-12-12,224
100000598,SERKAN KUŞCU BELDİBİ PETSHOP,BELDİBİ MH. ATATÜRK BLV. NO:87 MARMARİS,MUĞLA,MARMARİS,36.8522547,28.2742661,505,TAMER ÇELİK SALI,8,,0,0.0,0.0,Aktif,201 - PETSHOP,cekirdek,nominatim_ilce,ilce_merkezi,TAMER ÇELİK,5367211147,34000,,
100000658,FİT PETSHOP GÜNEŞ UZUNOĞLU,ÇILDIR MH. 164SK NO:11/Z-1,MUĞLA,MARMARİS,36.8522547,28.2742661,505,TAMER ÇELİK SALI,10,,0,0.0,0.0,Aktif,201 - PETSHOP,cekirdek,nominatim_ilce,ilce_merkezi,TAMER ÇELİK,5526802048,34000,,
100000681,GOFİ PETSHOP ENVER ERKALELİ,EMİRBEYAZIT MAH. ETEM SERİM SK HAMDİ HAFIZ APT NO:10 İÇ KAPI NO:3,MUĞLA,,37.2164311,28.362938,505,TAMER ÇELİK SALI,11,,0,0.0,0.0,Aktif,201 - PETSHOP,cekirdek,nominatim_mahalle,mahalle_merkezi,TAMER ÇELİK,5532363515,34000,,
100000759,MT YAT MARİN DÖŞEME OTO KİRALAMA EVCİL HAYVAN ÜRÜNLERİ SAN. TİC. LTD. ŞTİ,"Doktor Mümtaz Ataman Cad., No:10C, Umurca Mah., Bodrum, Muğla",MUĞLA,BODRUM,37.0332979,27.4394134,505,TAMER ÇELİK SALI,12,,0,0.0,0.0,Aktif,201 - PETSHOP,cekirdek,erp,saha_gps,TAMER ÇELİK,5304153548,34000,,
100000779,ACIBADEM PET MEHMET UMUT ATALAY,AKARCA MAHALLESİ YERGUZLAR CAD. NO:23 /A FETHİYE,MUĞLA,FETHİYE,36.6533998,29.1224145,505,TAMER ÇELİK SALI,14,,0,0.0,0.0,Aktif,201 - PETSHOP,cekirdek,nominatim_mahalle,mahalle_merkezi,TAMER ÇELİK,5305532155,34000,,
100000809,ANKAVET VETERİNER KLİNİĞİ SUÇKUN ILGINCIOĞLU,AKARCA MAH. M. KEMAL BULVARI NO:167,MUĞLA,FETHİYE,36.6533998,29.1224145,505,TAMER ÇELİK SALI,16,,0,0.0,0.0,Aktif,201 - PETSHOP,cekirdek,nominatim_mahalle,mahalle_merkezi,TAMER ÇELİK,5052541981,34000,,
100000953,PET İS LİFE EMEL ÖZKALI,CUMHURİYET MAH. İNÖNÜ CAD. NO:97 İÇ KAPI:2 SEYDİKEMER,MUĞLA,,37.3004091,27.7828923,505,TAMER ÇELİK SALI,19,,0,0.0,0.0,Aktif,201 - PETSHOP,cekirdek,nominatim_mahalle,mahalle_merkezi,TAMER ÇELİK,5555555555,34000,,
PT41501,ASTROPET,AKYARLAR MAH. ATATÜRK CAD.RADISON OTEL NO:352,MUĞLA,BODRUM,36.9796973,27.3105692,505,TAMER ÇELİK SALI,23,2026-06-30,6,1875.0,132538.66,Aktif,201 - PETSHOP,cekirdek,erp,saha_gps,TAMER ÇELİK,5332684865,34000,2025-12-16,24
100000282,AHMET YAKUT MORPET,ADLİYE CD. NO:30 KONACIK BODRUM-MUĞLA,MUĞLA,BODRUM,37.0343987,27.430651,506,TAMER ÇELİK ÇARŞAMBA,4,,0,0.0,0.0,Aktif,201 - PETSHOP,cekirdek,nominatim_ilce,ilce_merkezi,TAMER ÇELİK,5423271088,34000,,
100000544,HEKİMOĞLU PET SHOP YALÇIN HEKİM,HOCABEDRETTİN MAH. İNÖNÜ CAD. NO:19/1 MİLAS,MUĞLA,MİLAS,37.311709,27.7828183,506,TAMER ÇELİK ÇARŞAMBA,5,2026-06-30,2,1155.0,72863.64,Aktif,201 - PETSHOP,cekirdek,erp,saha_gps,TAMER ÇELİK,5415751047,34000,2026-05-20,24
100000563,SEM-PATI PETSHOP ESRA BOLAT,ŞEYH. MAH. İSMET İNÖNÜ CAD. NO:23/A MENTEŞE MUĞLA,MUĞLA,,37.2159888,28.3651329,506,TAMER ÇELİK ÇARŞAMBA,6,2026-07-24,7,1391.0,95291.72,Aktif,201 - PETSHOP,cekirdek,erp,saha_gps,TAMER ÇELİK,5448038020,34000,2026-01-21,0
100000577,PATİ PETSHOP ADNAN YALÇIN,KARAÇALI MH. İNÖNÜ CD. NO:8/4 DALMAN,MUĞLA,DALAMAN,36.7672142,28.8002737,506,TAMER ÇELİK ÇARŞAMBA,7,,0,0.0,0.0,Aktif,201 - PETSHOP,cekirdek,nominatim_ilce,ilce_merkezi,TAMER ÇELİK,5079481167,34000,,
100000599,BİR PETSHOP FİGEN TOPBAŞ TORAMAN,PATLANGIÇ MAH. BAHA ŞIKMAN CAD. NO:110/C FETHİYE,MUĞLA,FETHİYE,36.6189228,29.1371978,506,TAMER ÇELİK ÇARŞAMBA,8,,0,0.0,0.0,Aktif,201 - PETSHOP,cekirdek,erp,saha_gps,TAMER ÇELİK,5324457615,34000,,
100000623,BERRAK PETSHOP MEHMET YILMAZ,ÇARŞI MH. UÇKUYULAR CD. DERE SK. NO:49/B BODRUM,MUĞLA,BODRUM,37.0381963,27.4356947,506,TAMER ÇELİK ÇARŞAMBA,9,,0,0.0,0.0,Aktif,201 - PETSHOP,cekirdek,erp,saha_gps,TAMER ÇELİK,5462808013,34000,,
100000663,GÖKOVA PETSHOP AYSU GÖKOVA,TURGUTREİS MAH. MEHMET HİLMİ CAD. NO:138C,MUĞLA,BODRUM,36.9755293,27.2675571,506,TAMER ÇELİK ÇARŞAMBA,10,,0,0.0,0.0,Aktif,201 - PETSHOP,cekirdek,nominatim_mahalle,mahalle_merkezi,TAMER ÇELİK,5303819762,34000,,
100000781,ÇİZMELİ KEDİM PETSHOP FIRAT GÜL,KESİKKAPI MAH. PÜRŞAH BEY. CAD. NO:5/A,MUĞLA,FETHİYE,36.6225077,29.1206385,506,TAMER ÇELİK ÇARŞAMBA,14,2026-06-18,4,900.0,64463.66,Aktif,201 - PETSHOP,cekirdek,erp,saha_gps,TAMER ÇELİK,5322377298,34000,2026-02-16,36
100000813,ÜZÜMLÜ PETSHOP ÇİĞDEM ÇAKAL,YEŞİLÜZÜMLÜ MAH. CUMHURİYET (YSU) CAD. NO:19,MUĞLA,FETHİYE,36.6221154,29.1153384,506,TAMER ÇELİK ÇARŞAMBA,16,,0,0.0,0.0,Aktif,201 - PETSHOP,cekirdek,nominatim_ilce,ilce_merkezi,TAMER ÇELİK,5452967960,34000,,
100000965,MUZUR PETSHOP MELEK TOK,ARMUTALAN MH. ADNAN MENDERES CD. ÖZKENT NO:105/A MARMARİS,MUĞLA,MARMARİS,36.8551097,28.2396487,506,TAMER ÇELİK ÇARŞAMBA,19,2026-06-23,1,17.4,484.55,Aktif,201 - PETSHOP,cekirdek,erp,saha_gps,TAMER ÇELİK,5384875442,34000,2026-06-23,31
100001173,MAHSUN ÇAKIR/BODRUM BARINAK,GÜMÜŞLÜK MAH. 9 ÇALTILIK SK. NO:6/1,MUĞLA,MİLAS,37.3163471,27.7744595,506,TAMER ÇELİK ÇARŞAMBA,23,2026-04-08,1,1950.0,97679.16,Aktif,203 - ÇİFTLİK/BARINAK,cekirdek,nominatim_mahalle,mahalle_merkezi,TAMER ÇELİK,5333679769,,2026-04-08,107
100000288,EMEL ÇIMEN,KONACIK MAH ATATÜRK BLV NO:70 BODRUM MUĞLA BODRUM MUĞLA,MUĞLA,BODRUM,37.0477154,27.395965,507,TAMER ÇELİK PERŞEMBE,4,2026-05-11,1,300.0,26155.03,Aktif,201 - PETSHOP,cekirdek,erp,saha_gps,TAMER ÇELİK,5433217038,34000,2026-05-11,74
100000547,SOYDAN AVCILIK MUSTAFA SOYDAN,HALİLBEY BULV. ŞİRİNEVLER SİT. B BLOK 144/A,MUĞLA,MİLAS,37.2908624,27.7813498,507,TAMER ÇELİK PERŞEMBE,5,2026-07-14,4,3848.0,226692.38,Aktif,202 - YEM TOPTAN,cekirdek,erp,saha_gps,TAMER ÇELİK,5427888767,34000,2026-01-07,10
100000565,ULA KUŞ EVİ MUSTAFA KASAP,ALPARSLAN MH. ALPARSLAN CD. NO:7 ULA,MUĞLA,ULA,37.1019901,28.4179684,507,TAMER ÇELİK PERŞEMBE,6,2026-06-23,6,4735.0,264490.94,Aktif,201 - PETSHOP,cekirdek,erp,saha_gps,TAMER ÇELİK,5322036263,34000,2025-12-12,31
100000583,GÜRHAN PEYZAJ PET & GARDEN,YALIKAVAK MH. ATATÜRK CD. NO:49,MUĞLA,BODRUM,37.0343987,27.430651,507,TAMER ÇELİK PERŞEMBE,7,,0,0.0,0.0,Aktif,201 - PETSHOP,cekirdek,nominatim_ilce,ilce_merkezi,TAMER ÇELİK,5325593968,34000,,
100000613,48 PETSHOP YUNUS EMRE TUNCAY,KEMERALTI MH. ESKİ DATÇA YOLU CAD. TUNCAY APT NO87,MUĞLA,MARMARİS,36.8573911,28.2616232,507,TAMER ÇELİK PERŞEMBE,8,,0,0.0,0.0,Aktif,201 - PETSHOP,cekirdek,erp,saha_gps,TAMER ÇELİK,5362000969,34000,,
100000628,MARMARİS PETSHOP EZGİ KÖKSAL,KEMERALTI MAH. ORG. MUSTAFA MUĞLALI CAD ADAKÖY APT NO:43/Z-2,MUĞLA,MARMARİS,36.8535957,28.264622,507,TAMER ÇELİK PERŞEMBE,9,2026-07-24,9,8799.0,430494.91,Aktif,201 - PETSHOP,cekirdek,erp,saha_gps,TAMER ÇELİK,5557302563,34000,2025-12-12,0
100000664,NEŞELİ PETSHOP NEŞE ARDIÇ,BAHÇELİEVLER MH. MEHMET HİLMİ CAD. NO:21E TURGUTREİS,MUĞLA,BODRUM,37.0343987,27.430651,507,TAMER ÇELİK PERŞEMBE,10,,0,0.0,0.0,Aktif,201 - PETSHOP,cekirdek,nominatim_ilce,ilce_merkezi,TAMER ÇELİK,5315943067,34000,,
100000708,UVARTİS TEKNOLOJİ SİSTEMLERİ SAN. VE TİC. LTD. ŞTİ,TERZİALİLER MAH. ŞERİFNAZ BAŞOĞLU CAD. GÖZDEAPT24C,MUĞLA,ORTACA,36.8367111,28.7656288,507,TAMER ÇELİK PERŞEMBE,11,2026-06-30,7,3393.0,240122.28,Aktif,201 - PETSHOP,cekirdek,erp,saha_gps,TAMER ÇELİK,5397788843,34000,2026-01-23,24
100000774,TÜRKAN PETSHOP TÜRKAN VEREL,YENİ MAH. ADNAN MENDERES BUL. NO:326/A FETHİYE MUĞLA,MUĞLA,FETHİYE,36.6540641,29.1206604,507,TAMER ÇELİK PERŞEMBE,13,,0,0.0,0.0,Aktif,201 - PETSHOP,cekirdek,nominatim_mahalle,mahalle_merkezi,TAMER ÇELİK,5555555555,34000,,
100000782,COCO'S PETSHOP İBRAHİM HALİL GÖKSU,GÜVERCİNLİK MH. 11006SK. NO:5/1 BODRUM,MUĞLA,BODRUM,37.0343987,27.430651,507,TAMER ÇELİK PERŞEMBE,14,,0,0.0,0.0,Aktif,201 - PETSHOP,cekirdek,nominatim_ilce,ilce_merkezi,TAMER ÇELİK,5336694802,34000,,
100000792,BADİKO PET BURCU BAĞKAZAN,KARAOVA MAH. MUMCULAR ATATÜRK CD. NO:208/A BODRUM,MUĞLA,BODRUM,37.1093536,27.6660555,507,TAMER ÇELİK PERŞEMBE,15,2026-07-08,7,2033.0,135793.61,Aktif,201 - PETSHOP,cekirdek,erp,saha_gps,TAMER ÇELİK,5413183218,34000,2025-12-16,16
100001140,MAMOX PETSHOP / FIRAT ALTINTAŞ,EMİRBEYAZIT MAH.RECAİ GÜRELİ CAD.NO:36C,MUĞLA,,37.2165017,28.3610929,507,TAMER ÇELİK PERŞEMBE,21,,0,0.0,0.0,Aktif,201 - PETSHOP,cekirdek,erp,saha_gps,TAMER ÇELİK,5510620426,,,
100001193,ALO MAMA / GÜLÇİN UÇAR,CUMHURİYET MAH.KUVA-İ MİLLİYE CAD. NO:33/B,MUĞLA,MİLAS,37.2972022,27.7818515,507,TAMER ÇELİK PERŞEMBE,23,2026-06-30,3,719.0,66981.48,Aktif,202 - YEM TOPTAN,cekirdek,erp,saha_gps,TAMER ÇELİK,5305155066,,2026-05-11,24
100001174,MUHTEŞEM DEMİRBAĞ,PINARLI BELEN MAH.KARANLIK SOK. NO:36,MUĞLA,BODRUM,37.0343987,27.430651,507,TAMER ÇELİK PERŞEMBE,24,2026-06-30,4,570.0,31031.86,Aktif,203 - ÇİFTLİK/BARINAK,cekirdek,nominatim_ilce,ilce_merkezi,TAMER ÇELİK,5334939005,,2026-04-08,24
100000295,ALİ MALKOÇ,GÜMBET MAH MİSTER HADİ SOK C NO 11C İÇ KAPI NO 1 BODRUM MUĞLA,MUĞLA,BODRUM,37.0343987,27.430651,508,TAMER ÇELİK CUMA,4,,0,0.0,0.0,Aktif,201 - PETSHOP,cekirdek,nominatim_ilce,ilce_merkezi,TAMER ÇELİK,5314923754,34000,,
100000548,PREMİUM PETSHOP KORAY TOPÇU,GÜLLÜK MAH. 271 SK. NO:10/A MİLAS / MUĞLA,MUĞLA,MİLAS,37.2376272,27.5984146,508,TAMER ÇELİK CUMA,5,,0,0.0,0.0,Aktif,201 - PETSHOP,cekirdek,nominatim_mahalle,mahalle_merkezi,TAMER ÇELİK,5457134320,34000,,
100000566,GÜRSEL GIDA PAZARI NURDAN GURSEL,ÇARŞI CAD. NO:111 ULA,MUĞLA,ULA,37.1021641,28.4177567,508,TAMER ÇELİK CUMA,6,2026-06-03,6,3937.0,218947.55,Aktif,202 - YEM TOPTAN,cekirdek,erp,saha_gps,TAMER ÇELİK,5386386378,34000,2025-12-17,51
100000585,VEYİS DİNÇER ŞENLETEN PET İN PETSHOP,ORTAKENT KEMER MEVKİ CUMHURİYET CAD. NO:7 C BODRUM,MUĞLA,BODRUM,37.0343987,27.430651,508,TAMER ÇELİK CUMA,7,,0,0.0,0.0,Aktif,201 - PETSHOP,cekirdek,nominatim_ilce,ilce_merkezi,TAMER ÇELİK,5555555555,34000,,
100000614,AQUA KENT PET MARKET,TUZLA MAHALLESİ MUSTAFA KEMAL BLV. NO:9 FETHİYE,MUĞLA,FETHİYE,36.6259191,29.1246784,508,TAMER ÇELİK CUMA,8,,0,0.0,0.0,Aktif,201 - PETSHOP,cekirdek,nominatim_mahalle,mahalle_merkezi,TAMER ÇELİK,5355195500,34000,,
100000633,KURTER PET GARDEN MEHMET EMİN KURTER,GÜLLÜK MH. ADNAN MENDERES (YENİ) CD. NO:84C,MUĞLA,MİLAS,37.2414733,27.6043333,508,TAMER ÇELİK CUMA,9,2026-04-28,2,414.0,19143.02,Aktif,201 - PETSHOP,cekirdek,erp,saha_gps,TAMER ÇELİK,5534441118,34000,2026-01-21,87
100000665,BEYKOZ PETSHOP SAİME AKAY,MERKEZ MAH. ÇÖKERTME CAD. ÇINAR İŞHANI NO:110,MUĞLA,BODRUM,37.1050565,27.2912875,508,TAMER ÇELİK CUMA,10,2026-07-24,7,1833.0,108139.74,Aktif,201 - PETSHOP,cekirdek,erp,saha_gps,TAMER ÇELİK,5322644446,34000,2026-01-07,0
100000730,AKYAKA PATİ BUTİK DİDEM TEKİN,AKYAKA MAHALLESİ ATATÜRK 1. CD. NO:5D İÇ KAPI NO:D ULA,MUĞLA,ULA,37.0559882,28.3253243,508,TAMER ÇELİK CUMA,11,2026-06-30,3,1779.0,120920.12,Aktif,201 - PETSHOP,cekirdek,erp,saha_gps,TAMER ÇELİK,5321780703,34000,2026-01-21,24
100000786,MOON AQUA EROL YALIN,BURGAZ MAH. NAZMİ AKDENİZ CAD. NO:19A MİLAS,MUĞLA,MİLAS,37.3176899,27.7793647,508,TAMER ÇELİK CUMA,14,,0,0.0,0.0,Aktif,201 - PETSHOP,cekirdek,nominatim_mahalle,mahalle_merkezi,TAMER ÇELİK,5415087370,34000,,
100000795,MERCAN PETSHOP UMUT KARATAŞ,DALYAN MAH. ATATÜRK BLV. NO:33A ORTACA,MUĞLA,ORTACA,36.8352539,28.6451706,508,TAMER ÇELİK CUMA,15,2026-06-30,7,4100.0,400063.35,Aktif,201 - PETSHOP,cekirdek,erp,saha_gps,TAMER ÇELİK,5382700042,34000,2025-12-17,24
100001008,MENTEŞE ATA PET HAYVAN HASTANESİ VE VETERİNERLİK TİC. LTD. ŞTİ,ORHANİYE MAH. ZİHNİ DERİN CD. AKGÜN APT. NO:39/C MENTEŞE,MUĞLA,,37.2117731,28.3736999,508,TAMER ÇELİK CUMA,19,2026-01-21,1,957.0,21813.99,Aktif,200 - VETERİNER,cekirdek,erp,saha_gps,TAMER ÇELİK,5326905458,34000,2026-01-21,184
100001211,NEŞELİ PATİLER,MUSLİHİTTİN MAH.CEMAL KARAMUĞLA SK. NO:90B Orhaniye mah 1. Sokak no 7 menteşe muğla,MUĞLA,,37.2181413,28.3576472,508,TAMER ÇELİK CUMA,22,2026-06-18,2,1210.0,88533.72,Aktif,201 - PETSHOP,cekirdek,nominatim_mahalle,mahalle_merkezi,TAMER ÇELİK,5305005737,,2026-06-03,36
100000552,TARÇIN PETSHOP MEHMET AKPINAR,UMURCA MAH. ATATÜRK CAD. NO:65/E BODRUM,MUĞLA,BODRUM,37.0328808,27.4377194,509,TAMER ÇELİK CUMARTESİ,5,2026-05-20,3,450.0,28225.99,Aktif,201 - PETSHOP,cekirdek,erp,saha_gps,TAMER ÇELİK,2523138584,34000,2026-01-21,65
100000569,PION PETSHOP PINAR ÖZORTAKCI,HİSARÖNÜ MAH. ÜÇYOL SK. NO:8/4 MARMARİS,MUĞLA,MARMARİS,36.7927418,28.1389364,509,TAMER ÇELİK CUMARTESİ,6,2026-06-30,6,3597.0,270216.31,Aktif,201 - PETSHOP,cekirdek,erp,saha_gps,TAMER ÇELİK,5071526020,34000,2026-01-21,24
100000588,DATÇA PATİ PET SHOP MUHARREM EMİR,İSKELE MH. ZÜBEYDE HANIM CD. NO:13/A DATÇA,MUĞLA,DATÇA,36.727734,27.6859496,509,TAMER ÇELİK CUMARTESİ,7,2026-07-24,6,2736.0,232279.68,Aktif,201 - PETSHOP,cekirdek,erp,saha_gps,TAMER ÇELİK,5342855081,34000,2026-02-28,0
100000615,SEMPATİ BİNBİR ÇEŞİT,TERZİALİLER MAH. CUMHURİYET CAD. NO.77 ORTACA,MUĞLA,ORTACA,36.8332607,28.7639654,509,TAMER ÇELİK CUMARTESİ,8,,0,0.0,0.0,Aktif,201 - PETSHOP,cekirdek,nominatim_mahalle,mahalle_merkezi,TAMER ÇELİK,5449712755,34000,,
100000638,YAVUZ AKAY FLAMİNGO PETSHOP,ÇILDIR MAH. 128SK KARAASLAN APART NO:17 İÇ KP1,MUĞLA,MARMARİS,36.8509067,28.2629048,509,TAMER ÇELİK CUMARTESİ,9,2026-03-28,4,385.8,14581.66,Aktif,201 - PETSHOP,cekirdek,erp,saha_gps,TAMER ÇELİK,5323880887,34000,2026-01-28,118
100000675,SEVİMLİ PATİ PETSHOP,"Ahmet Çavuş Hayıtlı, Şair Ulvi Akgün Cd. No:35/A",MUĞLA,MİLAS,37.3103293,27.7828361,509,TAMER ÇELİK CUMARTESİ,10,,0,0.0,0.0,Aktif,201 - PETSHOP,cekirdek,erp,saha_gps,TAMER ÇELİK,5448810142,34000,,
100000734,PATİ PARK VETERİNER KLİNİĞİ,BEÇİN MH. KARAYOLLARI BULV. A BLOK NO:56 A MİLAS,MUĞLA,MİLAS,37.3162709,27.7799762,509,TAMER ÇELİK CUMARTESİ,11,,0,0.0,0.0,Aktif,200 - VETERİNER,cekirdek,nominatim_ilce,ilce_merkezi,TAMER ÇELİK,5320139048,34000,,
100001049,NİLÜFER BEKTAŞ,Bodrum mumcular gokpinar mah gokpinar sok no11,MUĞLA,BODRUM,37.0343987,27.430651,509,TAMER ÇELİK CUMARTESİ,19,2026-06-30,17,12874.0,630164.79,Aktif,203 - ÇİFTLİK/BARINAK,cekirdek,nominatim_ilce,ilce_merkezi,TAMER ÇELİK,5333679769,34000,2025-12-16,24
100001167,ATLANTİX PETSHOP,KARAÇULHA MAH.ATATÜRK BLV.NİHAT BOZ NO:16,MUĞLA,FETHİYE,36.6352841,29.1597879,509,TAMER ÇELİK CUMARTESİ,21,2026-05-22,2,225.0,18328.13,Aktif,201 - PETSHOP,cekirdek,erp,saha_gps,TAMER ÇELİK,5382451548,,2026-03-28,63
100000952,KENAN SARIMEHMET,ORHANİYE MAHALLESİ BURHAN KARAOSMANOĞLU SOKAK TEK YUVAM NO:9 DAİRE 7,MUĞLA,,37.2152342,28.3683149,553,MERKEZ,10,2026-06-16,6,262.3,10254.77,Aktif,205 - GELENEKSEL KANAL,cekirdek,nominatim_mahalle,mahalle_merkezi,MERKEZ TEMSİLCİ,5337641676,34000,2025-12-30,38
100001234,ÖZYÖRÜK GIDA PAZARLAMA SÜT VE SÜT ÜRÜNLERİ,EMİRBEYAZIT MAH. 19 SK BELGİN APT NO: 2 / D,MUĞLA,,37.2164311,28.362938,553,MERKEZ,40,,0,0.0,0.0,Aktif,202 - YEM TOPTAN,cekirdek,nominatim_mahalle,mahalle_merkezi,MERKEZ TEMSİLCİ,5339476598,,,
100000269,NURIYE ILIMAN,Güllük Mah. Adnan Menderes Cad. No:14/B Milas Muğla,MUĞLA,MİLAS,37.2376272,27.5984146,,,,,0,0.0,0.0,Pasif,201 - PETSHOP,cekirdek,nominatim_mahalle,mahalle_merkezi,,5396513700,34000,,
100000270,AKKAYALAR TURIZM TIC LTD STI,TUZLA MAH. ADNAN MENDERES BLV. NO: 12 B İÇ KAPI NO:B FETHİYE/ MUĞLA,MUĞLA,FETHİYE,36.6259191,29.1246784,,,,,0,0.0,0.0,İptal,201 - PETSHOP,cekirdek,nominatim_mahalle,mahalle_merkezi,,5414818388,34000,,
100000271,MASKOT2 ARZU ATABAY,EMİRBEYAZIT MAH. 28SK MİGROS NO:10 KAPINO:2,MUĞLA,,37.2164311,28.362938,,,,,0,0.0,0.0,Pasif,201 - PETSHOP,cekirdek,nominatim_mahalle,mahalle_merkezi,,5336688973,34000,,
100000272,ABDIL YALÇIN,Karaçulha Mah. Dr. Devlet Bahçeli Bulv. İsmail Genç Sit. No:22/2 Fethiye Muğla,MUĞLA,FETHİYE,36.6221154,29.1153384,,,,,0,0.0,0.0,Pasif,201 - PETSHOP,cekirdek,nominatim_ilce,ilce_merkezi,,5374696148,34000,,
100000273,AKYOL ZIRAAT,A.MENDERES BLV.NO:348 GÜNLÜKBAŞI-FETHİYE-MUĞLA,MUĞLA,FETHİYE,36.6221154,29.1153384,,,,,0,0.0,0.0,Pasif,202 - YEM TOPTAN,cekirdek,nominatim_ilce,ilce_merkezi,,5326147978,34000,,
100000274,BOTANICA PETGARDEN ZIRAI ILAÇ VE EVCIL HAYVAN ÜRÜNLERI SANAYI TICARET LIMITED SIRKETI,DİRMİL MAH. İNÖNÜ CAD.NO:119-A/1 YALIKAVAK-BODRUM-MUĞLA,MUĞLA,BODRUM,37.0343987,27.430651,,,,,0,0.0,0.0,Pasif,202 - YEM TOPTAN,cekirdek,nominatim_ilce,ilce_merkezi,,5053785783,34000,,
100000275,ALI IZCIOGLU,ULUCAMİ MAH.İBRAHİM KOÇ SOK.NO:9/1 KÖZCEĞİZ-MUĞLA,MUĞLA,KÖYCEĞİZ,36.9597366,28.683153,,,,,0,0.0,0.0,Pasif,201 - PETSHOP,cekirdek,nominatim_mahalle,mahalle_merkezi,,5323113039,34000,,
100000276,BERNA ERTUGRUL,BEŞKÖPRÜ MAH. VEDAT KABAN CAD. NO:25/A ORTACA-MUĞLA,MUĞLA,ORTACA,36.8332607,28.7639654,,,,,0,0.0,0.0,Pasif,201 - PETSHOP,cekirdek,nominatim_mahalle,mahalle_merkezi,,5342250906,34000,,
100000277,MUSTAFA DEGISICI,KARABURUN MAH. CEVAT ŞAKİR CAD. NO:1/C-C ORTACA-MUĞLA,MUĞLA,ORTACA,36.8465984,28.7100481,,,,,0,0.0,0.0,Pasif,201 - PETSHOP,cekirdek,nominatim_mahalle,mahalle_merkezi,,5059555665,34000,,
100000279,GAMZE NURIYE YAPRAK TUGRUL,KIBRIS ŞEHİTLERİ CD. CEVAT ŞAKİR MAH. 317-A BODRUM-MUĞLA,MUĞLA,BODRUM,37.0343987,27.430651,,,,,0,0.0,0.0,Pasif,201 - PETSHOP,cekirdek,nominatim_ilce,ilce_merkezi,,5335732892,34000,,
100000280,ŞAKO PETSHOP BELGIN ÇOLAK,BEŞKÖPRÜ MAH. 251 SK. NO:1 ORTACA-MUĞLA,MUĞLA,ORTACA,36.8332607,28.7639654,,,,,0,0.0,0.0,Pasif,201 - PETSHOP,cekirdek,nominatim_mahalle,mahalle_merkezi,,5447736490,34000,,
100000281,SONER GÜÇLÜ,FOÇA MAH. BARIŞ MANÇO BLV. NO:34-A FETHİYE-MUĞLA,MUĞLA,FETHİYE,36.6622712,29.1192078,,,,,0,0.0,0.0,Pasif,201 - PETSHOP,cekirdek,nominatim_mahalle,mahalle_merkezi,,5325717038,34000,,
100000283,YILMAZ ARDA IKIZKAYA,HİSARÖNÜ MAH. DEĞİRMENYANI ASPIRAN SK. NO:19 MARMARİS-MUĞLA,MUĞLA,MARMARİS,36.8522547,28.2742661,,,,,0,0.0,0.0,Pasif,201 - PETSHOP,cekirdek,nominatim_ilce,ilce_merkezi,,5078091780,34000,,
100000284,ISMAIL ÇIGIRGAN,GELİŞİM MAH. KAHRAMANLAR SOK. NO:12/2 KÖYCEĞİZ-MUĞLA,MUĞLA,KÖYCEĞİZ,36.9800242,28.6811735,,,,,0,0.0,0.0,Pasif,201 - PETSHOP,cekirdek,nominatim_mahalle,mahalle_merkezi,,5426832922,34000,,
100000285,MESUT GÜLBAZ,TEPE MAH. 36 SOK. NO:25 MARMARİS-MUĞLA,MUĞLA,MARMARİS,36.8543835,28.276239,,,,,0,0.0,0.0,Pasif,201 - PETSHOP,cekirdek,nominatim_mahalle,mahalle_merkezi,,5345538665,34000,,
100000286,BÜLENT KOPARAN,ESKİÇEŞME MAH CAFERPAŞA CAD NO:43/B BODRUM MUĞLA,MUĞLA,BODRUM,37.0363833,27.4205584,,,,,0,0.0,0.0,Pasif,201 - PETSHOP,cekirdek,nominatim_mahalle,mahalle_merkezi,,5366122890,34000,,
100000287,GÖKÇE DEGIRMENCI,DALYAN MAH SÜLEYMANAĞA SOK NO:8/A ORTACA MUĞLA,MUĞLA,ORTACA,36.8465984,28.7100481,,,,,0,0.0,0.0,Pasif,201 - PETSHOP,cekirdek,nominatim_mahalle,mahalle_merkezi,,5444323610,34000,,
100000289,SAYAN EDIZ,YENİ MAH Ü.TOKSÖZ CAD TÜZÜN APT NO:11 İÇ KAPI NO 0 YATAĞAN MUĞLA,MUĞLA,YATAĞAN,37.3416697,28.1395113,,,,,0,0.0,0.0,Pasif,201 - PETSHOP,cekirdek,nominatim_ilce,ilce_merkezi,,5384071777,34000,,
100000290,SERAP GÜMÜS,MEŞELİK MAH MİLAS BODRUM YOLU SOK NO:144/2 İÇ KAPI NO: Z28 MİLAS MUĞLA,MUĞLA,MİLAS,37.3162709,27.7799762,,,,,0,0.0,0.0,Pasif,201 - PETSHOP,cekirdek,nominatim_ilce,ilce_merkezi,,5067914169,34000,,
100000291,SAYAN EDİZ MEHMET CAN ŞAHİN ORT,CUMHURİYET MAH ÜNAL TOKSÖZ CAD 11A YATAĞAN MUĞLA,MUĞLA,YATAĞAN,37.287958,27.8010451,,,,,0,0.0,0.0,Pasif,201 - PETSHOP,cekirdek,nominatim_mahalle,mahalle_merkezi,,5384071777,34000,,
100000292,FÜLYA ULUSAN,HACIİLYAS KADIAĞA NO:2 MİLAS MUĞLA,MUĞLA,MİLAS,37.3162709,27.7799762,,,,,0,0.0,0.0,Pasif,201 - PETSHOP,cekirdek,nominatim_ilce,ilce_merkezi,,5324831560,34000,,
100000293,SUAT AYDIN,TERZİAİLELER MAH TARIM SOK NO:14 A ORTACA MUĞLA,MUĞLA,ORTACA,36.8389038,28.7654166,,,,,0,0.0,0.0,Pasif,201 - PETSHOP,cekirdek,nominatim_ilce,ilce_merkezi,,5365005500,34000,,
100000294,ERDEM TOPCU,AKYOL MAH MEZBAHANE YOLU ÜZERİ NO 0 İÇ KAPI NO 0 YATAĞAN MUĞLA,MUĞLA,YATAĞAN,37.3416697,28.1395113,,,,,0,0.0,0.0,Pasif,201 - PETSHOP,cekirdek,nominatim_ilce,ilce_merkezi,,5495729444,34000,,
100000534,KUŞ DÜNYASI PETSHOP SAKİNE ENÜL,HACIİLYAS MAH. 3. DEMİRCİLER SK NO:5 MİLAS,MUĞLA,MİLAS,37.3145144,27.7781737,,,,,0,0.0,0.0,İptal,201 - PETSHOP,cekirdek,nominatim_mahalle,mahalle_merkezi,,5539631445,34000,,
100000549,ÜNLÜ PETSHOP FERDİ ÜNLÜ,GÜMBET MAH. İSMET İNÖNÜ CAD. NO:22/B BODRUM,MUĞLA,BODRUM,37.0343987,27.430651,,,,,0,0.0,0.0,Pasif,201 - PETSHOP,cekirdek,nominatim_ilce,ilce_merkezi,,5380304378,34000,,
100000551,AQUA PET HÜLYA KABATAŞ,KUMBAHÇE MH. ATATÜRK CD. NO:68-1 BODRUM MUĞLA,MUĞLA,BODRUM,37.0343987,27.430651,,,,,0,0.0,0.0,Pasif,201 - PETSHOP,cekirdek,nominatim_ilce,ilce_merkezi,,5359795862,34000,,
100000553,DOST PATİLER PET SHOOP VOLKAN TAFLAN,GÖLBAŞI MAH. MENDERES BLV. NO:144/5,MUĞLA,BODRUM,37.0343987,27.430651,,,,,0,0.0,0.0,Pasif,201 - PETSHOP,cekirdek,nominatim_ilce,ilce_merkezi,,5444188595,34000,,
100000561,GEZGİNOĞLU TİCARET - İSMAİL GEZGİN,Çayboyu Mah. KAVAKLIDERE- MUĞLA,MUĞLA,KAVAKLIDERE,37.4456315,28.364925,,,,,0,0.0,0.0,Pasif,202 - YEM TOPTAN,cekirdek,nominatim_ilce,ilce_merkezi,,5327359015,34000,,
100000564,BENEK PETSHOP & DEDEKTÖR,KÖPRÜBAŞI MAH. SÜMBÜL SK. NO:1 İÇ KAPI:1,MUĞLA,ULA,37.1029233,28.416366,,,,,0,0.0,0.0,Pasif,201 - PETSHOP,cekirdek,nominatim_ilce,ilce_merkezi,,5536450701,34000,,
100000567,CEREN PETSHOP OSMAN AKDENİZ,İÇMELER MH. 114 SK NO:1/1 MARMARIS,MUĞLA,MARMARİS,36.8522547,28.2742661,,,,,0,0.0,0.0,Pasif,201 - PETSHOP,cekirdek,nominatim_ilce,ilce_merkezi,,5378548525,34000,,
100000570,ZEYNEP PETSHOP HANİFE EMEÇ,BELDİBİ MH. ATATÜRK BLV. NO:101/Z2,MUĞLA,MARMARİS,36.8522547,28.2742661,,,,,0,0.0,0.0,Pasif,201 - PETSHOP,cekirdek,nominatim_ilce,ilce_merkezi,,5428350276,34000,,
100000572,TLOS VETERİNER KLİNİĞİ YILMAZ SARP ÇATALKAYA,BELEN MH. PROF. DR. YÜKSEL ÖZDEN CD. NO:7/1,MUĞLA,,,,,,,,0,0.0,0.0,Pasif,200 - VETERİNER,cekirdek,basarisiz,yok,,5434981169,34000,,
100000575,PİNK PET TOPTAN MARKET ESMA HID,TOPARLAR MH. MUĞLA-FETHİYE KARAYOLU CD. NO:36/2,MUĞLA,KÖYCEĞİZ,36.958501,28.6889436,,,,,0,0.0,0.0,Pasif,201 - PETSHOP,cekirdek,nominatim_ilce,ilce_merkezi,,5435278027,34000,,
100000579,FATİH ATAY ALO MAMA,İÇMELER MH. İSMET İNÖNÜ CD. NO:40 İÇ KAPI NO:A,MUĞLA,MARMARİS,36.8522547,28.2742661,,,,,0,0.0,0.0,İptal,201 - PETSHOP,cekirdek,nominatim_ilce,ilce_merkezi,,5303070444,34000,,
100000580,DOĞA AVCILIK BALIKÇILIK DENİZ MALZ. İTH. İHR. TİC. SAN. LTD. ŞTİ,İ. PAŞA MAH. SAN. CAD. NO:24/B MİLAS,MUĞLA,MİLAS,37.3086935,27.7798307,,,,,0,0.0,0.0,Pasif,201 - PETSHOP,cekirdek,nominatim_mahalle,mahalle_merkezi,,5438870142,34000,,
100000582,AKUAVET SU ÜRÜNLERİ VETERİNER İLAÇLARI,HACIİLYAS MH. AVCILAR SK. ARTUN İŞHANI NO:110MİLAS,MUĞLA,MİLAS,37.3162709,27.7799762,,,,,0,0.0,0.0,Pasif,201 - PETSHOP,cekirdek,nominatim_ilce,ilce_merkezi,,5324649456,34000,,
100000587,BADE PETSHOP DİLARA ÇETİN,ARMUTALAN MAH. ADNAN MENDERES CD. NO:90/A,MUĞLA,MARMARİS,36.8522547,28.2742661,,,,,0,0.0,0.0,Pasif,201 - PETSHOP,cekirdek,nominatim_ilce,ilce_merkezi,,5542592830,34000,,
100000590,ERTEMLİ TİCARET YEM GÜBRE ODUN KÖMÜR,ÇİFTLİK MERKEZ-FETHİYE,MUĞLA,FETHİYE,36.6221154,29.1153384,,,,,0,0.0,0.0,Pasif,202 - YEM TOPTAN,cekirdek,nominatim_ilce,ilce_merkezi,,5367197295,34000,,
100000591,ŞENOL YAVUZ THE PETSHOP,MERKEZ MAH. SEYFETTİN İNCE CD. NO:39A DALAMAN,MUĞLA,DALAMAN,36.7678512,28.8090272,,,,,0,0.0,0.0,Pasif,201 - PETSHOP,cekirdek,nominatim_mahalle,mahalle_merkezi,,5555555555,34000,,
100000597,MUĞLA KUŞ CENNETİ SELAHATTİN BOYACI,ŞEYH MAH. İNÖNÜ CD. NO:54 MENTEŞE /MUĞLA,MUĞLA,,37.2175483,28.3656219,,,,,0,0.0,0.0,Pasif,201 - PETSHOP,cekirdek,nominatim_mahalle,mahalle_merkezi,,5334287236,34000,,
100000600,EYLÜL PETSHOP YASEMİN AKTAN,TAŞYAKA MAH. ŞEHİT ALİ BÜYİSKİLİP CAD. NO:3/C,MUĞLA,FETHİYE,36.6221034,29.1267,,,,,0,0.0,0.0,Pasif,201 - PETSHOP,cekirdek,nominatim_mahalle,mahalle_merkezi,,5331417907,34000,,
100000601,TUNCEL AKVARYUM AV VE DENİZ MALZEMELERİ,BALIBEY MAH. SAATLİKULE CAD. NO:55 MENTEŞE,MUĞLA,,37.2186475,28.3641462,,,,,0,0.0,0.0,Pasif,201 - PETSHOP,cekirdek,nominatim_mahalle,mahalle_merkezi,,5327794008,34000,,
100000620,TÜLAY ÜNLÜ,PAŞALI MAH. KOCAAHMETLER MEVKİİ DÜDENLER SK NO:357,MUĞLA,,,,,,,,0,0.0,0.0,Pasif,203 - ÇİFTLİK/BARINAK,cekirdek,basarisiz,yok,,5555555555,34000,,
100000627,YAKAL PETSHOP GÜROL YAKAL,G.MUSTAFA MUĞLALI CAD. NO:35 MARMARİS,MUĞLA,MARMARİS,36.8522547,28.2742661,,,,,0,0.0,0.0,Pasif,201 - PETSHOP,cekirdek,nominatim_ilce,ilce_merkezi,,5324521014,34000,,
100000629,ÇİTOS PETSHOP ABDULLAH EMİN BAĞCI,YENİKÖY MH. 446 SK NO:9/2 MENTEŞE,MUĞLA,,,,,,,,0,0.0,0.0,Pasif,201 - PETSHOP,cekirdek,basarisiz,yok,,5370640280,34000,,
100000630,MAVİ ADA ÇİÇEKÇİLİK ORGANİZASYON FUAT ERDİNÇ,UM. MAH. AHMET NECATİ ÖZDEMİR CD. NO:7/A,MUĞLA,YATAĞAN,37.3416697,28.1395113,,,,,0,0.0,0.0,Pasif,201 - PETSHOP,cekirdek,nominatim_ilce,ilce_merkezi,,5072835733,34000,,
100000639,PUPİES PETSHOP KEMAL KAAN AYGÖR,PATLANGIÇ MAH. PATLANGIÇ ÖLÜDENİZ CAD. NO:81/A,MUĞLA,FETHİYE,36.6179809,29.1448419,,,,,0,0.0,0.0,Pasif,201 - PETSHOP,cekirdek,nominatim_mahalle,mahalle_merkezi,,5322500667,34000,,
100000643,GÜRBÜZ YARDIMCI DALYAN PETSHOP,DALYAN MAH. SÜLEYMANAĞA SK. NO:8A ORTACA,MUĞLA,ORTACA,36.8465984,28.7100481,,,,,0,0.0,0.0,Pasif,201 - PETSHOP,cekirdek,nominatim_mahalle,mahalle_merkezi,,5555555555,34000,,
100000646,EGE AKVARYUM HAKAN SÜLÜKÇÜ,EMİRBEYAZIT MAH. TURGUTREİS CAD. NO:4Z 15 MENTEŞE,MUĞLA,,37.2164311,28.362938,,,,,0,0.0,0.0,Pasif,201 - PETSHOP,cekirdek,nominatim_mahalle,mahalle_merkezi,,5393214737,34000,,
100000655,TURGUT TARIM NAK. İNŞAAT VE TİCARET LTD. ŞTİ,KARAÇALI MAH. ÖMER MUSA SİVA. CAD NO:1/A,MUĞLA,DALAMAN,36.7493985,28.8088111,,,,,0,0.0,0.0,Pasif,202 - YEM TOPTAN,cekirdek,nominatim_mahalle,mahalle_merkezi,,2526925226,34000,,
100000656,CELEBİ AHŞAP DÜNYASI&CELEBİ PETSHOP,KARAÇULHA MAH. ATATÜRK BLV. NO:149/C,MUĞLA,FETHİYE,36.6221154,29.1153384,,,,,0,0.0,0.0,Pasif,201 - PETSHOP,cekirdek,nominatim_ilce,ilce_merkezi,,5388804821,34000,,
100000657,MERKEZ PETSHOP,MENTEŞEOĞLU MAH. SÜLEYMAN DEMİREL BUL. NO:213A,MUĞLA,FETHİYE,36.6335906,29.1531195,,,,,0,0.0,0.0,Pasif,201 - PETSHOP,cekirdek,nominatim_mahalle,mahalle_merkezi,,5051267224,34000,,
100000662,MİLA GOURME PETSHOP,UMURÇA MAH. CEVATŞAKİR CAD. NO:112/B,MUĞLA,BODRUM,37.0343987,27.430651,,,,,0,0.0,0.0,Pasif,201 - PETSHOP,cekirdek,nominatim_ilce,ilce_merkezi,,5311033863,34000,,
100000680,PATİPET NAZİFE POYRAZ,MÜSLİHİTTİN MAH. MEHMET POLATOĞLU CAD. BAYDUR APT NO18,MUĞLA,,37.2181413,28.3576472,,,,,0,0.0,0.0,Pasif,201 - PETSHOP,cekirdek,nominatim_mahalle,mahalle_merkezi,,5464172023,34000,,
100000682,ELİFNUR BAYGUTALP,KÖTEKLİ MAH. SITKI KOÇMAN CAD. AYŞE ÖLMEZ APT NO:24 A MENTEŞE,MUĞLA,,37.193728,28.3696126,,,,,0,0.0,0.0,Pasif,201 - PETSHOP,cekirdek,nominatim_mahalle,mahalle_merkezi,,5308462361,34000,,
100000688,MASKOTPET EVCİL HAYVAN ÜRÜNLERİ TİC. LTD. ŞTİ,KÖPRÜBAŞI MAH. KAVACIK CD. NO:28 ULA,MUĞLA,ULA,37.1029233,28.416366,,,,,0,0.0,0.0,Pasif,201 - PETSHOP,cekirdek,nominatim_ilce,ilce_merkezi,,5325161575,34000,,
100000699,SECO VET SERCAN SEPİCİ,KARAÇALI MAH. İNÖNÜ CD. ÖZTEK APT NO:81 İÇ KAPIZ02,MUĞLA,DALAMAN,36.7493985,28.8088111,,,,,0,0.0,0.0,Pasif,200 - VETERİNER,cekirdek,nominatim_mahalle,mahalle_merkezi,,5359329548,34000,,
100000727,IŞIN YATIR ALO MAMA,GÖLENYE MAH. İSMET İNÖNÜ CAD. NO: 40 A MARMARİS/ MUĞLA,MUĞLA,MARMARİS,36.8522547,28.2742661,,,,,0,0.0,0.0,Pasif,201 - PETSHOP,cekirdek,nominatim_ilce,ilce_merkezi,,5555555555,34000,,
100000729,HASAN YILDIRIM NAZ PETSHOP,ÇARŞI MAH. ATATÜRK(ÇARŞI) CAD. NO: 2 İÇ KAPI NO: 2,MUĞLA,BODRUM,37.0346629,27.4327171,,,,,0,0.0,0.0,Pasif,201 - PETSHOP,cekirdek,nominatim_mahalle,mahalle_merkezi,,5468034203,34000,,
100000744,PAPYON PETSHOP NİLGÜN ER,ARMUTALAN MAH. ARMUTALAN CUMHURİYET CAD. NO:14/B,MUĞLA,MARMARİS,36.8522547,28.2742661,,,,,0,0.0,0.0,Pasif,201 - PETSHOP,cekirdek,nominatim_ilce,ilce_merkezi,,5071526011,34000,,
100000752,MASKOTPET PLUS EVCİL HAYVAN ÜRÜNLERİ ANONİM ŞİRKETİ,SALİHPAŞALAR MAH. KÖYİÇİ KÜME EVLER NO:245 İÇ KAPI 2 MENTEŞE,MUĞLA,MERKEZ,36.7678512,28.8090272,,,,,0,0.0,0.0,Pasif,201 - PETSHOP,cekirdek,nominatim_ilce,ilce_merkezi,,5555555555,34000,,
100000811,HÖRÜ TEYZE MARKET ABDULLAH SAİM YAVAŞ,ÖREN MAH. İSMET İNÖNÜ CD. NO:152 MİLAS,MUĞLA,MİLAS,37.0412662,27.9575474,,,,,0,0.0,0.0,Pasif,201 - PETSHOP,cekirdek,nominatim_mahalle,mahalle_merkezi,,5543985117,34000,,
100000945,EMC TİCARET PET MARKET PET ÜRÜNLERİ TOPTAN PERAKENDE,BELDİBİ MH. ATATÜRK BLV. NO:101/Z1 MARMARİS,MUĞLA,MARMARİS,36.8522547,28.2742661,,,,,0,0.0,0.0,Pasif,201 - PETSHOP,cekirdek,nominatim_ilce,ilce_merkezi,,5428350276,34000,,
100001051,Muğla Doğayı ve Hayvanları Koruma Derneği,Düğerek mah. Şehit Mehmet Kara sok. Kapı no 10/6. Menteşe. Muğla,MUĞLA,,,,,,,,0,0.0,0.0,Pasif,203 - ÇİFTLİK/BARINAK,cekirdek,basarisiz,yok,,5442024164,34000,,
100001122,ZEYTİN PETSHOP / KEMAL KUŞ,ÜNALAN MH. BODUR SK. NO:42/A,UŞAK,MERKEZ,38.6755093,29.3994654,689,ÖMER AYDIN PAZARTESİ,33,,0,0.0,0.0,Aktif,201 - PETSHOP,sinir_dahil,erp,saha_gps,ÖMER AYDIN,5359734618,,,
100001142,ÇAKIL PETSHOP/ADEM TUNCER,KURTULUŞ MH. ÇAVUŞ ÇEŞME SK. NO:4/A,UŞAK,MERKEZ,38.676006,29.404128,689,ÖMER AYDIN PAZARTESİ,34,2026-02-24,2,621.0,49000.1,Aktif,201 - PETSHOP,sinir_dahil,erp,saha_gps,ÖMER AYDIN,5444505096,,2026-02-24,150
100001124,DELİKANLI PETSHOP /MUAMMER DELİKANLI,ÜNALAN MAH. YİĞİT SK. NO:24/A,UŞAK,MERKEZ,38.6635125,29.4318228,690,ÖMER AYDIN SALI,33,2026-01-31,1,2225.0,100483.0,Aktif,201 - PETSHOP,sinir_dahil,erp,saha_gps,ÖMER AYDIN,5331663235,,2026-01-31,174
100001114,NEŞELİ AYAKLAR PETSHOP / AMİNE SÜMEYYE ÇAKIN,KEMALÖZ MAH. İBRAHİM TAHTAKILIÇ CAD. SABRİ BAYAR KONUTLARI A BLOK NO:148/F MERKEZ / UŞAK,UŞAK,MERKEZ,38.669671,29.3872247,692,ÖMER AYDIN PERŞEMBE,32,2026-06-16,5,2675.1,161389.6,Aktif,201 - PETSHOP,sinir_dahil,erp,saha_gps,ÖMER AYDIN,5457306460,,2026-01-31,38
100001115,UŞAK CAN PETSHOP,DURAK MAH. YÖRÜK HAMZA SK. NO:14/A,UŞAK,MERKEZ,38.6722987,29.4084364,693,ÖMER AYDIN CUMA,32,2026-03-23,3,2330.0,142368.2,Aktif,201 - PETSHOP,sinir_dahil,erp,saha_gps,ÖMER AYDIN,5058848949,,2026-01-31,123
100001205,PATİ PET MARKET / ÇAĞLAR ÖZTEKİN,KEMALÖZ MH. MEHMET TOPAÇ BLV. KAVAS APT. NO:110/C,UŞAK,MERKEZ,38.6679,29.395017,693,ÖMER AYDIN CUMA,34,2026-06-16,2,591.0,26168.18,Aktif,201 - PETSHOP,sinir_dahil,erp,saha_gps,ÖMER AYDIN,5531221689,,2026-05-18,38
100001166,UĞUZLAR DOĞA SPORLARI,SARAYALTI MH. FATİH CADDESİ NO:96A,UŞAK,MERKEZ,38.67703,29.4104954,694,ÖMER AYDIN CUMARTESİ,35,2026-03-30,1,179.0,14910.37,Aktif,202 - YEM TOPTAN,sinir_dahil,erp,saha_gps,ÖMER AYDIN,5442767674,,2026-03-30,116
100000296,DILEK ÖZER,YENİ MAHALLE ZAMBAK SOK NO:1/1 KARAHALLI UŞAK,UŞAK,KARAHALLI,38.3206332,29.5313412,,,,,0,0.0,0.0,Pasif,201 - PETSHOP,sinir_dahil,nominatim_ilce,ilce_merkezi,,5425171637,34000,,
100000702,CAN PETSHOP SEMİHA TAYLAN,DURAK MAH. Ş.MUSTAFA KEMAL AKIN SK. NO:6B UŞAK,UŞAK,MERKEZ,38.6729278,29.4173147,,,,,0,0.0,0.0,Pasif,201 - PETSHOP,sinir_dahil,nominatim_mahalle,mahalle_merkezi,,5058848949,34000,,
100000703,DENİZKIZI PETSHOP ÖMER KESKİN,KURTULUŞ MAH. ÇAVUŞÇEŞME SK. NO:23B UŞAK,UŞAK,MERKEZ,38.6741206,29.4040316,,,,,0,0.0,0.0,Pasif,201 - PETSHOP,sinir_dahil,nominatim_mahalle,mahalle_merkezi,,5534174672,34000,,
100000964,BAY-VET VETERİNER KLİNİĞİ NECATİ ALTAN BAY,ŞEHİTALİBEY MAH. 4009SK. NO:2 İÇ KAPI NO:E,UŞAK,EŞME,38.3983765,28.9689603,,,,,0,0.0,0.0,Pasif,200 - VETERİNER,sinir_dahil,nominatim_ilce,ilce_merkezi,,5362210412,34000,,
M0000012,VEGA PET VET.SAGLIK (CANAKKALE-MERKEZ),ESENLER MH AHMET PRİSTİNA CD. N:31,ÇANAKKALE,MERKEZ,40.1639449,26.4276759,729,ANIL BÖBEŞ RUT,12,,0,0.0,0.0,Aktif,201 - PETSHOP,sinir_dahil,erp,saha_gps,ANIL BÖBEŞ | MESUT ÖZAY BÖBEŞ,5305604999,,,
M0000013,KULUBE 17 VETERINERLIK HIZM.TIC.LTD.STI. (CANAKKALE-MERKEZ),HAMİDİYE MH FATİH CAD. QUEEN PARK C BLOK N:27/C İÇ KAPI N:4 KEPEZ KÖYÜ,ÇANAKKALE,,,,729,ANIL BÖBEŞ RUT,13,,0,0.0,0.0,Aktif,201 - PETSHOP,sinir_dahil,basarisiz,yok,ANIL BÖBEŞ | MESUT ÖZAY BÖBEŞ,5352465641,,,
M0000015,PETIKO VET. HIZM. TARIM SAN. (CANAKKALE-MERKEZ),BARBAROS MAH. CEYHAN SK. TROYA PALAS 3.ETAP NO: 1 İÇ KAPI NO: 3,ÇANAKKALE,,40.1267499,26.4190186,729,ANIL BÖBEŞ RUT,15,,0,0.0,0.0,Aktif,201 - PETSHOP,sinir_dahil,nominatim_mahalle,mahalle_merkezi,ANIL BÖBEŞ | MESUT ÖZAY BÖBEŞ,05417364186,,,
M0000017,SMVET VETERINERLIK HIZMETLERI (CANAKKALE-MERKEZ),CEVAT PAŞA MAH. BAHRİYE ÜÇOK CAD. YASA APARTMANI NO: 20 İÇ KAPI NO: 1,ÇANAKKALE,,40.156709,26.4289059,729,ANIL BÖBEŞ RUT,16,,0,0.0,0.0,Aktif,201 - PETSHOP,sinir_dahil,nominatim_mahalle,mahalle_merkezi,ANIL BÖBEŞ | MESUT ÖZAY BÖBEŞ,0554 722 19 10,,,
M0000018,PATi 17 PETSHOP-HÜROL YÖNEV (CANAKKALE-MERKEZ),BOĞAZKENT MH.ŞEHİT ÖĞRETMEN NURİYE AK CD. VIYANA EVLER NO: 82 A KEPEZ BELDESİ,ÇANAKKALE,MERKEZ,40.146271,26.4028892,729,ANIL BÖBEŞ RUT,17,,0,0.0,0.0,Aktif,201 - PETSHOP,sinir_dahil,nominatim_ilce,ilce_merkezi,ANIL BÖBEŞ | MESUT ÖZAY BÖBEŞ,5337142365,,,
M0000019,CANAKKALE VETERINER KLINIGI*(CANAKKALE),BARBAROS MAH. 100.YIL CAD. NO:13/1,ÇANAKKALE,,40.1267499,26.4190186,729,ANIL BÖBEŞ RUT,18,,0,0.0,0.0,Aktif,201 - PETSHOP,sinir_dahil,nominatim_mahalle,mahalle_merkezi,ANIL BÖBEŞ | MESUT ÖZAY BÖBEŞ,0530 171 71 49,,,
M0000024,ARTUN VETERİNERLİK HİZM.TİC.LTD.ŞTİ.(ÇANAKKALE-MERKEZ),CEVATPAŞA MH.PİRİ REİS CD.NO:12/B,ÇANAKKALE,,,,729,ANIL BÖBEŞ RUT,22,,0,0.0,0.0,Aktif,201 - PETSHOP,sinir_dahil,basarisiz,yok,ANIL BÖBEŞ | MESUT ÖZAY BÖBEŞ,5462398728,,,
M0000025,PET CİTY VETERİNER SAĞLIK HİZM.SAN.VE TİC.LTD.ŞTİ.(ÇANAKKALE-MERKEZ),BARBAROS MH.SEDİR SK.NO:1/2,ÇANAKKALE,,,,729,ANIL BÖBEŞ RUT,23,,0,0.0,0.0,Aktif,201 - PETSHOP,sinir_dahil,basarisiz,yok,ANIL BÖBEŞ | MESUT ÖZAY BÖBEŞ,5374607743,,,
M0000027,VET CASTLE VETERİNERLİK HİZMETLERİ TARIM HAYVANCILIK İLAÇLAMA SAN.TİC.LTD.ŞTİ (ÇANAKKALE-MERKEZ),İsmetpaşa Mh. Malazgirt Sk. Sağlam Kent A Blok No:39/21,ÇANAKKALE,,,,729,ANIL BÖBEŞ RUT,25,,0,0.0,0.0,Aktif,201 - PETSHOP,sinir_dahil,basarisiz,yok,ANIL BÖBEŞ | MESUT ÖZAY BÖBEŞ,5324205200,,,
M0000029,BİGA MURAT GIDA SAN.TIC.LTD.STI,GÖKTEPE KÖYÜ ZAHİRECİLER SİTESİ,ÇANAKKALE,BİGA,40.2871667,27.1319633,729,ANIL BÖBEŞ RUT,27,,0,0.0,0.0,Aktif,201 - PETSHOP,sinir_dahil,erp,saha_gps,ANIL BÖBEŞ | MESUT ÖZAY BÖBEŞ,53244677,,,
M0000031,CAN DOSTUM (ÇANAKKALE-MERKEZ),Esenler mah. Barış caddesi. No:40/A17,ÇANAKKALE,,40.1686686,26.4141395,729,ANIL BÖBEŞ RUT,28,,0,0.0,0.0,Aktif,201 - PETSHOP,sinir_dahil,nominatim_mahalle,mahalle_merkezi,ANIL BÖBEŞ | MESUT ÖZAY BÖBEŞ,5058177835,,,
M0000123,SAVAS YEM GIDA (BALIKESIR-KARESI),ALİ HİKMET PAŞA MAH.DEDE SK. SAVAŞ YEM NO:33,ÇANAKKALE,,,,729,ANIL BÖBEŞ RUT,31,,0,0.0,0.0,Aktif,201 - PETSHOP,sinir_dahil,basarisiz,yok,ANIL BÖBEŞ | MESUT ÖZAY BÖBEŞ,534 400 36 37,,,
M0000134,FOKUS BGN-NESLİHAN BARKA (BALIKESIR-BANDIRMA),600 EVLER MAH. 1209 SK.NO:7/B,ÇANAKKALE,,40.3406995,27.9880891,729,ANIL BÖBEŞ RUT,41,,0,0.0,0.0,Aktif,201 - PETSHOP,sinir_dahil,erp,saha_gps,ANIL BÖBEŞ | MESUT ÖZAY BÖBEŞ,54255292,,,
M0000135,OTANTİK PET VE AKVARYUM (BALIKESIR-GONEN),HÜSEYİN TÜMER CAD.NO:57,ÇANAKKALE,,,,729,ANIL BÖBEŞ RUT,42,,0,0.0,0.0,Aktif,201 - PETSHOP,sinir_dahil,basarisiz,yok,ANIL BÖBEŞ | MESUT ÖZAY BÖBEŞ,0535 335 09 96,,,
M0000175,PETIN 17-ELİF DİLBER (CANAKKALE-MERKEZ),BARBAROS MAH.ATATÜRK CAD.NO:151/A,ÇANAKKALE,MERKEZ,40.1359945,26.4088457,729,ANIL BÖBEŞ RUT,81,,0,0.0,0.0,Aktif,201 - PETSHOP,sinir_dahil,erp,saha_gps,ANIL BÖBEŞ | MESUT ÖZAY BÖBEŞ,53371489,,,
M0000176,TRUVA PET SHOP (CANAKKALE-MERKEZ),BOĞAZKENT MAH. ATATÜRK CAD. NO: 125 İÇ KAPI NO: 3 KEPEZ BELDESİ,ÇANAKKALE,MERKEZ,40.1016184,26.3983058,729,ANIL BÖBEŞ RUT,82,,0,0.0,0.0,Aktif,201 - PETSHOP,sinir_dahil,erp,saha_gps,ANIL BÖBEŞ | MESUT ÖZAY BÖBEŞ,05533875,,,
M0000177,SAKLI CENNET PETSHOP (CANAKKALE-GELIBOLU),CAMİKEBİR MH. HÜKÜMET CAD. NO:21/A,ÇANAKKALE,GELİBOLU,40.4054063,26.6722539,729,ANIL BÖBEŞ RUT,83,,0,0.0,0.0,Aktif,201 - PETSHOP,sinir_dahil,nominatim_ilce,ilce_merkezi,ANIL BÖBEŞ | MESUT ÖZAY BÖBEŞ,0544 491 11 43,,,
M0000178,CAN VETERINER KLINIGI (CANAKKALE-EZINE),CAMİKEBİR MAH. BARANSEL CAD. 43 1,ÇANAKKALE,EZİNE,39.7694755,26.3498443,729,ANIL BÖBEŞ RUT,84,,0,0.0,0.0,Aktif,201 - PETSHOP,sinir_dahil,nominatim_mahalle,mahalle_merkezi,ANIL BÖBEŞ | MESUT ÖZAY BÖBEŞ,05517229485,,,
M0000179,PATELLA VETERINER KLINIK-ERDAL KEKEÇ (CANAKKALE-AYVACIK)(KÖRFEZ),GÖKÇETEPE MAH. ATATÜRK CAD. NO: 34 B KÜÇÜKKUYU KÖYÜ,ÇANAKKALE,AYVACIK,39.5481797,26.604269,729,ANIL BÖBEŞ RUT,85,,0,0.0,0.0,Aktif,201 - PETSHOP,sinir_dahil,erp,saha_gps,ANIL BÖBEŞ | MESUT ÖZAY BÖBEŞ,5458099583,,,
M0000180,ENPATI PETSHOP (CANAKKALE-MERKEZ),ESENLER MAHALLESİ BARIŞ CADDESİ NO:51 İÇ KAPI NO:1,ÇANAKKALE,,40.1638674,26.4179258,729,ANIL BÖBEŞ RUT,86,,0,0.0,0.0,Aktif,201 - PETSHOP,sinir_dahil,erp,saha_gps,ANIL BÖBEŞ | MESUT ÖZAY BÖBEŞ,0552 786 00 17,,,
M0000181,GUNES YEM (CANAKKALE-MERKEZ),CUMHURİYET MAH. EREN SK. NO: 3 İÇ KAPI NO: 1 KEPEZ BELDESİ,ÇANAKKALE,,40.0972459,26.3891601,729,ANIL BÖBEŞ RUT,87,,0,0.0,0.0,Aktif,201 - PETSHOP,sinir_dahil,nominatim_mahalle,mahalle_merkezi,ANIL BÖBEŞ | MESUT ÖZAY BÖBEŞ,05436168526,,,
M0000182,NESELI KANATLAR PET MARKET (CANAKKALE-MERKEZ),BOĞAZKENT MAH. HANİFE ERTEN SK. NO: 16 İÇ KAPI NO: 1 KEPEZ BELDESİ,ÇANAKKALE,,40.1025638,26.3994598,729,ANIL BÖBEŞ RUT,88,,0,0.0,0.0,Aktif,201 - PETSHOP,sinir_dahil,nominatim_mahalle,mahalle_merkezi,ANIL BÖBEŞ | MESUT ÖZAY BÖBEŞ,0542 641 22 14,,,
M0000183,ADAHAN BALIKCILIK MALZ. (CANAKKALE-GOKCEADA),FATİH MAH. İNÖNÜ CAD. NO: 3 A,ÇANAKKALE,GÖKÇEADA,40.2003874,25.9084625,729,ANIL BÖBEŞ RUT,89,,0,0.0,0.0,Aktif,201 - PETSHOP,sinir_dahil,nominatim_ilce,ilce_merkezi,ANIL BÖBEŞ | MESUT ÖZAY BÖBEŞ,546 796 67 02,,,
M0000206,MERTCAN AKV (CANAKKALE-GELIBOLU),YAZICIZADE MAH. PAZARYERİ SOK.NO:8,ÇANAKKALE,GELİBOLU,40.4332126,26.6811953,729,ANIL BÖBEŞ RUT,97,,0,0.0,0.0,Aktif,201 - PETSHOP,sinir_dahil,nominatim_mahalle,mahalle_merkezi,ANIL BÖBEŞ | MESUT ÖZAY BÖBEŞ,0533 633 53 45,,,
M0000216,GENÇ VETERİNER KLİNİĞİ (AYVACIK/ÇANAKKALE),ÜMMÜHAN MH. YALI SK. NO:4/3 D:21,ÇANAKKALE,AYVACIK,39.601185,26.4031312,729,ANIL BÖBEŞ RUT,107,,0,0.0,0.0,Aktif,201 - PETSHOP,sinir_dahil,nominatim_ilce,ilce_merkezi,ANIL BÖBEŞ | MESUT ÖZAY BÖBEŞ,5446143847,,,
M0000220,ŞANSLI PATİLER 17-SUNULLAH EREN (ÇANAKKALE),k.paşa mh. çarşı cad. erdemir pasajı no:85/32,ÇANAKKALE,MERKEZ,40.146271,26.4028892,729,ANIL BÖBEŞ RUT,111,,0,0.0,0.0,Aktif,201 - PETSHOP,sinir_dahil,nominatim_ilce,ilce_merkezi,ANIL BÖBEŞ | MESUT ÖZAY BÖBEŞ,5417306517,,,
M0000221,RENAN ÖZEL ZAHİRE VE YEM TİC.(BİGA/ÇANAKKALE),İSTİKLAL MAH. İNÖNÜ CD. NO:15/1,ÇANAKKALE,BİGA,40.2283829,27.2435964,729,ANIL BÖBEŞ RUT,112,2026-07-18,5,795.0,97067.76,Aktif,201 - PETSHOP,sinir_dahil,erp,saha_gps,ANIL BÖBEŞ | MESUT ÖZAY BÖBEŞ,5305181875,,2026-07-18,6
M0000228,MAMAMİA VETERİNER KLİNİĞİ (10-BANDIRMA),ORDU CAD.AYTUĞ SİTESİ NO:124/B,ÇANAKKALE,,,,729,ANIL BÖBEŞ RUT,119,,0,0.0,0.0,Aktif,201 - PETSHOP,sinir_dahil,basarisiz,yok,ANIL BÖBEŞ | MESUT ÖZAY BÖBEŞ,5465399269,,,
M0000229,PATİBÖR PETSHOP (ÇANAKKALE-MERKEZ),BARBAROS MH.UYAR SK.NO:2/1 İÇ KAPI NO:1,ÇANAKKALE,,,,729,ANIL BÖBEŞ RUT,120,,0,0.0,0.0,Aktif,201 - PETSHOP,sinir_dahil,basarisiz,yok,ANIL BÖBEŞ | MESUT ÖZAY BÖBEŞ,5448148992,,,
M0000230,ALFA VETERİNER HEKİM MUAYENEHANESİ (10-EDREMİT),İKİZÇAY MH.BÜLENT ECEVİT CD. ZAFER AP.27,ÇANAKKALE,,,,729,ANIL BÖBEŞ RUT,121,,0,0.0,0.0,Aktif,201 - PETSHOP,sinir_dahil,basarisiz,yok,ANIL BÖBEŞ | MESUT ÖZAY BÖBEŞ,5544841218,,,
M0000233,YÖRÜKOĞLU AV BAYİİ (10-DURSUNBEY),BELEDİYE ARKASI NO:3,ÇANAKKALE,,,,729,ANIL BÖBEŞ RUT,123,,0,0.0,0.0,Aktif,201 - PETSHOP,sinir_dahil,basarisiz,yok,ANIL BÖBEŞ | MESUT ÖZAY BÖBEŞ,5426376063,,,
M0000234,BAMBİ PET SHOP (10-KARESİ),ALİ HİKMET PAŞA MH.ÖMER ALİ BEY CD.NO:51/A,ÇANAKKALE,,39.6569016,27.8918299,729,ANIL BÖBEŞ RUT,124,,0,0.0,0.0,Aktif,201 - PETSHOP,sinir_dahil,erp,saha_gps,ANIL BÖBEŞ | MESUT ÖZAY BÖBEŞ,5360124100,,,
M0000235,PATİSHOP (ÇANAKKALE-GELİBOLU),YAZICIZADE MH.MİRALAY ŞEFİK AKER CD.BAHADIR PSJ. NO:5/44,ÇANAKKALE,GELİBOLU,40.4054063,26.6722539,729,ANIL BÖBEŞ RUT,125,,0,0.0,0.0,Aktif,201 - PETSHOP,sinir_dahil,nominatim_ilce,ilce_merkezi,ANIL BÖBEŞ | MESUT ÖZAY BÖBEŞ,5424695741,,,
M0000249,SEMPATİ PETSHOP-RAHİME KAHRAMAN (KARESİ-BALIKESİR),PAŞA ALANI MH.SITKI YIRCALI CD.NO:34B,ÇANAKKALE,,39.6591606,27.9012442,729,ANIL BÖBEŞ RUT,127,,0,0.0,0.0,Aktif,201 - PETSHOP,sinir_dahil,erp,saha_gps,ANIL BÖBEŞ | MESUT ÖZAY BÖBEŞ,5422206406,,,
M0000313,PATIKA PETSHOP (BURSA-NILUFER),İHSANİYE MAH. İNCESU SK. NO:11 A,ÇANAKKALE,,,,729,ANIL BÖBEŞ RUT,144,,0,0.0,0.0,Aktif,201 - PETSHOP,sinir_dahil,basarisiz,yok,ANIL BÖBEŞ | MESUT ÖZAY BÖBEŞ,0531 692 49 94,,,
M0000314,PETHOUSE (BURSA-NILUFER),İHSANİYE MAH.OKUL CAD. BURÇAK NO:72/G İÇ KAPI NO:1,ÇANAKKALE,,,,729,ANIL BÖBEŞ RUT,145,,0,0.0,0.0,Aktif,201 - PETSHOP,sinir_dahil,basarisiz,yok,ANIL BÖBEŞ | MESUT ÖZAY BÖBEŞ,530 606 70 01,,,
M0000315,XX CIPET PETSHOP16 (BURSA-OSMANGAZI),SOĞANLI MAH. ÇELEBİ MEHMET BLV. BOTANİK 224 NO:199 C,ÇANAKKALE,,,,729,ANIL BÖBEŞ RUT,146,,0,0.0,0.0,Aktif,201 - PETSHOP,sinir_dahil,basarisiz,yok,ANIL BÖBEŞ | MESUT ÖZAY BÖBEŞ,535 036 13 24,,,
M0000316,PET MARKETIM (BURSA-NILUFER),BEŞEVLER MAH.YILDIRIM CAD. A BLOK NO:141-143/A,ÇANAKKALE,,,,729,ANIL BÖBEŞ RUT,147,,0,0.0,0.0,Aktif,201 - PETSHOP,sinir_dahil,basarisiz,yok,ANIL BÖBEŞ | MESUT ÖZAY BÖBEŞ,536 291 35 46,,,
M0000317,EYMEN PETSHOP (BURSA-NILUFER),FAT AD:KAYIHAN MAH.ATATÜRK CAD.NO:6 SEV AD:ERTUĞRUL MAH.135 SK.NO:4/B NİLÜFER,ÇANAKKALE,,40.2176834,28.9228948,729,ANIL BÖBEŞ RUT,148,,0,0.0,0.0,Aktif,201 - PETSHOP,sinir_dahil,erp,saha_gps,ANIL BÖBEŞ | MESUT ÖZAY BÖBEŞ,55283623,,,
M0000318,DMR PETSHOP (BURSA-YILDIRIM),YILDIRIM MAH.KURTULUŞ CAD. NO:96/A İÇ KAPI NO:Z1,ÇANAKKALE,,40.4089388,26.671815,729,ANIL BÖBEŞ RUT,149,,0,0.0,0.0,Aktif,201 - PETSHOP,sinir_dahil,nominatim_mahalle,mahalle_merkezi,ANIL BÖBEŞ | MESUT ÖZAY BÖBEŞ,553 525 19 07,,,
M0000319,SOHPET PETSHOP (BURSA-OSMANGAZI),EMEK ADNAN MENDERES MAH. KARANFİL CAD. NO: 27,ÇANAKKALE,,40.2550193,28.9703006,729,ANIL BÖBEŞ RUT,150,,0,0.0,0.0,Aktif,201 - PETSHOP,sinir_dahil,erp,saha_gps,ANIL BÖBEŞ | MESUT ÖZAY BÖBEŞ,531 612 86 92,,,
M0000321,ISIK YEM (BURSA-OSMANGAZI),HÜRRİYET MAHALLESİ 9. CAMİ SOK. NO:14,ÇANAKKALE,,,,729,ANIL BÖBEŞ RUT,152,,0,0.0,0.0,Aktif,201 - PETSHOP,sinir_dahil,basarisiz,yok,ANIL BÖBEŞ | MESUT ÖZAY BÖBEŞ,05355250720,,,
M0000322,LALI PETSHOP (BURSA-NILUFER),ODUNLUK MAH. AKPINAR(180) CAD.İŞYERİ (OFİSLER) GREEN WHITE PLAZA NO: 5 İÇ KAPI,ÇANAKKALE,,,,729,ANIL BÖBEŞ RUT,153,,0,0.0,0.0,Aktif,201 - PETSHOP,sinir_dahil,basarisiz,yok,ANIL BÖBEŞ | MESUT ÖZAY BÖBEŞ,0533 938 52 68,,,
M0000323,KAYA GİRAY VETERINER KLINIGI (BURSA-INEGOL),ERTUĞRULGAZİ MAH. AKPINAR CAD. NO: 9 İÇ KAPI NO:1,ÇANAKKALE,,,,729,ANIL BÖBEŞ RUT,154,,0,0.0,0.0,Aktif,201 - PETSHOP,sinir_dahil,basarisiz,yok,ANIL BÖBEŞ | MESUT ÖZAY BÖBEŞ,5365548350,,,
M0000324,YEZDA AMBALAJ KIRTASIYE (BURSA-OSMANGAZI),SAKARYA MAH/SEMT 6.ULU SK. ALTAY APT. NO: 91 A,ÇANAKKALE,,,,729,ANIL BÖBEŞ RUT,155,,0,0.0,0.0,Aktif,201 - PETSHOP,sinir_dahil,basarisiz,yok,ANIL BÖBEŞ | MESUT ÖZAY BÖBEŞ,0539 656 66 22,,,
M0000325,PETITOYS PETSHOP (BURSA-OSMANGAZİ),GÜZELYALI SİTELER MAH. ESKİ16 ASFALTI CAD. NO:35/BA,ÇANAKKALE,,,,729,ANIL BÖBEŞ RUT,156,,0,0.0,0.0,Aktif,201 - PETSHOP,sinir_dahil,basarisiz,yok,ANIL BÖBEŞ | MESUT ÖZAY BÖBEŞ,0553 655 67 53,,,
M0000327,ZOA PETSHOP (BURSA-YILDIRIM),BAĞLARALTI MAH. 2.CAD.NO:24/C,ÇANAKKALE,,,,729,ANIL BÖBEŞ RUT,158,,0,0.0,0.0,Aktif,201 - PETSHOP,sinir_dahil,basarisiz,yok,ANIL BÖBEŞ | MESUT ÖZAY BÖBEŞ,544 318 64 05,,,
M0000328,EMSA PETSHOP (BURSA-OSMANGAZI),GEÇİT MAH. 1.GÜRBÜZ SK.NO: 69 İÇ KAPI NO:9,ÇANAKKALE,,40.2671058,28.9536481,729,ANIL BÖBEŞ RUT,159,,0,0.0,0.0,Aktif,201 - PETSHOP,sinir_dahil,erp,saha_gps,ANIL BÖBEŞ | MESUT ÖZAY BÖBEŞ,5364364183,,,
M0000329,GIRGIR PETSHOP (BURSA-OSMANGAZI),YENİKARAMAN MAH. 20.ŞAHİN SK. NO: 26 A,ÇANAKKALE,,,,729,ANIL BÖBEŞ RUT,160,,0,0.0,0.0,Aktif,201 - PETSHOP,sinir_dahil,basarisiz,yok,ANIL BÖBEŞ | MESUT ÖZAY BÖBEŞ,534 893 52 38,,,
M0000331,PFF PETSHOP (BURSA-NILUFER),KARAMAN MAH. KELEBEK(170) SK. NO:3/A,ÇANAKKALE,,40.0942265,26.3922103,729,ANIL BÖBEŞ RUT,162,,0,0.0,0.0,Aktif,201 - PETSHOP,sinir_dahil,nominatim_mahalle,mahalle_merkezi,ANIL BÖBEŞ | MESUT ÖZAY BÖBEŞ,543 813 08 27,,,
M0000333,SILVA PET (BURSA-YILDIRIM) X,KURTOĞLU MAH. NAMAZGAH CAD. NO: 31 A İÇ KAPI NO: B1,ÇANAKKALE,,,,729,ANIL BÖBEŞ RUT,164,,0,0.0,0.0,Aktif,201 - PETSHOP,sinir_dahil,basarisiz,yok,ANIL BÖBEŞ | MESUT ÖZAY BÖBEŞ,555 700 79 44,,,
M0000334,MY PET KAMPUS (BURSA-NILUFER),ALAADDİNBEY MAH.AYDINLIK SK.NO:20,ÇANAKKALE,,,,729,ANIL BÖBEŞ RUT,165,,0,0.0,0.0,Aktif,201 - PETSHOP,sinir_dahil,basarisiz,yok,ANIL BÖBEŞ | MESUT ÖZAY BÖBEŞ,538 799 97 59,,,
M0000336,CAFE DE PATI PETSHOP (BURSA-NILUFER),30 AĞUSTOS ZAFER MAH. BOZYAKA CAD. NO: 15 B/D,ÇANAKKALE,,,,729,ANIL BÖBEŞ RUT,167,,0,0.0,0.0,Aktif,201 - PETSHOP,sinir_dahil,basarisiz,yok,ANIL BÖBEŞ | MESUT ÖZAY BÖBEŞ,535 222 03 33,,,
M0000337,İLKAY PETSHOP (BURSA-OSMANGAZI),KURUÇEŞME MAH. SAKARYA CAD.NO:11/A,ÇANAKKALE,,,,729,ANIL BÖBEŞ RUT,168,,0,0.0,0.0,Aktif,201 - PETSHOP,sinir_dahil,basarisiz,yok,ANIL BÖBEŞ | MESUT ÖZAY BÖBEŞ,535 565 55 56,,,
M0000338,EASY PET (BURSA-NILUFER),AHMET YESEVİ MAH. BALAT CAD.NO:73/B - 11,ÇANAKKALE,,,,729,ANIL BÖBEŞ RUT,169,,0,0.0,0.0,Aktif,201 - PETSHOP,sinir_dahil,basarisiz,yok,ANIL BÖBEŞ | MESUT ÖZAY BÖBEŞ,545 865 07 06,,,
M0000339,PET PUSULA KEDI OTELI PETSHOP (BURSA-NILUFER),ÜÇEVLER MAH. İZMİR YOLU CAD. NO: 241 D/K,ÇANAKKALE,,,,729,ANIL BÖBEŞ RUT,170,,0,0.0,0.0,Aktif,201 - PETSHOP,sinir_dahil,basarisiz,yok,ANIL BÖBEŞ | MESUT ÖZAY BÖBEŞ,542 241 16 08,,,
M0000340,BERKAY AKVARYUM (OSMANGAZI-BURSA),ÇİRİŞHANE MAH. ETİBANK CAD.NO:15/a,ÇANAKKALE,,,,729,ANIL BÖBEŞ RUT,171,,0,0.0,0.0,Aktif,201 - PETSHOP,sinir_dahil,basarisiz,yok,ANIL BÖBEŞ | MESUT ÖZAY BÖBEŞ,5436314631,,,
M0000341,GULSE LIYA SETBASI PETSHOP (YILDIRIM-BURSA),KARAAĞAÇ MAH . SAKALDÖKEN CAD. NO:2-8B Z2,ÇANAKKALE,,39.3918304,26.8387057,729,ANIL BÖBEŞ RUT,172,,0,0.0,0.0,Aktif,201 - PETSHOP,sinir_dahil,nominatim_mahalle,mahalle_merkezi,ANIL BÖBEŞ | MESUT ÖZAY BÖBEŞ,0546 860 40 90,,,
M0000342,YUNUS PARK PETSHOP*(YILDIRIM-BURSA),HACISEYFETTİN MAH. İNCİRLİ CAD. İLHANLAR APT. 149 İLHANLAR APT. 149 A Z:1,ÇANAKKALE,,,,729,ANIL BÖBEŞ RUT,173,,0,0.0,0.0,Aktif,201 - PETSHOP,sinir_dahil,basarisiz,yok,ANIL BÖBEŞ | MESUT ÖZAY BÖBEŞ,0532 666 18 32,,,
100000029,MAHMUT ÖZLAHLAN,ATATÜRK MAH. 63SK NO:6A BUCA BUCA / İZMİR,İZMİR,,39.1023586,27.1935983,504,TAMER ÇELİK PAZARTESİ,1,2025-12-12,1,1794.0,156264.38,Aktif,201 - PETSHOP,cekirdek,nominatim_mahalle,mahalle_merkezi,TAMER ÇELİK,5073831905,34000,2025-12-12,224
100000097,MEHMET TASYER,KURTULUŞ MAH.HAKİMİYET CAD. NO:14/B TİRE-İZMİR,İZMİR,TİRE,38.0898716,27.7366584,504,TAMER ÇELİK PAZARTESİ,2,,0,0.0,0.0,Aktif,201 - PETSHOP,cekirdek,nominatim_mahalle,mahalle_merkezi,TAMER ÇELİK,5423135695,34000,,
100000149,BAYRAMLAR YEM TARIM ÜRÜNLERI SAN. VE TIC. LTD.STI,ZAFER MAH. ÇELTİK SOK. NO:2 BUCA-İZMİR,İZMİR,,39.1177512,27.1761472,504,TAMER ÇELİK PAZARTESİ,3,,0,0.0,0.0,Aktif,202 - YEM TOPTAN,cekirdek,nominatim_mahalle,mahalle_merkezi,TAMER ÇELİK,5325991598,34000,,
100000240,İKON TEKNOLOJİ GÜVENLİK VE OTOMASYON SİSTEMLERİ SANAYİ TİCARET LİMİTED ŞİRKETİ,YAYLACIK MAH GAZİ OSMAN PAŞA CAD NO:54A İÇ KAPI NO A BUCA İZMİR,İZMİR,,38.3902427,27.1752803,504,TAMER ÇELİK PAZARTESİ,4,,0,0.0,0.0,Aktif,201 - PETSHOP,cekirdek,nominatim_mahalle,mahalle_merkezi,TAMER ÇELİK,0000000000,34000,,
100000530,ACAR PETSHOP DENİZ ACAR,GÖKSU MAH. GAZETECİ YAZAR İSMAİL SİVRİ BULV. NO308,İZMİR,BUCA,38.3639172,27.1521095,504,TAMER ÇELİK PAZARTESİ,5,2026-06-30,5,1426.0,153743.5,Aktif,201 - PETSHOP,cekirdek,erp,saha_gps,TAMER ÇELİK,5362120720,34000,2025-12-12,24
100000554,MEYDAN MARKET ALİ YİĞİT,BELEVİ MAH. SELÇUK İZMİR,İZMİR,SELÇUK,38.0140648,27.4490648,504,TAMER ÇELİK PAZARTESİ,6,,0,0.0,0.0,Aktif,205 - GELENEKSEL KANAL,cekirdek,nominatim_mahalle,mahalle_merkezi,TAMER ÇELİK,5325961285,34000,,
100000679,ABDULLAH BEKLEN,MURATBEY MAH. APTİ EREL CAD. NO:6B TORBALI,İZMİR,TORBALI,38.1484881,27.3604143,504,TAMER ÇELİK PAZARTESİ,11,2026-06-23,4,1222.0,126238.68,Aktif,202 - YEM TOPTAN,cekirdek,erp,saha_gps,TAMER ÇELİK,5539600903,34000,2026-01-07,31
100000757,YAKAMOZ AKVARYUM AYTEN KAYABAŞI,ATATÜRK MH. 220SK NO:5/A,İZMİR,BUCA,38.3812123,27.1764783,504,TAMER ÇELİK PAZARTESİ,12,2026-05-15,6,2409.0,319817.23,Aktif,201 - PETSHOP,cekirdek,erp,saha_gps,TAMER ÇELİK,5353979609,34000,2026-01-19,70
100000789,FOX PETSHOP GÜLŞAH ÖZGE REİS,TEPEKÖY MAH. KAZIM KARABEKİR CD. NO:5/A TORBALI,İZMİR,TORBALI,38.1528022,27.3613432,504,TAMER ÇELİK PAZARTESİ,15,2026-07-16,6,1714.0,183824.47,Aktif,201 - PETSHOP,cekirdek,erp,saha_gps,TAMER ÇELİK,5365999292,34000,2025-12-15,8
100000803,HİLAL PETSHOP,FIRAT MAH. 647/16 SOK. NO:1B/B ŞİRİNYER,İZMİR,BUCA,38.3722337,27.1500588,504,TAMER ÇELİK PAZARTESİ,16,2026-01-23,1,30.0,1902.52,Aktif,201 - PETSHOP,cekirdek,erp,saha_gps,TAMER ÇELİK,5071368958,34000,2026-01-23,182
100000841,CİCİ PET SHOP İLKAY AKTAŞ,KUVVETLİ MH. GEDİZ CD. NO:1/3-A ÖDEMİŞ,İZMİR,ÖDEMİŞ,38.2220766,27.9654515,504,TAMER ÇELİK PAZARTESİ,17,,0,0.0,0.0,Aktif,201 - PETSHOP,cekirdek,nominatim_ilce,ilce_merkezi,TAMER ÇELİK,5303842869,34000,,
100000913,BUCA PETSHOP EVCİL HAYVAN MALZEMELERİ SANAYİ VE TİCARET LİMİTED ŞİRKETİ,EFELER MAH. FORBES SK. NO:71A,İZMİR,BUCA,38.3894328,27.1560161,504,TAMER ÇELİK PAZARTESİ,18,2026-03-11,3,2985.0,165589.65,Aktif,201 - PETSHOP,cekirdek,erp,saha_gps,TAMER ÇELİK,5384983558,34000,2025-12-12,135
100001084,TORBALI PETSHOP / MUHAMMED OLCAN,TORBALI MAH.METROPOL BLV. NO:41 KAPI NO:1,İZMİR,TORBALI,38.1732113,27.3494936,504,TAMER ÇELİK PAZARTESİ,20,2026-07-24,16,6607.44,576600.11,Aktif,202 - YEM TOPTAN,cekirdek,erp,saha_gps,TAMER ÇELİK,5524775596,34000,2026-01-21,0
100001108,ÜNSALLAR PETSHOP2 / YAHYA KEMAL ÜNSAL,KOZAĞAÇ MAH. 277/6 SOK.NO:24,İZMİR,BUCA,38.3767374,27.169424,504,TAMER ÇELİK PAZARTESİ,21,,0,0.0,0.0,Aktif,201 - PETSHOP,cekirdek,erp,saha_gps,TAMER ÇELİK,5077703498,34000,,
PT41498,KITIRR PETSHOP,ERTUĞRUL MAH. 3074.SOKAK NO:6/16,İZMİR,TORBALI,38.1542458,27.3582283,504,TAMER ÇELİK PAZARTESİ,24,2026-06-18,9,923.0,114593.88,Aktif,201 - PETSHOP,cekirdek,erp,saha_gps,TAMER ÇELİK,5075728014,34000,2025-12-15,36
100000036,ILHAN BASARAN,313 SK.NO:81-B ŞİRİNYER-BUCA-İZMİR,İZMİR,,,,505,TAMER ÇELİK SALI,1,,0,0.0,0.0,Aktif,201 - PETSHOP,cekirdek,basarisiz,yok,TAMER ÇELİK,5322708364,34000,,
100000101,MELIH ÇEVIK,İNÖNÜ MAH.SARACOĞLU CAD.NO:71A ÖDEMİŞ-İZMİR,İZMİR,ÖDEMİŞ,38.2465244,27.9771223,505,TAMER ÇELİK SALI,2,,0,0.0,0.0,Aktif,201 - PETSHOP,cekirdek,nominatim_mahalle,mahalle_merkezi,TAMER ÇELİK,5547493232,34000,,
100000150,HAMIT YURT,AKINCILAR MH. 545 SK. NO:35/A BUCA-İZMİR,İZMİR,,,,505,TAMER ÇELİK SALI,3,,0,0.0,0.0,Aktif,201 - PETSHOP,cekirdek,basarisiz,yok,TAMER ÇELİK,5526620222,34000,,
100000533,ATOM KARINCA PET MARKET YEŞİM AKTÜRK,HÜRRİYET MAH. MENDERES CD. NO:303/B,İZMİR,BUCA,38.3956953,27.1485155,505,TAMER ÇELİK SALI,5,,0,0.0,0.0,Aktif,201 - PETSHOP,cekirdek,erp,saha_gps,TAMER ÇELİK,5300838970,34000,,
100000576,UTKU PETSHOP AYHAN UTKURAK GÖKSEL DÖNMEZ,TORBALI MAH. 5119SK. NO:26-A,İZMİR,TORBALI,38.1716783,27.3484468,505,TAMER ÇELİK SALI,7,,0,0.0,0.0,Aktif,201 - PETSHOP,cekirdek,nominatim_mahalle,mahalle_merkezi,TAMER ÇELİK,5529332324,34000,,
100000621,KAAN YEM TİCARETİ FİKRİ SÖYLEMEZ,KETENCİ MAH. İBNİ MELEK CD. NO:40A TİRE,İZMİR,TİRE,38.0862278,27.7290322,505,TAMER ÇELİK SALI,9,2026-07-10,5,4920.0,295426.3,Aktif,202 - YEM TOPTAN,cekirdek,erp,saha_gps,TAMER ÇELİK,5436555653,34000,2026-01-02,14
100000767,MANGO2 PETSHOP İREM ABALI,ADATEPE MAH. 3SOK. NO:41/A BUCA,İZMİR,BUCA,38.3847344,27.1845075,505,TAMER ÇELİK SALI,13,2026-05-08,3,871.0,89883.44,Aktif,201 - PETSHOP,cekirdek,erp,saha_gps,TAMER ÇELİK,5070064773,34000,2026-01-07,77
100000790,PETSHOP ARTI DİDEM ÖZKAN,BUCA KOOP MAH. 200/17 SK. NO:28/A BUCA,İZMİR,BUCA,38.3681072,27.1792704,505,TAMER ÇELİK SALI,15,,0,0.0,0.0,Aktif,201 - PETSHOP,cekirdek,nominatim_mahalle,mahalle_merkezi,TAMER ÇELİK,5366714966,34000,,
100000843,MELİH PET SHOP EVCİL HAYVAN BAKIMI BESLEME VE AKSESUARLARI TİC,İNÖNÜ MH. SARAÇOĞLU CD. NO:71/A,İZMİR,ÖDEMİŞ,38.2220766,27.9654515,505,TAMER ÇELİK SALI,17,,0,0.0,0.0,Aktif,201 - PETSHOP,cekirdek,nominatim_ilce,ilce_merkezi,TAMER ÇELİK,5547493232,34000,,
100000915,TUĞÇEM PETSHOP NEBİ ECE,348SK. NO:20/B BUCA,İZMİR,BUCA,38.3834933,27.1686508,505,TAMER ÇELİK SALI,18,,0,0.0,0.0,Aktif,201 - PETSHOP,cekirdek,nominatim_ilce,ilce_merkezi,TAMER ÇELİK,5535677641,34000,,
100001086,FLOWER PET SHOP,UFUK MAH.FEVZİ ÇAKMAK CAD. NO:228/A BUCA,İZMİR,,38.4030421,27.1653095,505,TAMER ÇELİK SALI,20,2026-07-20,15,4086.04,423184.59,Aktif,201 - PETSHOP,cekirdek,erp,saha_gps,TAMER ÇELİK,5523413162,34000,2026-01-21,4
100001130,PETRİCK PETSHOP/OZAN ÖZDİL,VALİ RAHMİ BEY MAH.NO:8/A BUCA / İZMİR,İZMİR,BUCA,38.3878981,27.1703989,505,TAMER ÇELİK SALI,21,,0,0.0,0.0,Aktif,201 - PETSHOP,cekirdek,nominatim_mahalle,mahalle_merkezi,TAMER ÇELİK,5055638294,,,
100001172,ACAR PETSHOP/ İBRAHİM ACAR,CUMHURİYET MH.ÇETİNKAYA SK. A BLOK NO:18/B,İZMİR,ÖDEMİŞ,38.2276144,27.9758591,505,TAMER ÇELİK SALI,22,2026-05-15,2,450.0,28044.72,Aktif,201 - PETSHOP,cekirdek,erp,saha_gps,TAMER ÇELİK,5444790472,,2026-03-31,70
100000051,GÜZEL TARIM YEM VE SÜT TİCARETİ,IŞIKLI MH. YOL KÜME EVLERİ NO:2 TİRE TİRE / İZMİR,İZMİR,TİRE,38.093483,27.7377467,506,TAMER ÇELİK ÇARŞAMBA,1,2026-05-15,6,4161.0,232150.54,Aktif,201 - PETSHOP,cekirdek,erp,saha_gps,TAMER ÇELİK,5327951937,34000,2025-12-15,70
100000119,KAYNAK YEM GIDA,İPEKÇİLER MH.ÇIRAKLAR CAD.NO:19 TİRE-İZMİR,İZMİR,TİRE,38.0925722,27.7280375,506,TAMER ÇELİK ÇARŞAMBA,2,,0,0.0,0.0,Aktif,202 - YEM TOPTAN,cekirdek,nominatim_ilce,ilce_merkezi,TAMER ÇELİK,5466709332,34000,,
100000207,PALAPET PETROL TICARET VE NAKLIYE LTD STI,ZAFER MAH 2360 SOK NO:25 BUCA İZMİR,İZMİR,,39.1177512,27.1761472,506,TAMER ÇELİK ÇARŞAMBA,3,,0,0.0,0.0,Aktif,201 - PETSHOP,cekirdek,nominatim_mahalle,mahalle_merkezi,TAMER ÇELİK,5355257693,34000,,
100000692,MERAY OKTAR MİNNOŞ PETSHOP,ERTUĞRUL MAH. 3028SK. NO:4 B-TORBALI-İZMİR,İZMİR,TORBALI,38.1576755,27.3589181,506,TAMER ÇELİK ÇARŞAMBA,11,2025-12-15,1,245.0,34162.99,Aktif,201 - PETSHOP,cekirdek,nominatim_mahalle,mahalle_merkezi,TAMER ÇELİK,5555555555,34000,2025-12-15,221
100000761,NİSA PETSHOP HALİL İBRAHİM ŞANLI,YİĞİTLER MAH. 361SOK. YILMAZ NO:32/A BUCA,İZMİR,BUCA,38.3979631,27.1578423,506,TAMER ÇELİK ÇARŞAMBA,12,2026-01-23,2,195.0,21193.91,Aktif,201 - PETSHOP,cekirdek,erp,saha_gps,TAMER ÇELİK,5076345154,34000,2026-01-02,182
100000770,ELİF ÇAY EV HAYVANLARI İLE BUNLARIN MAMA VE GIDALARININ PERAKENDE TİCARETİ,355 SOK. NO:69A YİĞİTLER MAH. BUCA,İZMİR,BUCA,38.3965831,27.1569994,506,TAMER ÇELİK ÇARŞAMBA,13,,0,0.0,0.0,Aktif,201 - PETSHOP,cekirdek,nominatim_mahalle,mahalle_merkezi,TAMER ÇELİK,5555555555,34000,,
100000791,DURU EVCİL HAYVAN ÜRÜNLERİ İTH. İHR. PAZ. SAN. VE TİC. LTD. ŞTİ,DİCLE MH. FEVZİ ÇAKMAK CD. NO:166A BUCA,İZMİR,BUCA,38.3834933,27.1686508,506,TAMER ÇELİK ÇARŞAMBA,15,2026-01-21,1,66.0,2879.18,Aktif,201 - PETSHOP,cekirdek,nominatim_ilce,ilce_merkezi,TAMER ÇELİK,5059531568,34000,2026-01-21,184
100000844,GMG PHARMA YEM KATKI MADDELERİ VE ÇİFTLİK GEREÇLERİ,HÜRRİYET MAH BEŞGÖZ CD. NO:64 İÇKAPI NO:2,İZMİR,ÖDEMİŞ,38.2228214,27.978977,506,TAMER ÇELİK ÇARŞAMBA,17,2026-07-10,5,3187.5,235029.8,Aktif,202 - YEM TOPTAN,cekirdek,erp,saha_gps,TAMER ÇELİK,5421989311,34000,2026-01-07,14
100000937,PATİZONE PETSHOP MEHMET KOÇTÜRK,TORBALI MAHALLESİ 5065SK. NO:11/A,İZMİR,TORBALI,38.1716783,27.3484468,506,TAMER ÇELİK ÇARŞAMBA,18,,0,0.0,0.0,Aktif,200 - VETERİNER,cekirdek,nominatim_mahalle,mahalle_merkezi,TAMER ÇELİK,5532573466,34000,,
100001087,ATA PETSHOP / ERDAL ALAKENT,YILDIRIM BEYAZIT MAH.5117 SOK. NO:13/B BORNOVA,İZMİR,BORNOVA,38.43844,27.1874805,506,TAMER ÇELİK ÇARŞAMBA,20,2026-07-24,11,3750.48,377622.27,Aktif,201 - PETSHOP,cekirdek,nominatim_mahalle,mahalle_merkezi,TAMER ÇELİK,5325747696,34000,2026-01-21,0
100001136,POLEN PETSHOP / TUNCAY ÇAVDAR,AKINCILAR MAH.İNCEOĞLU SK. NO:18/1,İZMİR,ÖDEMİŞ,38.2302056,27.9735962,506,TAMER ÇELİK ÇARŞAMBA,21,2026-06-18,5,630.0,47831.59,Aktif,201 - PETSHOP,cekirdek,erp,saha_gps,TAMER ÇELİK,5372694773,,2026-02-28,36
100001215,ÖNALLAR PETSHOP / SİNAN ÖNAL,YAZIBAŞI MAH. AKDENİZ SK. NO:28 İÇ KAPI NO:1,İZMİR,TORBALI,38.2394308,27.3191246,506,TAMER ÇELİK ÇARŞAMBA,22,2026-06-11,1,1655.0,114712.55,Aktif,201 - PETSHOP,cekirdek,nominatim_mahalle,mahalle_merkezi,TAMER ÇELİK,5426369052,,2026-06-11,43
100000058,HALIL ÜNSAL,YAYLACIK MAH.GAZİ OSMAN PAŞA CAD.NO:168 BUCA İZMİR BUCA İZMİR,İZMİR,,38.3936463,27.1791516,507,TAMER ÇELİK PERŞEMBE,1,2026-03-31,3,1144.0,112143.36,Aktif,201 - PETSHOP,cekirdek,erp,saha_gps,TAMER ÇELİK,5544569029,34000,2026-01-31,115
100000132,KAMIL YILMAZ YILMAZ YEM PETSHOP,ATATÜRK MAH. ABU HAYAT CAD. NO17 SELÇUK-İZMİR ATATÜRK MAH. ABU HAYAT CAD.17 SELÇUK-İZMİR,İZMİR,SELÇUK,37.9441949,27.3730475,507,TAMER ÇELİK PERŞEMBE,2,,0,0.0,0.0,Aktif,201 - PETSHOP,cekirdek,erp,saha_gps,TAMER ÇELİK,5326670016,34000,,
100000218,SELIN KUTLU,AYRANCILAR MAH BARIŞ MANÇO CAD NO:/C İÇ KAPI NO : C TORBALI İZMİR TORBALI İZMİR,İZMİR,TORBALI,38.2420418,27.2821605,507,TAMER ÇELİK PERŞEMBE,3,2026-02-28,1,8850.0,365927.01,Aktif,201 - PETSHOP,cekirdek,erp,saha_gps,TAMER ÇELİK,5075276649,34000,2026-02-28,146
100000762,YAKAMOZ PETSHOP HAKAN ÇAMLIBEL,254/9SK. NO:2A YENİGÜN MAHALLESİ BUCA,İZMİR,BUCA,38.3768347,27.1696811,507,TAMER ÇELİK PERŞEMBE,12,2026-03-30,10,3664.0,416223.7,Aktif,201 - PETSHOP,cekirdek,erp,saha_gps,TAMER ÇELİK,5536818797,34000,2026-01-02,116
100000835,KAYA PETSHOP OĞUZHAN KAYA,YENİ MH. BAKIRHANI SK. NO:37 TİRE,İZMİR,TİRE,38.0925722,27.7280375,507,TAMER ÇELİK PERŞEMBE,16,,0,0.0,0.0,Aktif,201 - PETSHOP,cekirdek,nominatim_ilce,ilce_merkezi,TAMER ÇELİK,5066520597,34000,,
100000863,ÖDEMİŞ PETSHOP AVNİ ÖDEMİŞ,BENGİSU MAH. GAZİ CAD. NO:47/A,İZMİR,ÖDEMİŞ,38.2307979,27.9712907,507,TAMER ÇELİK PERŞEMBE,17,2026-07-10,5,4650.0,231725.11,Aktif,201 - PETSHOP,cekirdek,erp,saha_gps,TAMER ÇELİK,5543983387,34000,2026-03-31,14
100000938,ORHAN KURTULMUŞ İZMİR PETSHOP,YILDIZ MAH. 206/5 SK. KARAKENT NO:97 İÇ KAPI:0 BUCA,İZMİR,BUCA,38.3715507,27.1781414,507,TAMER ÇELİK PERŞEMBE,18,2026-01-23,1,1020.0,167871.52,Aktif,201 - PETSHOP,cekirdek,erp,saha_gps,TAMER ÇELİK,5558739292,34000,2026-01-23,182
100000989,ÇAYIR PETSHOP MUSTAFA ÇAYIR,ŞEHİT ADNAN MENDERES BULV NO:37/A ÖDEMİŞ,İZMİR,ÖDEMİŞ,38.2300681,27.9839647,507,TAMER ÇELİK PERŞEMBE,19,2026-07-14,8,2113.0,150246.29,Aktif,201 - PETSHOP,cekirdek,erp,saha_gps,TAMER ÇELİK,5545147858,34000,2026-01-07,10
100001088,OCEAN PETSHOP,3284 SOK. NO:18/A KARABAĞLAR İZMİR,İZMİR,KARABAĞLAR,38.3835971,27.1472857,507,TAMER ÇELİK PERŞEMBE,20,2026-04-13,3,775.0,45411.03,Aktif,202 - YEM TOPTAN,cekirdek,erp,saha_gps,TAMER ÇELİK,5372290094,34000,2026-01-31,102
100001181,ÇATAL VETERİNER POLİKLİNİK HİZMETLERİ,OVAKENT MAH.BORACIK EVLERİ NO:28/C,İZMİR,ÖDEMİŞ,38.1312432,28.0179763,507,TAMER ÇELİK PERŞEMBE,22,2026-04-16,1,750.0,44717.89,Aktif,200 - VETERİNER,cekirdek,erp,saha_gps,TAMER ÇELİK,5376405422,,2026-04-16,99
100000065,FATMA TOSUN,CUMHURİYET MAH.AYDINOĞLU CAD.NO:12 A TİRE-İZMİR,İZMİR,TİRE,38.0880202,27.730418,508,TAMER ÇELİK CUMA,1,,0,0.0,0.0,Aktif,201 - PETSHOP,cekirdek,nominatim_mahalle,mahalle_merkezi,TAMER ÇELİK,5533848813,34000,,
100000133,ÇIÇEK ZIRAI ÜRÜNLER,DUMLUPINAR MAH. 83 SK. NO:11 BUCA-İZMİR,İZMİR,,38.0817353,27.7279441,508,TAMER ÇELİK CUMA,2,,0,0.0,0.0,Aktif,201 - PETSHOP,cekirdek,nominatim_mahalle,mahalle_merkezi,TAMER ÇELİK,5325590296,34000,,
100000223,MEHMET ÖÇGÜDER,İNKILAP MAH CEMİL ŞEBOY CAD NO:160 A İÇ KAPI NO:0 BUCA İZMİR BUCA İZMİR,İZMİR,,38.3919407,27.146971,508,TAMER ÇELİK CUMA,3,2026-05-04,2,2901.0,189379.54,Aktif,201 - PETSHOP,cekirdek,nominatim_mahalle,mahalle_merkezi,TAMER ÇELİK,5304622662,34000,2026-01-21,81
100000763,ALPASLAN TÜRKKAN ALP PETSHOP,GÖKSU MAH. 679SK NO:6A BUCA,İZMİR,BUCA,38.3636141,27.1509461,508,TAMER ÇELİK CUMA,12,2026-05-15,5,2076.0,152010.64,Aktif,201 - PETSHOP,cekirdek,erp,saha_gps,TAMER ÇELİK,5324155962,34000,2026-01-02,70
100000776,ANKA PETSHOP AŞKIN TEKER,KOZAĞAÇ MAH. 221SK. NO:11/B BUCA İZMİR,İZMİR,BUCA,38.3791182,27.1735883,508,TAMER ÇELİK CUMA,13,,0,0.0,0.0,Aktif,201 - PETSHOP,cekirdek,nominatim_mahalle,mahalle_merkezi,TAMER ÇELİK,5521801600,34000,,
100000836,YAĞIZ PETSHOP SENİZ GÜRAL,FATİH MAH. AYASOFYA CAD. NO:9/2 A TİRE,İZMİR,TİRE,38.0983104,27.7158344,508,TAMER ÇELİK CUMA,16,,0,0.0,0.0,Aktif,201 - PETSHOP,cekirdek,nominatim_mahalle,mahalle_merkezi,TAMER ÇELİK,5532884052,34000,,
100000876,ASLI BAŞODA MİCKY MOUSE PETSHOP,FIRAT MAH. 272SK. NO:69 A BUCA,İZMİR,BUCA,38.3799308,27.1573168,508,TAMER ÇELİK CUMA,17,2026-02-28,1,435.0,10813.68,Aktif,201 - PETSHOP,cekirdek,erp,saha_gps,TAMER ÇELİK,5325151670,34000,2026-02-28,146
100000939,EYLÜL AKVARYUM DUYGU DAŞÇI,TEPEKÖY MAH. 4501 SK. NO:5/D,İZMİR,TORBALI,38.1520708,27.3608709,508,TAMER ÇELİK CUMA,18,2026-05-19,5,808.0,97334.82,Aktif,201 - PETSHOP,cekirdek,erp,saha_gps,TAMER ÇELİK,5064846058,34000,2025-12-15,66
100001105,ÖNEM TİCARET UN VE YEM TİCARETİ / ATİLA ÖNEM,KUBİLAY CD.BIYIKLAR MH. NO:37,İZMİR,BAYINDIR,38.212768,27.6489919,508,TAMER ÇELİK CUMA,20,2026-01-26,1,335.0,17060.1,Aktif,202 - YEM TOPTAN,cekirdek,nominatim_ilce,ilce_merkezi,TAMER ÇELİK,5372852183,34000,2026-01-26,179
100001155,GERMAN PETSHOP,YILDIZ MAH.206/40 SK. DEMİRKENT NO:43 A BUCA/İZMİR,İZMİR,BUCA,38.3883173,27.161312,508,TAMER ÇELİK CUMA,21,2026-03-17,1,394.0,48876.69,Aktif,201 - PETSHOP,cekirdek,erp,saha_gps,TAMER ÇELİK,5524961727,,2026-03-17,129
100000091,FIKRI SÖYLEMEZ,KETENCİ MAH.İBNİMELEK CAD.NO:40/A TİRE-İZMİR,İZMİR,TİRE,38.0862221,27.729067,509,TAMER ÇELİK CUMARTESİ,1,,0,0.0,0.0,Aktif,202 - YEM TOPTAN,cekirdek,erp,saha_gps,TAMER ÇELİK,5438555653,34000,,
100000141,EFENDY PETSHOP EVCIL HAYVAN ÜRÜNLERI,ATATÜRK MAH. 1014 SK. NO:3 SELÇUK-İZMİR SELÇUK-İZMİR,İZMİR,SELÇUK,37.9489648,27.3705324,509,TAMER ÇELİK CUMARTESİ,2,2026-02-16,1,1080.0,57324.76,Aktif,201 - PETSHOP,cekirdek,erp,saha_gps,TAMER ÇELİK,5078725290,34000,2026-02-16,158
100000230,SENAPA GIDA HAYVANCILIK NAKLIYE SAN TIC LTD STI,TEPEKÖY MAH SERDAR GENÇ CAD NO 30 TORBALI İZMİR TORBALI İZMİR,İZMİR,TORBALI,38.1516932,27.3643405,509,TAMER ÇELİK CUMARTESİ,3,2026-06-27,15,30031.0,1913589.79,Aktif,202 - YEM TOPTAN,cekirdek,erp,saha_gps,TAMER ÇELİK,5367273737,34000,2025-12-15,27
100000765,MANGO PETSHOP NUR SEDA ABALI,ADATEPE MAH. YAVUZ SULTAN SELİM CD. NO:214-A BUCA,İZMİR,BUCA,38.3901302,27.1863879,509,TAMER ÇELİK CUMARTESİ,12,2026-07-21,9,1328.5,73228.59,Aktif,201 - PETSHOP,cekirdek,erp,saha_gps,TAMER ÇELİK,5321369550,34000,2025-12-29,3
100000777,PETRİCK PETSHOP MERT HÜSEYİN DOĞAN,VALİ RAHMİ BEY MAH. 126/2 SK. NO:8A,İZMİR,BUCA,38.3878981,27.1703989,509,TAMER ÇELİK CUMARTESİ,13,,0,0.0,0.0,Aktif,201 - PETSHOP,cekirdek,nominatim_mahalle,mahalle_merkezi,TAMER ÇELİK,5356801200,34000,,
100000787,CANVET ATÇILIK VETERİNERLİK LİMİTED ŞİRKETİ,EFELER MH. 305SK. NO:11B BUCA,İZMİR,BUCA,38.3834933,27.1686508,509,TAMER ÇELİK CUMARTESİ,14,2026-07-24,1,450.0,34483.35,Aktif,200 - VETERİNER,cekirdek,nominatim_ilce,ilce_merkezi,TAMER ÇELİK,5414586560,34000,2026-07-24,0
100000802,ÖZGE PETSHOP KÜBRA DEMİR,İNÖNÜ MAH. 682/14 SK. NO:3,İZMİR,BUCA,38.3603726,27.1444569,509,TAMER ÇELİK CUMARTESİ,15,2026-06-23,9,4739.0,458118.56,Aktif,201 - PETSHOP,cekirdek,erp,saha_gps,TAMER ÇELİK,5466775026,34000,2025-12-12,31
100000837,LİTTLE PAWS PETSHOP SEÇİL GÖZLÜ,ATATÜRK MAH. SAMANYOLU SK. NO:6/B,İZMİR,TİRE,38.1006117,27.72506,509,TAMER ÇELİK CUMARTESİ,16,2026-06-23,8,2607.0,371108.34,Aktif,201 - PETSHOP,cekirdek,erp,saha_gps,TAMER ÇELİK,5530464935,34000,2025-12-15,31
100000879,CANPET SHOP ALİCAN COŞÇUN,"Buca Koop., 1409. Sk. 29/A, 35160 Buca/İzmir",İZMİR,BUCA,38.3676821,27.1889425,509,TAMER ÇELİK CUMARTESİ,17,2026-03-30,3,1226.9,29576.26,Aktif,201 - PETSHOP,cekirdek,erp,saha_gps,TAMER ÇELİK,5068658977,34000,2026-01-21,116
100000940,NİLGÜN ÜZÜM PETSHOP,ERTUĞRUL MAH. UĞUR MUMCU BULVARI NO:1/A,İZMİR,TORBALI,38.1540269,27.3575191,509,TAMER ÇELİK CUMARTESİ,18,2026-07-24,10,2825.9,184636.8,Aktif,201 - PETSHOP,cekirdek,erp,saha_gps,TAMER ÇELİK,5307867835,34000,2026-01-22,0
100001106,İLKE PETSHOP / MEHMET EVLENSE,CAMİ MAH.ATATÜRK CAD. NO:11,İZMİR,BAYINDIR,38.2243081,27.6467085,509,TAMER ÇELİK CUMARTESİ,20,2026-05-18,3,569.0,36739.24,Aktif,201 - PETSHOP,cekirdek,nominatim_mahalle,mahalle_merkezi,TAMER ÇELİK,5327795549,34000,2026-01-26,67
100001179,EMPATİ VETERİNER KLİNİĞİ,FATİH MAH. FAHRETTİN ALTAY CD. NO:64/A,İZMİR,TİRE,38.0983104,27.7158344,509,TAMER ÇELİK CUMARTESİ,22,2026-05-18,1,910.0,32077.5,Aktif,200 - VETERİNER,cekirdek,nominatim_mahalle,mahalle_merkezi,TAMER ÇELİK,5375816413,,2026-05-18,67
100001053,BEŞİR COŞKUN TÜRK,KÜLTÜR MAH. ONAT KUTLAR SK. NO: 40 / A ALİAĞA/İZMİR,İZMİR,ALİAĞA,38.8049218,26.9833613,553,MERKEZ,2,,0,0.0,0.0,Aktif,201 - PETSHOP,cekirdek,nominatim_mahalle,mahalle_merkezi,MERKEZ TEMSİLCİ,5557188649,34000,,
100001081,GEDİZ ELEKTRİK DAĞITIM,ÜNİVERSİTE CAD. NO:57 35042 BORNOVA /İZMİR,İZMİR,BORNOVA,38.4661896,27.2191942,553,MERKEZ,21,,0,0.0,0.0,Aktif,203 - ÇİFTLİK/BARINAK,cekirdek,nominatim_ilce,ilce_merkezi,MERKEZ TEMSİLCİ,2324772600,34000,,
100001113,BARLAS SOĞUTMA SANAYİ VE TİCARET A.Ş,OĞLANANASI-ATATÜRK MAH. İZMİR-AYDIN CAD NO:28 MENDERES İZMİR,İZMİR,MENDERES,38.0684576,27.0023056,553,MERKEZ,24,,0,0.0,0.0,Aktif,202 - YEM TOPTAN,cekirdek,nominatim_mahalle,mahalle_merkezi,MERKEZ TEMSİLCİ,2322575192,,,
100001132,ARTI ÇOCUK GELİŞİM EĞİTİM ÖĞRETİM SAĞLIK VE DANIŞMANLIK HİZMETLERİ SAN. TİC. LTD. ŞTİ,Yeni Mah. Samurlu Cd. no:37-B : 19 ALİAĞA /İZMİR,İZMİR,ALİAĞA,38.7953363,27.0733165,553,MERKEZ,25,,0,0.0,0.0,Aktif,205 - GELENEKSEL KANAL,cekirdek,nominatim_mahalle,mahalle_merkezi,MERKEZ TEMSİLCİ,5421353515,,,
100001135,BEYZA MOBİLYA RIZA DEMİRGIRAN,5760/7 SOKAK NO: 7/ A KARABAĞLAR /İZMİR,İZMİR,KARABAĞLAR,38.3865299,27.134722,553,MERKEZ,26,,0,0.0,0.0,Aktif,205 - GELENEKSEL KANAL,cekirdek,nominatim_ilce,ilce_merkezi,MERKEZ TEMSİLCİ,5057249113,,,
100001176,CENKAB İNŞAAT TAAH TUR. İLG. TEK. İTH. İHR. SAN ve TİC.LTD. ŞTİ,DEMİRKÖPRÜ MH. CAHER DUDAYEV BLV. NO:229 D:1 KARŞIYAKA/İZMİR,İZMİR,KARŞIYAKA,38.5034452,27.1134554,553,MERKEZ,29,,0,0.0,0.0,Aktif,202 - YEM TOPTAN,cekirdek,nominatim_ilce,ilce_merkezi,MERKEZ TEMSİLCİ,1111111111,,,
100001182,ERDEM FORKLİFT ERDEM BAYRAM,MİTHATPAŞA MAH. 537 SOKAK NO:6 MENDERES / İZMİR,İZMİR,MENDERES,38.2524145,27.137084,553,MERKEZ,30,,0,0.0,0.0,Aktif,205 - GELENEKSEL KANAL,cekirdek,nominatim_mahalle,mahalle_merkezi,MERKEZ TEMSİLCİ,5321348106,,,
100001186,ALTERNATİF AMBALAJLAMA GIDA ÜRETİM VE PAZ.SAN.İÇ VE DIŞ TİC.LTD.ŞTİ,MANAS BULVARI 1586 SOK. NO:77 BAYRAKLI / İZMİR,İZMİR,BAYRAKLI,38.4639144,27.1644029,553,MERKEZ,31,,0,0.0,0.0,Aktif,204 - ULUSAL KANAL,cekirdek,nominatim_ilce,ilce_merkezi,MERKEZ TEMSİLCİ,5558149474,35,,
100001209,İZMİR ANADOLU EKSPRES ÇUKUROVA KARGO TAŞIMACILIK TURZ. TİC. LTD.ŞTİ,7419/10 SOKAK NO:100 5.SANAYİ SİTESİ İZMİR-BORNOVA/ İZMİR /TÜRKİYE,İZMİR,BORNOVA,38.4661896,27.2191942,553,MERKEZ,39,,0,0.0,0.0,Aktif,205 - GELENEKSEL KANAL,cekirdek,nominatim_ilce,ilce_merkezi,MERKEZ TEMSİLCİ,5334727377,,,
100001221,MARSEL PETFOOD TARIM SAN. ve TİC.LTD.ŞTİ,HALKAPINAR MAH. MÜRSELPAŞA BLV NO:166/C İSMETPAŞA ATATÜRK CADDESİ 62/B DİKİLİ İZMİR,İZMİR,KONAK,38.4311773,27.1645185,557,NURŞEN YAGCI,1,2026-07-20,11,3294.56,210179.24,Aktif,201 - PETSHOP,cekirdek,nominatim_mahalle,mahalle_merkezi,NURŞEN YAĞCI,5416392651,,2026-07-20,4
100000043,YÜCEL YILDIZ,YAMANLAR MAH.7308 DK. NO 57 B BAYRAKLI/İZMİR,İZMİR,BAYRAKLI,38.4799213,27.1319809,557,NURŞEN YAGCI,2,,0,0.0,0.0,Aktif,201 - PETSHOP,cekirdek,nominatim_mahalle,mahalle_merkezi,NURŞEN YAĞCI,5532840460,34000,,
100000046,HALIL GÜVEN,BAYRAKLI MAH.1917 SOK.NO:3/A BAYRAKLI İZMİR,İZMİR,BAYRAKLI,38.4638457,27.1646872,557,NURŞEN YAGCI,3,,0,0.0,0.0,Aktif,201 - PETSHOP,cekirdek,nominatim_mahalle,mahalle_merkezi,NURŞEN YAĞCI,5496790035,34000,,
100000047,SEMIH KÖSELER,ALAŞEHİR MAH. 8220 SOK. NO:11/A ÇİĞLİ İZMİR,İZMİR,ÇİĞLİ,38.4916582,27.0634346,557,NURŞEN YAGCI,4,,0,0.0,0.0,Aktif,201 - PETSHOP,cekirdek,nominatim_ilce,ilce_merkezi,NURŞEN YAĞCI,5330344413,34000,,
100000052,YAVUZ EVCIL HAYVAN ÜRÜNLERI LTD. STI,BAYRAKLI MAH. 1918 SOKAK. NO:14 A BAYRAKLI/İZMİR,İZMİR,BAYRAKLI,38.4638457,27.1646872,557,NURŞEN YAGCI,5,,0,0.0,0.0,Aktif,201 - PETSHOP,cekirdek,nominatim_mahalle,mahalle_merkezi,NURŞEN YAĞCI,5365223823,34000,,
100000057,ÖZGÜR PET GROSS IBRAHIM ÖZGÜR,YENİ MAHALLE MAH. ESKI HAVAALANI CAD. NO 60A ÇİĞLİ /İZMİR,İZMİR,ÇİĞLİ,38.4931199,27.0563205,557,NURŞEN YAGCI,6,2026-07-24,20,4315.0,455613.91,Aktif,201 - PETSHOP,cekirdek,erp,saha_gps,NURŞEN YAĞCI,5335231573,34000,2025-12-18,0
100000067,JAKO PETSHOP,DEDEBAŞI MAH. ORDU BULV. NO:74 B İÇ KAPI NO KARŞIYAKA-İZMİR,İZMİR,ÇİĞLİ,38.4916582,27.0634346,557,NURŞEN YAGCI,7,,0,0.0,0.0,Aktif,201 - PETSHOP,cekirdek,nominatim_ilce,ilce_merkezi,NURŞEN YAĞCI,5375236677,34000,,
100000071,EGE ÇINAR EVCIL HAYVAN ÜRÜNLERI HEDIYELIK ESYA SAN.TIC.LTD.STI,YALI MAH.6418 SOKAK NO:77/B KARŞIYAKA-İZMİR,İZMİR,KARŞIYAKA,38.4677487,27.0912444,557,NURŞEN YAGCI,8,,0,0.0,0.0,Aktif,201 - PETSHOP,cekirdek,nominatim_mahalle,mahalle_merkezi,NURŞEN YAĞCI,5057757993,34000,,
100000073,AYÇIN ELMASTAS,DEMİRKÖPRÜ MAH.6182 SK.NO:18 KARŞIYAKA-İZMİR,İZMİR,KARŞIYAKA,38.4680994,27.0995996,557,NURŞEN YAGCI,9,,0,0.0,0.0,Aktif,201 - PETSHOP,cekirdek,nominatim_mahalle,mahalle_merkezi,NURŞEN YAĞCI,5542846594,34000,,
100000080,ÖZLEM SEZER GÜLERYÜZ,DEDEBAŞI MAH.6039 SK.NO:1/C KARŞIYAKA-İZMİR,İZMİR,KARŞIYAKA,38.4689178,27.1058459,557,NURŞEN YAGCI,10,,0,0.0,0.0,Aktif,201 - PETSHOP,cekirdek,nominatim_mahalle,mahalle_merkezi,NURŞEN YAĞCI,5068852054,34000,,
100000082,TONTON PET SHOP ONUR UYSAL,30 AGUSTOS MAH.7124 SOK.NO:2D-A MENEMEN-İZMİR,İZMİR,MENEMEN,38.5528809,27.0476303,557,NURŞEN YAGCI,11,2026-07-18,16,3311.0,287398.05,Aktif,201 - PETSHOP,cekirdek,erp,saha_gps,NURŞEN YAĞCI,5075767036,34000,2025-12-18,6
100000085,NEŞELİ PATİLER PET SHOP ONUR KARABIYIK,YENİ FOÇA M.K.ATATÜRK MH.ŞİRİN SK.NO:7 FOÇA-İZMİR,İZMİR,FOÇA,38.668916,26.7547749,557,NURŞEN YAGCI,12,,0,0.0,0.0,Aktif,201 - PETSHOP,cekirdek,nominatim_ilce,ilce_merkezi,NURŞEN YAĞCI,5435460319,34000,,
100000087,ALI YILMAZ,ÇİÇEK MAH.ŞEHİT HAKAN UYSAL SOK.NO:181/K BAYRAKLI-İZMİR,İZMİR,BAYRAKLI,38.4678427,27.1700589,557,NURŞEN YAGCI,13,,0,0.0,0.0,Aktif,201 - PETSHOP,cekirdek,nominatim_mahalle,mahalle_merkezi,NURŞEN YAĞCI,5399548835,34000,,
100000095,PATİCAN PETSHOP NERMIN CAN,ATATÜRK MAH.AVNİ ARBAS SK.NO:6/C FOÇA-İZMİR FOÇA-İZMİR,İZMİR,FOÇA,38.6669609,26.7536262,557,NURŞEN YAGCI,14,2026-07-20,16,5260.44,460336.6,Aktif,201 - PETSHOP,cekirdek,erp,saha_gps,NURŞEN YAĞCI,5418472622,34000,2025-12-18,4
100000098,CEVHER KAYA,KÜLTÜR MAH.260 SK.NO:3/F ALİAĞA-İZMİR,İZMİR,ALİAĞA,38.8049218,26.9833613,557,NURŞEN YAGCI,15,,0,0.0,0.0,Aktif,201 - PETSHOP,cekirdek,nominatim_mahalle,mahalle_merkezi,NURŞEN YAĞCI,5326869559,34000,,
100000099,VAROL GÜLER ALİAĞA AKVARYUM,KÜLTÜR MAH.HÜRRİYET CAD.NO:208-A ALİAĞA-İZMİR ALİAĞA-İZMİR,İZMİR,ALİAĞA,38.8027808,26.9772907,557,NURŞEN YAGCI,16,2026-05-15,5,5754.0,366005.78,Aktif,201 - PETSHOP,cekirdek,erp,saha_gps,NURŞEN YAĞCI,5325923510,34000,2025-12-18,70
100000100,DAVUTAGA SHOP,KÜLTÜR MAH. FEVZİPAŞA CD.NO:70/A ALİAĞA-İZMİR ALİAĞA-İZMİR,İZMİR,ALİAĞA,38.7997844,26.9743654,557,NURŞEN YAGCI,17,2026-07-18,7,4783.0,332844.11,Aktif,201 - PETSHOP,cekirdek,erp,saha_gps,NURŞEN YAĞCI,5321387968,34000,2026-01-28,6
100000105,SEDAT BADDAL,ORDU BULV.NO:230/A ŞEMİKLER KARŞIYAKA,İZMİR,KARŞIYAKA,38.5034452,27.1134554,557,NURŞEN YAGCI,18,,0,0.0,0.0,Aktif,201 - PETSHOP,cekirdek,nominatim_ilce,ilce_merkezi,NURŞEN YAĞCI,5433452900,34000,,
100000107,EFE VETERİNER KLİNİĞİ,İSMETPAŞA MAH.103 SK.NO:10/R DİKİLİ-İZMİR DİKİLİ-İZMİR,İZMİR,DİKİLİ,39.0717486,26.8909548,557,NURŞEN YAGCI,19,2026-07-20,8,1663.0,201397.65,Aktif,200 - VETERİNER,cekirdek,erp,saha_gps,NURŞEN YAĞCI,5356671778,34000,2026-01-22,4
100000112,VEHBI ALTINDAG,29 EKİM MAH. 160 SK. NO:18/A MENEMEN,İZMİR,MENEMEN,38.548722,27.0404571,557,NURŞEN YAGCI,20,2026-06-08,5,1689.0,60310.02,Aktif,201 - PETSHOP,cekirdek,erp,saha_gps,NURŞEN YAĞCI,5325073829,34000,2026-01-22,46
100000114,MUSTAFA MERAL,8050 SK NO:1423/A EGEKENT-ÇİĞLİ-İZMİR,İZMİR,ÇİĞLİ,38.4916582,27.0634346,557,NURŞEN YAGCI,21,,0,0.0,0.0,Aktif,201 - PETSHOP,cekirdek,nominatim_ilce,ilce_merkezi,NURŞEN YAĞCI,5512333632,34000,,
100000115,KORAY KOÇER,K.DİRİK MH.ONAT KUTLAR SK.NO:3/D ALİAĞA-İZMİR,İZMİR,ALİAĞA,38.8034265,26.9713731,557,NURŞEN YAGCI,22,,0,0.0,0.0,Aktif,201 - PETSHOP,cekirdek,nominatim_ilce,ilce_merkezi,NURŞEN YAĞCI,5079896064,34000,,
100000116,KENAN SIPAL,KÜLTÜR MAH.AŞIKLAR YOLU CAD.NO:8 ALİAĞA-İZMİR,İZMİR,ALİAĞA,38.8049218,26.9833613,557,NURŞEN YAGCI,23,,0,0.0,0.0,Aktif,201 - PETSHOP,cekirdek,nominatim_mahalle,mahalle_merkezi,NURŞEN YAĞCI,5442365301,34000,,
100000120,ÖZGÜNER TARIM ÜRÜNLERI,ÇAMLIKEBİR MAH.ZİYA GÖKALP CAD.NO:3 MENEMEN-İZMİR MENEMEN-İZMİR,İZMİR,MENEMEN,38.6033618,27.0764308,557,NURŞEN YAGCI,24,2026-07-24,5,4125.0,205620.35,Aktif,202 - YEM TOPTAN,cekirdek,nominatim_ilce,ilce_merkezi,NURŞEN YAĞCI,5065671568,34000,2025-12-26,0
100000129,EN PATİ PET SHOP NESLIHAN BALGÖZ,GAZİ MUSTAFA KEMAL MAH. 4132/1 SK. NO:2/A SEYREK-MENEMEN-İZMİR SEYREK-MENEMEN-İZMİR,İZMİR,MENEMEN,38.5775765,26.9698454,557,NURŞEN YAGCI,25,2026-07-18,10,2180.0,180207.37,Aktif,201 - PETSHOP,cekirdek,erp,saha_gps,NURŞEN YAĞCI,5332724240,34000,2025-12-18,6
100000135,MELIH BUDAK,HASBİ EFENDİ MH. N.KEMAL CD. NO:90-C YENİŞAKRAN-ALİAĞA-İZMİR,İZMİR,ALİAĞA,38.8034265,26.9713731,557,NURŞEN YAGCI,26,,0,0.0,0.0,Aktif,201 - PETSHOP,cekirdek,nominatim_ilce,ilce_merkezi,NURŞEN YAĞCI,5423211555,34000,,
100000139,PETPLUS PLAZA EVC.HAY,1728 SK.NO:19/A KARŞIYAKA-İZMİR KARŞIYAKA-İZMİR,İZMİR,KARŞIYAKA,38.5034452,27.1134554,557,NURŞEN YAGCI,27,2026-02-12,1,600.0,29838.37,Aktif,201 - PETSHOP,cekirdek,nominatim_ilce,ilce_merkezi,NURŞEN YAĞCI,5333467201,34000,2026-02-12,162
100000142,ILKER TASÇIOGLU,ŞEHİTLER BULV. NO:60/A BOSTANLI-KARŞIYAKA-İZMİR,İZMİR,KARŞIYAKA,38.5034452,27.1134554,557,NURŞEN YAGCI,28,,0,0.0,0.0,Aktif,201 - PETSHOP,cekirdek,nominatim_ilce,ilce_merkezi,NURŞEN YAĞCI,2323362216,34000,,
100000145,CAN ARDIÇ,ÖRNEKKÖY MAH. 7465 SK.NO:14-A KARŞIYAKA-İZMİR,İZMİR,KARŞIYAKA,38.479797,27.1103059,557,NURŞEN YAGCI,29,,0,0.0,0.0,Aktif,201 - PETSHOP,cekirdek,nominatim_mahalle,mahalle_merkezi,NURŞEN YAĞCI,5069916606,34000,,
100000157,CANER BALTACI,ŞEMİKLER MAH. 6276/1 NO:13/A KARŞIYAKA-İZMİR,İZMİR,KARŞIYAKA,38.4755359,27.0950001,557,NURŞEN YAGCI,30,,0,0.0,0.0,Aktif,201 - PETSHOP,cekirdek,nominatim_mahalle,mahalle_merkezi,NURŞEN YAĞCI,5465991912,34000,,
100000166,FERIT UÇMA,ŞB.MIZRAKLI CAD.NO:41/A KARABAĞLAR-İZMİR,İZMİR,BAYRAKLI,38.4639144,27.1644029,557,NURŞEN YAGCI,31,,0,0.0,0.0,Aktif,201 - PETSHOP,cekirdek,nominatim_ilce,ilce_merkezi,NURŞEN YAĞCI,5532530025,34000,,
100000172,YEMCİ BABA İBRAHIM KARACA,CUMHURİYET MAH. 6653 SOK. NO:178 KARŞIYAKA-İZMİR KARŞIYAKA-İZMİR,İZMİR,KARŞIYAKA,38.4816523,27.0962096,557,NURŞEN YAGCI,32,2025-12-18,1,680.0,43040.16,Aktif,201 - PETSHOP,cekirdek,nominatim_mahalle,mahalle_merkezi,NURŞEN YAĞCI,5531159539,34000,2025-12-18,218
100000173,HIKMET ARSLAN ARSPET İZMİR,KÖYİÇİ MH 8849SK NO:6B ÇİĞLİ İZMİR ÇİĞLİ İZMİR,İZMİR,ÇİĞLİ,38.4916582,27.0634346,557,NURŞEN YAGCI,33,2026-05-31,2,1245.0,75999.67,Aktif,201 - PETSHOP,cekirdek,nominatim_ilce,ilce_merkezi,NURŞEN YAĞCI,5326828079,34000,2025-12-15,54
100000178,SELÇUK ÇALISKAN PATİ PETSHOP,YENİ MAH. CENGİZ TOPEL CAD. NO:73/A ALİAĞA-İZMİR ALİAĞA-İZMİR,İZMİR,ALİAĞA,38.7906215,26.982712,557,NURŞEN YAGCI,34,2026-06-08,8,8404.0,454661.13,Aktif,201 - PETSHOP,cekirdek,erp,saha_gps,NURŞEN YAĞCI,5315884033,34000,2026-01-12,46
100000186,YUSUF KAYA,AKSOY MAH.GİRE BULV. 60-A KARŞIYAKA-İZMİR,İZMİR,KARŞIYAKA,38.4550638,27.108723,557,NURŞEN YAGCI,35,,0,0.0,0.0,Aktif,201 - PETSHOP,cekirdek,nominatim_mahalle,mahalle_merkezi,NURŞEN YAĞCI,2324155838,34000,,
100000194,FIRATCAN ÇETINKAYA,ATAŞEHİR MAH 8010/2 SOK HUZUR NO:8/A ÇİĞLİ İZMİR,İZMİR,ÇİĞLİ,38.4891551,27.062681,557,NURŞEN YAGCI,36,,0,0.0,0.0,Aktif,201 - PETSHOP,cekirdek,nominatim_mahalle,mahalle_merkezi,NURŞEN YAĞCI,5531085803,34000,,
100000195,IBRAHIM HALIL BAGDINLI,MANAS BULV FOLKART KULELERİ B BLOK K 35 BAYRAKLI İZMİR,İZMİR,BAYRAKLI,38.4639144,27.1644029,557,NURŞEN YAGCI,37,,0,0.0,0.0,Aktif,201 - PETSHOP,cekirdek,nominatim_ilce,ilce_merkezi,NURŞEN YAĞCI,5305199517,34000,,
100000208,EGELIM HAYVANCILIK TARIM YEM SÜT SU ÜRÜN SAN TIC LTD STI,Horozgediği mahallesi Egelim küme evleri no 2 Aliağa İzmir,İZMİR,ALİAĞA,38.7345441,26.9225989,557,NURŞEN YAGCI,38,,0,0.0,0.0,Aktif,202 - YEM TOPTAN,cekirdek,nominatim_mahalle,mahalle_merkezi,NURŞEN YAĞCI,5334525945,34000,,
100000226,ÖZLEM ÖZEL,OSMANGAZİ MAH 579 SOK A NO:54 BAYRAKLI İZMİR,İZMİR,BAYRAKLI,38.4716063,27.1859357,557,NURŞEN YAGCI,39,,0,0.0,0.0,Aktif,201 - PETSHOP,cekirdek,nominatim_mahalle,mahalle_merkezi,NURŞEN YAĞCI,5336271328,34000,,
100000229,ÇIGLI VETERINER HIZMETLERI HAYVANCILIK SAN TIC LTD STI,ATAŞEHİR MAH 8220 SOK NO:10 1A ÇİĞLİ İZMİR,İZMİR,ÇİĞLİ,38.4891551,27.062681,557,NURŞEN YAGCI,40,,0,0.0,0.0,Aktif,200 - VETERİNER,cekirdek,nominatim_mahalle,mahalle_merkezi,NURŞEN YAĞCI,5333989162,34000,,
100000443,MARAMUROGLU GIDA YEM DIS TIC.LOJ.SAN.VETIC.LTD.STI,"Mermerli, Bülent Ecevit Blv. No: 104, 35660 Menemen/İzmir",İZMİR,MENEMEN,38.6162916,27.0624869,557,NURŞEN YAGCI,41,2026-06-19,15,19547.0,1401449.33,Aktif,202 - YEM TOPTAN,cekirdek,erp,saha_gps,NURŞEN YAĞCI,5425844229,34000,2025-12-18,35
100000493,TUĞRUL HAN ÇETİN TEK PET SHOP,OSMANGAZİ MAH. YAVUZ CD. NO:247 BAYRAKLI /İZMİR,İZMİR,BAYRAKLI,38.4756042,27.1803913,557,NURŞEN YAGCI,42,2026-06-26,9,1368.0,119186.71,Aktif,201 - PETSHOP,cekirdek,erp,saha_gps,NURŞEN YAĞCI,5362844652,34000,2025-12-18,28
100000498,BAHRİYE KAYA ELİF AKVARYUM,BAHRİYE KAYA MANSUROĞLU MAH. 266NO:10 BAYRAKLI,İZMİR,BAYRAKLI,38.4639144,27.1644029,557,NURŞEN YAGCI,43,2026-05-15,3,842.0,53428.04,Aktif,201 - PETSHOP,cekirdek,nominatim_ilce,ilce_merkezi,NURŞEN YAĞCI,5426356151,34000,2026-01-27,70
100000499,HALİL URAL ALP PETSHOP,2106 SK. NO:32 ÇAY MAH. BAYRAKLI İZMİR,İZMİR,BAYRAKLI,38.4706785,27.1797403,557,NURŞEN YAGCI,44,,0,0.0,0.0,Aktif,201 - PETSHOP,cekirdek,nominatim_mahalle,mahalle_merkezi,NURŞEN YAĞCI,5396542945,34000,,
100000500,SÜLEYMAN ÖZGÜR KILINÇ EVCİL HAYVANLARIN GIDA VE AKSESUAR PERAKENDE SATIŞI,ALPASLAN MAH. 1620 / 16 SOK. NO:37/1 BAYRAKLI,İZMİR,BAYRAKLI,38.4712047,27.1637964,557,NURŞEN YAGCI,45,2026-07-20,5,6595.0,335265.62,Aktif,201 - PETSHOP,cekirdek,nominatim_mahalle,mahalle_merkezi,NURŞEN YAĞCI,5370496992,34000,2025-12-26,4
100000521,EMİR PETSHOP ÖMER ÖZDAMAR,8790/3 SK. NO:10/A BALATÇIK ÇİĞLİ,İZMİR,ÇİĞLİ,38.4916582,27.0634346,557,NURŞEN YAGCI,46,,0,0.0,0.0,Aktif,201 - PETSHOP,cekirdek,nominatim_ilce,ilce_merkezi,NURŞEN YAĞCI,5452874252,34000,,
100000524,ÇINAR PETSHOP ÖZKAN GÜNEŞ,BALATÇIK MAH. 8788/10 SK. NO:1 /A ÇİĞLİ,İZMİR,ÇİĞLİ,38.5141497,27.0399181,557,NURŞEN YAGCI,47,,0,0.0,0.0,Aktif,201 - PETSHOP,cekirdek,nominatim_mahalle,mahalle_merkezi,NURŞEN YAĞCI,5066728499,34000,,
100000525,PET SHOP & CAFE YAHYA GÜLCİGİL,8788 SK. NO:13/A BALATÇIK MAH ÇİĞLİ İZMİR,İZMİR,ÇİĞLİ,38.5141497,27.0399181,557,NURŞEN YAGCI,48,2026-07-18,5,948.6,48623.83,Aktif,201 - PETSHOP,cekirdek,nominatim_mahalle,mahalle_merkezi,NURŞEN YAĞCI,5359646463,34000,2025-12-18,6
100000531,BRN STORE BİRAN ÇEPİK,EMEK MAH. 7290 SK. NO:102/A BAYRAKLI İZMİR,İZMİR,BAYRAKLI,38.4702421,27.125782,557,NURŞEN YAGCI,49,,0,0.0,0.0,Aktif,201 - PETSHOP,cekirdek,nominatim_mahalle,mahalle_merkezi,NURŞEN YAĞCI,5427678673,34000,,
100000535,BB PETSHOP BERKE BAYRAKTAR,ALAYBEY MH. 1690 SK NO:105 A KARŞIYAKA,İZMİR,KARŞIYAKA,38.5034452,27.1134554,557,NURŞEN YAGCI,50,,0,0.0,0.0,Aktif,201 - PETSHOP,cekirdek,nominatim_ilce,ilce_merkezi,NURŞEN YAĞCI,5516386448,34000,,
100000537,AHMET SAVAŞ UTANÇ,BAHARİYE MAH. YAŞAR AKSOY SK NO:6 D KARŞIYAKA,İZMİR,KARŞIYAKA,38.461686,27.1161239,557,NURŞEN YAGCI,51,,0,0.0,0.0,Aktif,201 - PETSHOP,cekirdek,nominatim_mahalle,mahalle_merkezi,NURŞEN YAĞCI,5338112622,34000,,
100000540,KOKO PETSHOP BÜŞRA ECE TUNALI,BAHÇELİEVLER MAH. GÜN SAZAK BLV. NO:1D,İZMİR,KARŞIYAKA,38.4662877,27.1171287,557,NURŞEN YAGCI,52,2026-07-20,7,710.0,83913.29,Aktif,201 - PETSHOP,cekirdek,nominatim_mahalle,mahalle_merkezi,NURŞEN YAĞCI,5445311205,34000,2025-12-18,4
100000543,PELİKAN PET DIŞ TİC. LTD. ŞTİ,CAHER DUDAYEV BLV. NO:151/B KARŞIYAKA,İZMİR,KARŞIYAKA,38.5034452,27.1134554,557,NURŞEN YAGCI,53,,0,0.0,0.0,Aktif,201 - PETSHOP,cekirdek,nominatim_ilce,ilce_merkezi,NURŞEN YAĞCI,5530551250,34000,,
100000545,Y&Y PETSHOP ŞEVKET YİĞİT KIRKGÖZ,İMBATLI MAH. 7507 SK. NO:8 / B KARŞIYAKA,İZMİR,KARŞIYAKA,38.4726676,27.1090559,557,NURŞEN YAGCI,54,,0,0.0,0.0,Aktif,201 - PETSHOP,cekirdek,nominatim_mahalle,mahalle_merkezi,NURŞEN YAĞCI,5444118889,34000,,
100000574,MARTIPET VETERİNER KLİNİĞİ ONUR HALICIOĞLU,ÖRNEKKÖY MH. GİRNE BLV. SARI RESİDENCE NO:237A,İZMİR,KARŞIYAKA,38.5034452,27.1134554,557,NURŞEN YAGCI,55,,0,0.0,0.0,Aktif,200 - VETERİNER,cekirdek,nominatim_ilce,ilce_merkezi,NURŞEN YAĞCI,5322961734,34000,,
100000586,HAN GRUP TAAHHÜT OTOMOTİV GIDA HAYVANCILIK SAN. VE TİC. LTD. ŞTİ,OSMANGAZİ MAH. YAVUZ CD. NO:316 BAYRAKLI,İZMİR,BAYRAKLI,38.4716063,27.1859357,557,NURŞEN YAGCI,56,,0,0.0,0.0,Aktif,201 - PETSHOP,cekirdek,nominatim_mahalle,mahalle_merkezi,NURŞEN YAĞCI,5427685068,34000,,
100000596,ŞENOL YEM PERAKENDE SU SATIŞI YAVUZ ŞENOL,İNÖNÜ MH. 9 EYLÜL CAD. NO:44 ÇİĞLİ,İZMİR,ÇİĞLİ,38.5289148,27.0475317,557,NURŞEN YAGCI,57,2026-05-20,6,966.0,55041.81,Aktif,202 - YEM TOPTAN,cekirdek,erp,saha_gps,NURŞEN YAĞCI,5062828089,34000,2026-02-28,65
100000603,YALI PETSHOP NİLAY BEKLER TOPCAN,YALI MAH. 6430 SK NO:10C KARŞIYAKA,İZMİR,KARŞIYAKA,38.4677487,27.0912444,557,NURŞEN YAGCI,58,2026-04-18,5,1528.0,146597.86,Aktif,201 - PETSHOP,cekirdek,nominatim_mahalle,mahalle_merkezi,NURŞEN YAĞCI,5362807035,34000,2025-12-18,97
100000611,BIROLS PET TOPTAN PETSHOP ÜRÜNLERİ HANDAN KARADUMAN,ADALET MH. MANAS BLV. NO:47/B FOLKART TOWERS AKULE,İZMİR,BAYRAKLI,38.4639144,27.1644029,557,NURŞEN YAGCI,59,,0,0.0,0.0,Aktif,202 - YEM TOPTAN,cekirdek,nominatim_ilce,ilce_merkezi,NURŞEN YAĞCI,5323863276,34000,,
100000619,TUĞÇE ARSLAN PATİX PETSHOP,ŞEMİKLER MAH. 6295/1 SK NO:2A KARŞIYAKA,İZMİR,KARŞIYAKA,38.4755359,27.0950001,557,NURŞEN YAGCI,60,,0,0.0,0.0,Aktif,201 - PETSHOP,cekirdek,nominatim_mahalle,mahalle_merkezi,NURŞEN YAĞCI,5334072920,34000,,
100000626,MEHMET EMİN BARUT ELADA PETSHOP,ŞEHİT ASIM AKSOY CAD. NO:39/A,İZMİR,KARŞIYAKA,38.5034452,27.1134554,557,NURŞEN YAGCI,61,2026-03-14,2,1066.0,22887.59,Aktif,201 - PETSHOP,cekirdek,nominatim_ilce,ilce_merkezi,NURŞEN YAĞCI,5302220874,34000,2026-02-12,132
100000637,REMKA PETSHOP NEVAL ŞENLİ,CUMHURİYET MAH. 1595SK NO:236A KARŞIYAKA,İZMİR,KARŞIYAKA,38.4816523,27.0962096,557,NURŞEN YAGCI,62,,0,0.0,0.0,Aktif,202 - YEM TOPTAN,cekirdek,nominatim_mahalle,mahalle_merkezi,NURŞEN YAĞCI,5555555555,34000,,
100000641,BOSTANLI PETSHOP CANER ÖZBALTAN,BOSTANLI MAH. 1809SK SARICA NO:6B KARŞIYAKA,İZMİR,KARŞIYAKA,38.4570347,27.0983563,557,NURŞEN YAGCI,63,,0,0.0,0.0,Aktif,201 - PETSHOP,cekirdek,nominatim_mahalle,mahalle_merkezi,NURŞEN YAĞCI,5436158835,34000,,
100000642,MAMACİTY İZMİR MUSTAFA TANER BODİÇ,YALI MAH. 6418 SK. ÖZGE NO:85 A KARŞIYAKA,İZMİR,KARŞIYAKA,38.4677487,27.0912444,557,NURŞEN YAGCI,64,2026-04-27,3,2151.0,100728.11,Aktif,201 - PETSHOP,cekirdek,nominatim_mahalle,mahalle_merkezi,NURŞEN YAĞCI,5542054686,34000,2026-01-14,88
100000650,PİTYVET VETERİNERLİK HİZMETLERİ TİCARET LİMİTED ŞİRKETİ,"Şemikler, 6266. Sk. no:2/A, 35560 Karşıyaka/İzmir",İZMİR,KARŞIYAKA,38.5034452,27.1134554,557,NURŞEN YAGCI,65,,0,0.0,0.0,Aktif,200 - VETERİNER,cekirdek,nominatim_ilce,ilce_merkezi,NURŞEN YAĞCI,5436783553,34000,,
100000654,TUFAN KÜNÜROĞLU DOST MAMA,A. TANER KIŞLALI MH. 6762/3SK. ÇİĞLİ,İZMİR,ÇİĞLİ,38.4916582,27.0634346,557,NURŞEN YAGCI,66,,0,0.0,0.0,Aktif,201 - PETSHOP,cekirdek,nominatim_ilce,ilce_merkezi,NURŞEN YAĞCI,5555555555,34000,,
100000659,EMSAY TEKSTİL GIDA LİMİTED ŞİRKETİ EGEMEN PET2,DEDEBAŞI MAH. ALİ ALP BÖKE CD. NO:97A KARŞIYAKA,İZMİR,KARŞIYAKA,38.4689178,27.1058459,557,NURŞEN YAGCI,67,,0,0.0,0.0,Aktif,201 - PETSHOP,cekirdek,nominatim_mahalle,mahalle_merkezi,NURŞEN YAĞCI,5555555555,34000,,
100000661,MERCAN PETSHOP NURDAN HÜSMEN,ŞEMİKLER MAH. 6275SK. NO:39B KARŞIYAKA,İZMİR,KARŞIYAKA,38.4710328,27.0944005,557,NURŞEN YAGCI,68,2026-04-06,2,1296.0,45811.45,Aktif,201 - PETSHOP,cekirdek,erp,saha_gps,NURŞEN YAĞCI,5053048578,34000,2026-03-14,109
100000673,GERENKÖY VETERİNERLİK TURİZM GIDA VE HAYVANCILIK SANAYİ İÇ VE DIŞ TİCARET LİMİTED ŞİRKETİ,KÜLTÜR MAH. HÜRRİYET CAD. NO: 232 /A ALİAĞA/ İZMİ,İZMİR,ALİAĞA,38.8049218,26.9833613,557,NURŞEN YAGCI,69,2026-04-28,7,1489.0,180209.05,Aktif,200 - VETERİNER,cekirdek,nominatim_mahalle,mahalle_merkezi,NURŞEN YAĞCI,5555555555,34000,2025-12-29,87
100000691,CİVAN TARIM,AZİZ ONUR CİVAN ADİ ORT. MİTHATPASA CAD NO:20,İZMİR,MENEMEN,38.6033618,27.0764308,557,NURŞEN YAGCI,70,2026-07-18,6,4773.0,216683.23,Aktif,202 - YEM TOPTAN,cekirdek,nominatim_ilce,ilce_merkezi,NURŞEN YAĞCI,5325414870,34000,2025-12-18,6
100000698,AMAZON PET LİFE2 BURCU TÖREN,MANAVKUYU MAH FATİH SULTAN MEHMET CD. NO:70C,İZMİR,BAYRAKLI,38.4622669,27.1909314,557,NURŞEN YAGCI,71,,0,0.0,0.0,Aktif,201 - PETSHOP,cekirdek,nominatim_mahalle,mahalle_merkezi,NURŞEN YAĞCI,5555555555,34000,,
100000720,DOĞA YAPI MARKET GAMZE AKKAYA,HACIVELİ MAH 434/2 SK NO:1B,İZMİR,FOÇA,38.6592692,26.8552849,557,NURŞEN YAGCI,72,2026-02-12,1,900.0,37201.94,Aktif,202 - YEM TOPTAN,cekirdek,nominatim_mahalle,mahalle_merkezi,NURŞEN YAĞCI,5326523719,34000,2026-02-12,162
100000721,ŞİMŞEK PETSHOP ERDAL ŞİMŞEK,ULUS MH. İSTİKLAL CAD. ERDEM APT. NO:24/A,İZMİR,MENEMEN,38.6033618,27.0764308,557,NURŞEN YAGCI,73,2026-07-18,3,134.08,27970.25,Aktif,201 - PETSHOP,cekirdek,nominatim_ilce,ilce_merkezi,NURŞEN YAĞCI,5427170742,34000,2026-07-18,6
100000722,JASMİN PETSHOP ÖZGÜR ÖZCAN,ATAŞEHİR MH. 8211/2SK. NO:5 A ÇİĞLİ,İZMİR,ÇİĞLİ,38.4916582,27.0634346,557,NURŞEN YAGCI,74,2026-06-30,3,174.0,11403.98,Aktif,201 - PETSHOP,cekirdek,nominatim_ilce,ilce_merkezi,NURŞEN YAĞCI,5555555555,34000,2026-03-04,24
100000723,CAN'S VETERİNER KLİNİĞİ,30 AĞUSTOS MAH. 7214SK. 1. CD MENEMEN,İZMİR,MENEMEN,38.5482454,27.0458668,557,NURŞEN YAGCI,75,2026-07-18,7,2259.0,143825.26,Aktif,200 - VETERİNER,cekirdek,erp,saha_gps,NURŞEN YAĞCI,5324972267,34000,2026-02-06,6
100000726,UZAY GÖLCÜK PATİ PETSHOP,YALI MAH. 6320 SK. NO:2 A KARŞIYAKA / İZMİR,İZMİR,KARŞIYAKA,38.4699025,27.0878861,557,NURŞEN YAGCI,76,2026-07-20,12,7189.44,218415.82,Aktif,201 - PETSHOP,cekirdek,erp,saha_gps,NURŞEN YAĞCI,5555555555,34000,2026-01-13,4
100000738,NAZPET SHOP EVCİL HAYVANCILIK SANAYİ VE TİCARET ANONİM ŞİRKETİ,DONANMACI MH. 1728 SK. NO:20A KARŞIYAKA İZMİR,İZMİR,KARŞIYAKA,38.5034452,27.1134554,557,NURŞEN YAGCI,77,,0,0.0,0.0,Aktif,201 - PETSHOP,cekirdek,nominatim_ilce,ilce_merkezi,NURŞEN YAĞCI,2323817122,34000,,
100000750,AYSUN İTH. İHR. TİC. LTD. ŞTİ,7448/4 SK. NO:35D ZÜBEYDE HANIM MH. KARŞIYAKA,İZMİR,KARŞIYAKA,38.5034452,27.1134554,557,NURŞEN YAGCI,78,,0,0.0,0.0,Aktif,201 - PETSHOP,cekirdek,nominatim_ilce,ilce_merkezi,NURŞEN YAĞCI,5545247974,34000,,
100000754,NURULLAH YILDIZ YILDIZ PETSHOP,8072 SK. NO:16/B AYTORE PASAJI ÇİĞLİ,İZMİR,ÇİĞLİ,38.4916582,27.0634346,557,NURŞEN YAGCI,79,2026-07-18,13,2301.0,110294.87,Aktif,201 - PETSHOP,cekirdek,nominatim_ilce,ilce_merkezi,NURŞEN YAĞCI,5068285047,34000,2025-12-18,6
100000755,MARKO PETSHOP MUAMMER GÜNAY,ALİ ALP BÖKE CAD. NO:321/A KARŞIYAKA,İZMİR,KARŞIYAKA,38.5034452,27.1134554,557,NURŞEN YAGCI,80,,0,0.0,0.0,Aktif,201 - PETSHOP,cekirdek,nominatim_ilce,ilce_merkezi,NURŞEN YAĞCI,5373017070,34000,,
100000760,VANİLYA EVCİL YAŞAM DÜKKANI & GÜL ÇİĞDEM YILMAZ,BAHRİYE ÜÇOK MAH. LATİFE HANIM SK. YASEMİN NO:93A KARŞIYAKA,İZMİR,KARŞIYAKA,38.4590051,27.1095382,557,NURŞEN YAGCI,81,2026-02-28,3,614.0,44412.14,Aktif,201 - PETSHOP,cekirdek,nominatim_mahalle,mahalle_merkezi,NURŞEN YAĞCI,5436558666,34000,2025-12-29,146
100000798,RAİNBOW35 PETSHOP EKİN GÜNAY,MANSUROĞLU MAH. 258SK. NO:17B,İZMİR,BAYRAKLI,38.4586335,27.1952655,557,NURŞEN YAGCI,82,2026-06-23,10,1313.0,110698.24,Aktif,201 - PETSHOP,cekirdek,erp,saha_gps,NURŞEN YAĞCI,5327221101,34000,2025-12-26,31
100000801,CAN DOSTLAR PETSHOP ERDAL YILDIRIM,MUSTAFA KEMAL ATATÜRK MH. İZMİR CD. NO:88/A,İZMİR,FOÇA,38.668916,26.7547749,557,NURŞEN YAGCI,83,2026-07-18,2,359.0,21385.58,Aktif,201 - PETSHOP,cekirdek,nominatim_ilce,ilce_merkezi,NURŞEN YAĞCI,5555555555,34000,2026-07-18,6
100000829,ZEUS VETERİNER KLİNİĞİ LİMİTED ŞİRKETİ,ESATPAŞA MAH. 1. ABDİ İPEKÇİ GEÇİDİ SK. NALAN HNM APT. NO:6,İZMİR,MENEMEN,38.6054001,27.0743447,557,NURŞEN YAGCI,84,2026-04-15,5,171.0,30412.83,Aktif,200 - VETERİNER,cekirdek,nominatim_mahalle,mahalle_merkezi,NURŞEN YAĞCI,5549918041,34000,2025-12-15,100
100000830,BOSTANLI PLUS VETERİNER HİZMETLERİ VE PET MALZEME PAZ. TİC. LTD. ŞTİ,1787/1 SK. NO:13 D:1,İZMİR,KARŞIYAKA,38.5034452,27.1134554,557,NURŞEN YAGCI,85,,0,0.0,0.0,Aktif,200 - VETERİNER,cekirdek,nominatim_ilce,ilce_merkezi,NURŞEN YAĞCI,2323305535,34000,,
100000833,HOBBY AKVARYUM EV HAYVANLARI VE GIDALARI SATIŞI,ESATPAŞA MAH. ATATÜRK CAD. NO:145/A,İZMİR,MENEMEN,38.6054001,27.0743447,557,NURŞEN YAGCI,86,2026-03-26,2,643.0,34059.24,Aktif,201 - PETSHOP,cekirdek,nominatim_mahalle,mahalle_merkezi,NURŞEN YAĞCI,5536194722,34000,2026-01-31,120
100000839,ZEBRA PETSHOP YILMAZ GÖRGÜLÜ,ÇİÇEK MAH. ŞEHİT HAKAN UYSAL SOK. NO:181K,İZMİR,BAYRAKLI,38.4678427,27.1700589,557,NURŞEN YAGCI,87,2026-05-20,4,1877.0,165209.17,Aktif,201 - PETSHOP,cekirdek,nominatim_mahalle,mahalle_merkezi,NURŞEN YAĞCI,5345252450,34000,2026-02-12,65
100000846,ÇAKIRLAR AKVARYUM PETSHOP ÜMİT ACARTÜRK,MANSUROĞLU MAH. DUMLUPINAR CAD. NO:45/B,İZMİR,BAYRAKLI,38.4545266,27.1889231,557,NURŞEN YAGCI,88,2026-04-06,2,340.0,24341.04,Aktif,201 - PETSHOP,cekirdek,nominatim_mahalle,mahalle_merkezi,NURŞEN YAĞCI,5436610187,34000,2026-01-02,109
100000857,ŞÜKRÜ KOR TOHUM BİTKİ KORUMA VE BESLENME ÜRÜNLERİ,İNKİLAP MH. KAYHAN CD. NO:85/A BERGAMA,İZMİR,BERGAMA,39.1189476,27.1773642,557,NURŞEN YAGCI,89,2026-07-10,2,1386.0,59205.81,Aktif,202 - YEM TOPTAN,cekirdek,nominatim_ilce,ilce_merkezi,NURŞEN YAĞCI,5555555555,34000,2026-02-12,14
100000861,MAX PETSHOP FATMA HAYAT,ŞEMİKLER MH. 6286/7SK. KARDELEN NO:9 C KARŞIYAKA,İZMİR,KARŞIYAKA,38.5034452,27.1134554,557,NURŞEN YAGCI,90,2026-04-27,3,165.0,23588.36,Aktif,201 - PETSHOP,cekirdek,nominatim_ilce,ilce_merkezi,NURŞEN YAĞCI,5447252417,34000,2026-01-28,88
100000864,PAPYON PETSHOP EREN AYÇIK,SOĞUKKUYU MAH. AKIN KIVANÇ SK. NO:85A BAYRAKLI,İZMİR,BAYRAKLI,38.4734871,27.1194878,557,NURŞEN YAGCI,91,,0,0.0,0.0,Aktif,201 - PETSHOP,cekirdek,nominatim_mahalle,mahalle_merkezi,NURŞEN YAĞCI,5529479796,34000,,
100000871,TATLI VETERİNER KLİNİĞİ EYÜP KUTU,KÜLTÜR MAH. ŞERAFETTİN ÖZTÜRK SOK. NO 20 ALİAĞA / İZMİR,İZMİR,ALİAĞA,38.8049218,26.9833613,557,NURŞEN YAGCI,92,2026-05-20,1,156.0,5499.0,Aktif,200 - VETERİNER,cekirdek,nominatim_mahalle,mahalle_merkezi,NURŞEN YAĞCI,5050046377,34000,2026-05-20,65
100000883,PETUNYA PETSHOP ALİ SEVER,GAZİ MUSTAFA KEMAL MAH. 4125 SK. B BLOK NO:9/10,İZMİR,MENEMEN,38.57992,26.9697561,557,NURŞEN YAGCI,93,2026-07-18,17,1630.0,275142.5,Aktif,201 - PETSHOP,cekirdek,erp,saha_gps,NURŞEN YAĞCI,5534380664,34000,2025-12-26,6
100000885,DEREN PETSHOP ÖMÜRLÜ EVCİL HAYVAN ÜRÜNLERİ LİMİTED ŞİRKETİ,ATAŞEHİR MAH. 8010SK. NO:20 C,İZMİR,ÇİĞLİ,38.4914813,27.0615296,557,NURŞEN YAGCI,94,2026-05-13,8,2315.0,111235.21,Aktif,201 - PETSHOP,cekirdek,erp,saha_gps,NURŞEN YAĞCI,5320633223,34000,2025-12-18,72
100000895,SİHİRLİ PATİLER EVCİL HAYVAN ÜRÜNLERİ SANAYİ VE TİCARET LİMİTED ŞİRKETİ TOLGA BİRLER,BOSTANLI MAH. ŞEHİTLER BLV. NO:34/B,İZMİR,KARŞIYAKA,38.4570347,27.0983563,557,NURŞEN YAGCI,95,,0,0.0,0.0,Aktif,201 - PETSHOP,cekirdek,nominatim_mahalle,mahalle_merkezi,NURŞEN YAĞCI,5322979769,34000,,
100000897,STATİC LOJİSTİK LİMİTED ŞİRKETİ,BOZKÖY MAHALLESİ SANAYİ CAD. NO:13 ALİAĞA,İZMİR,ALİAĞA,38.7203651,26.964433,557,NURŞEN YAGCI,96,2026-02-28,1,360.0,20911.97,Aktif,206 - E-TİCARET,cekirdek,nominatim_mahalle,mahalle_merkezi,NURŞEN YAĞCI,5327238035,34000,2026-02-28,146
100000901,DENİZ PET SHOP ZERRİN KÖROĞLU,KÜÇÜKÇİĞLİ MAH. 8712/1 SK. BEYAZIT APT NO:4/A ÇİĞLİ,İZMİR,ÇİĞLİ,38.5011075,27.0541834,557,NURŞEN YAGCI,97,2026-02-28,4,615.0,63666.94,Aktif,201 - PETSHOP,cekirdek,nominatim_mahalle,mahalle_merkezi,NURŞEN YAĞCI,5074573210,34000,2026-01-13,146
100000903,ULUKENT VETERİNER KLİNİĞİ VETERİNER HEKİM AYBÜKE PAMUKÇU,30 AĞUSTOS MAH. 7202SK. 3. CAD NO:2/D EGEKENT 2 MENEMEN,İZMİR,MENEMEN,38.5533467,27.0464174,557,NURŞEN YAGCI,98,,0,0.0,0.0,Aktif,200 - VETERİNER,cekirdek,nominatim_mahalle,mahalle_merkezi,NURŞEN YAĞCI,5527864736,34000,,
100000908,UĞURLU PATİLER PETSHOP YELİZ SEZER,İZKENT MAH. 8836SK. İZMİR BIRLIK DURU NO:22 B ÇİĞLİ,İZMİR,ÇİĞLİ,38.510442,27.0648915,557,NURŞEN YAGCI,99,2026-05-31,2,424.0,29697.2,Aktif,201 - PETSHOP,cekirdek,nominatim_mahalle,mahalle_merkezi,NURŞEN YAĞCI,5535962632,34000,2025-12-26,54
100000916,LUCKY PET MARKET İLKAY MEHMET GEÇİM,BAHARİYE MAH. YAŞAR AKSOY SK. NO:47/A KARŞIYAKA,İZMİR,KARŞIYAKA,38.461686,27.1161239,557,NURŞEN YAGCI,100,,0,0.0,0.0,Aktif,201 - PETSHOP,cekirdek,nominatim_mahalle,mahalle_merkezi,NURŞEN YAĞCI,5305438541,34000,,
100000921,FUDA PETSHOP FUNDA EKŞİ,YENİ MAHALLE 8762SK. NO:6/A,İZMİR,ÇİĞLİ,38.4995159,27.0521189,557,NURŞEN YAGCI,101,2026-03-31,4,8352.0,153592.87,Aktif,201 - PETSHOP,cekirdek,erp,saha_gps,NURŞEN YAĞCI,5392411213,34000,2026-01-02,115
100000943,BONNEY PETSHOP YELİZ ÖZKAN,MANAVKUYU MAH. MUSTAFA KEMAL CAD. UĞUR NO:144 B,İZMİR,BAYRAKLI,38.4622669,27.1909314,557,NURŞEN YAGCI,102,,0,0.0,0.0,Aktif,201 - PETSHOP,cekirdek,nominatim_mahalle,mahalle_merkezi,NURŞEN YAĞCI,5534871547,34000,,
100000949,ATASER PETSHOP ZÜLEYHA ÖNÜT,ERTUĞRUL MAHALLESİ MUSTAFA YAZICI CAD. NO:48 DİKİLİ,İZMİR,DİKİLİ,39.0749706,26.8892495,557,NURŞEN YAGCI,103,2026-05-05,2,1479.0,31313.03,Aktif,201 - PETSHOP,cekirdek,nominatim_ilce,ilce_merkezi,NURŞEN YAĞCI,5064968845,34000,2026-03-14,80
100000954,CANIM PETSHOP YAĞMUR DEĞER,BAHÇELİEVLER MAH. ŞEHİT İBRAHİM ER SK. AKTEK NO:49B KARŞIYAKA,İZMİR,KARŞIYAKA,38.4662877,27.1171287,557,NURŞEN YAGCI,104,2026-03-14,1,1044.0,19199.39,Aktif,201 - PETSHOP,cekirdek,nominatim_mahalle,mahalle_merkezi,NURŞEN YAĞCI,5317970815,34000,2026-03-14,132
100000955,BERGAMA PETSHOP GÖRKEM YAĞCI,FATİH MAHALLESİ ATATÜRK BLV. NO:123/1 BERGAMA,İZMİR,BERGAMA,39.1042411,27.1663768,557,NURŞEN YAGCI,105,2026-07-10,9,2299.0,227482.35,Aktif,201 - PETSHOP,cekirdek,erp,saha_gps,NURŞEN YAĞCI,5438477089,34000,2025-12-29,14
100000956,PERGAMON VETERİNER İBRAHİM KOÇ,FATİH MAH. UĞUR MUMCU CD. A1 NO:18/A BERGAMA,İZMİR,BERGAMA,39.1076142,27.1818601,557,NURŞEN YAGCI,106,2026-04-13,3,450.0,23085.46,Aktif,200 - VETERİNER,cekirdek,erp,saha_gps,NURŞEN YAĞCI,5315021652,34000,2026-02-28,102
100000957,YAŞAM VETERİNER KLİNİĞİ BAHADIR BATMAZ,Atatürk Bulvarı No:43,İZMİR,BERGAMA,39.1189476,27.1773642,557,NURŞEN YAGCI,107,2026-07-10,1,75.0,4083.14,Aktif,200 - VETERİNER,cekirdek,nominatim_ilce,ilce_merkezi,NURŞEN YAĞCI,5354013035,34000,2026-07-10,14
100000974,DENİZ PETSHOP HÜSEYİN BAŞÇİ,ÇANDARLI MAH. ÇANDARLI BARIŞ SK. NO:19-21B DİKİLİ,İZMİR,DİKİLİ,38.9386619,26.9339694,557,NURŞEN YAGCI,108,2026-07-20,4,1166.0,139735.08,Aktif,201 - PETSHOP,cekirdek,erp,saha_gps,NURŞEN YAĞCI,5382959593,34000,2026-01-22,4
100001036,KAYHAN ERLALELİTEPE KAYHAN OPTİK,ESATPAŞA MAH. ÇANAKKALE ASFALTI CAD. NO:181/B MENEMEN/İZMİR,İZMİR,MENEMEN,38.5914879,27.0742796,557,NURŞEN YAGCI,109,2026-05-06,3,562.0,89823.18,Aktif,201 - PETSHOP,cekirdek,erp,saha_gps,NURŞEN YAĞCI,5336077071,34000,2025-12-18,79
100001052,ÇETİN ERKEK KUAFÖRÜ,YENİ MAHALLE 8029.SK NO:7/A ÇİĞLİ,İZMİR,ÇİĞLİ,38.4916582,27.0634346,557,NURŞEN YAGCI,110,2026-07-02,2,24.0,3763.58,Aktif,206 - E-TİCARET,cekirdek,nominatim_ilce,ilce_merkezi,NURŞEN YAĞCI,5555555555,34000,2026-03-23,22
100001068,DERİN PET MARKET / GAMZE SEZEN,Kazim Dirik Mahallesi Cumhuriyet Caddesi No:5/A Aliağa/İzmir,İZMİR,ALİAĞA,38.7992348,26.97068,557,NURŞEN YAGCI,111,2026-07-18,6,1761.04,170653.31,Aktif,201 - PETSHOP,cekirdek,erp,saha_gps,NURŞEN YAĞCI,5050257461,34000,2025-12-29,6
100001070,RENKLİ KAFES PETSHOP / SERHAT YAŞAR,Postacılar Mahallesi Akın Kıvanç Sk. Emek No:161/D Bayraklı,İZMİR,BAYRAKLI,38.4802935,27.1252668,557,NURŞEN YAGCI,112,2026-06-30,7,2533.0,165884.74,Aktif,201 - PETSHOP,cekirdek,erp,saha_gps,NURŞEN YAĞCI,5075041371,34000,2026-01-14,24
100001104,KARDEŞLER PETSHOP / ÖNDER YURDAKUL,EVKA-5 MAHALLESİ 8809 SK. NO:141 İÇ KAPI NO:Z33 ÇİĞLİ/İZMİR,İZMİR,ÇİĞLİ,38.5176384,27.0557933,557,NURŞEN YAGCI,113,2026-06-16,5,3528.0,230136.93,Aktif,201 - PETSHOP,cekirdek,erp,saha_gps,NURŞEN YAĞCI,5510673114,34000,2026-01-22,38
100001111,KIRMIZI PANDA REKLAM AJANS GIDA VE DIŞ TİCARET LİMİTED ŞİRKETİ,ŞAKRAN SAYFİYE MAH. ŞAİR NAMIK KEMAL CAD. NO:27/B ALİAĞA/İZMİR,İZMİR,ALİAĞA,38.8881798,27.06341,557,NURŞEN YAGCI,114,2026-06-30,10,755.0,64404.66,Aktif,201 - PETSHOP,cekirdek,nominatim_mahalle,mahalle_merkezi,NURŞEN YAĞCI,5326622418,34000,2026-01-28,24
100001126,MERTOĞLU TİCARET TOPTAN VE PERAKENDE YEM TİCARETİ,İNKİLAP MH. VAKIF SK. NO:2/B BERGAMA/İZMİR,İZMİR,BERGAMA,39.1189476,27.1773642,557,NURŞEN YAGCI,115,2026-02-12,1,330.0,13676.12,Aktif,202 - YEM TOPTAN,cekirdek,nominatim_ilce,ilce_merkezi,NURŞEN YAĞCI,5326581317,,2026-02-12,162
100001127,AS AKVARYUM VE PET ÜRÜNLERİ AHMET ŞALIŞ,MALTEPE MAH. 405 SK. NO:13/B BERGAMA/İZMİR,İZMİR,BERGAMA,39.1089897,27.1726591,557,NURŞEN YAGCI,116,2026-03-16,3,345.5,18624.28,Aktif,201 - PETSHOP,cekirdek,nominatim_mahalle,mahalle_merkezi,NURŞEN YAĞCI,5532538622,,2026-01-31,130
100001137,MURAT DÖNERTAŞ,ŞEMİKLER MAH. 6220 SK. NO:20 İÇKAPINO:11 KARŞIYAKA/İZMİR,İZMİR,KARŞIYAKA,38.4755359,27.0950001,557,NURŞEN YAGCI,117,2026-03-04,2,210.0,16800.52,Aktif,201 - PETSHOP,cekirdek,nominatim_mahalle,mahalle_merkezi,NURŞEN YAĞCI,5331402519,,2026-02-12,142
100001144,TURKUAZ SPOR KULÜBÜ RAŞİT TALA,MUSTAFA KEMAL ATATÜRK MAH. İZMİR CD. NO:109 YENİ FOÇA,İZMİR,FOÇA,38.7406854,26.8396877,557,NURŞEN YAGCI,118,2026-07-10,4,539.0,38990.35,Aktif,201 - PETSHOP,cekirdek,nominatim_mahalle,mahalle_merkezi,NURŞEN YAĞCI,5323657470,,2026-02-28,14
100001145,BURCU İÇEN URAS PETSHOP,BOSTANLI MH. GİRNE BLV. İMBAT NO:27 İÇ KAPI NO:1 KARŞIYAKA/İZMİR,İZMİR,KARŞIYAKA,38.5034452,27.1134554,557,NURŞEN YAGCI,119,2026-02-28,1,30.0,1807.39,Aktif,201 - PETSHOP,cekirdek,nominatim_ilce,ilce_merkezi,NURŞEN YAĞCI,5337651462,,2026-02-28,146
100001149,KARAMEL PETSHOP MUHAMMED EMİR KARAYEL,CUMHURİYET MAH. 6653 SK. NO:178/A KARŞIYAKA/İZMİR,İZMİR,KARŞIYAKA,38.4816523,27.0962096,557,NURŞEN YAGCI,120,2026-02-28,1,233.0,25073.05,Aktif,201 - PETSHOP,cekirdek,nominatim_mahalle,mahalle_merkezi,NURŞEN YAĞCI,5526949295,,2026-02-28,146
100001158,MERVE NUR AKKURT MAYIS PET MARKET,TERSANE MAH. 1675 SK. SERTUĞ NO: 118/A KARŞIYAKA/İZMİR,İZMİR,KARŞIYAKA,38.4615483,27.1269152,557,NURŞEN YAGCI,121,2026-03-23,1,121.0,16088.04,Aktif,201 - PETSHOP,cekirdek,nominatim_mahalle,mahalle_merkezi,NURŞEN YAĞCI,5313529789,,2026-03-23,123
100001177,GÜRKAN CÖMER,GAZİPAŞA MAH. 39 SK. KAPICI OĞLU APT NO:27 A DİKİLİ/İZMİR,İZMİR,DİKİLİ,39.0621907,26.8803799,557,NURŞEN YAGCI,122,2026-04-13,1,776.0,77528.26,Aktif,201 - PETSHOP,cekirdek,nominatim_mahalle,mahalle_merkezi,NURŞEN YAĞCI,5520202510,,2026-04-13,102
100001194,MS PETSHOP METE KARAKAŞ,MALTEPE MAH. 8090/1 SK. PERTAS NO:3/A ÇİĞLİ/İZMİR,İZMİR,ÇİĞLİ,38.4910976,27.074218,557,NURŞEN YAGCI,123,,0,0.0,0.0,Aktif,201 - PETSHOP,cekirdek,nominatim_mahalle,mahalle_merkezi,NURŞEN YAĞCI,5397760609,,,
100001206,PEKİN YAPI MARKET & HIRDAVAT,KAZIM DİRİK MAH. FOÇA İZMİR KARAYOLU SK. NO:148/A FOÇA/İZMİR,İZMİR,FOÇA,38.658348,26.855439,557,NURŞEN YAGCI,124,2026-07-10,3,1095.0,66169.44,Aktif,201 - PETSHOP,cekirdek,erp,saha_gps,NURŞEN YAĞCI,5063788729,,2026-05-21,14
100001220,BER-VET VETERİNERLİK HİZMETLERİ GIDA HAYVANCILIK SANAYİ ve TİCARET L.Ş,Turbey Mah. E.Elektrik Fb. Cd. İstiklal Meydanı No:20/A,İZMİR,BERGAMA,39.1189476,27.1773642,557,NURŞEN YAGCI,125,2026-07-10,2,1080.0,56964.35,Aktif,200 - VETERİNER,cekirdek,nominatim_ilce,ilce_merkezi,NURŞEN YAĞCI,5336567636,,2026-07-10,14
100001222,DOĞA ZİRAİ ÜRÜN ALIM SATIM ZAİRE TİC,HACI VELİ MAH. BAĞARASI FOÇA- İZMİR,İZMİR,FOÇA,38.668916,26.7547749,557,NURŞEN YAGCI,126,2026-07-10,1,165.0,11160.0,Aktif,202 - YEM TOPTAN,cekirdek,nominatim_ilce,ilce_merkezi,NURŞEN YAĞCI,5353076646,,2026-07-10,14
100001226,DİKİLİ PET MARKET,İsmetpaşa Mah. 3 Sk. No:41/A -DİKİLİ İZMİR,İZMİR,DİKİLİ,39.0740357,26.8949175,557,NURŞEN YAGCI,127,2026-07-20,1,117.0,14576.02,Aktif,201 - PETSHOP,cekirdek,nominatim_mahalle,mahalle_merkezi,NURŞEN YAĞCI,5061014121,,2026-07-20,4
100001240,PAN PETSHOP SEZER OKUMUŞ,ATAKENT MAH. 6342 SK DENİZ NO:25 / A KARŞIYAKA / İZMİR,İZMİR,KARŞIYAKA,38.4663511,27.0880288,557,NURŞEN YAGCI,132,,0,0.0,0.0,Aktif,201 - PETSHOP,cekirdek,nominatim_mahalle,mahalle_merkezi,NURŞEN YAĞCI,5362999559,,,
100001239,KORDELYA PETSHOP & ALİ KEÇECİ,NERGİZ MAH. BERİN TAŞKAN SK. GÖKKUŞAĞI NO:90/A KARŞIYAKA / İZMİR,İZMİR,KARŞIYAKA,38.4609332,27.1068886,557,NURŞEN YAGCI,133,,0,0.0,0.0,Aktif,201 - PETSHOP,cekirdek,nominatim_mahalle,mahalle_merkezi,NURŞEN YAĞCI,5335632635,,,
100001242,JERRY PETSHOP HAKAN IŞIK,POSTACILAR MAH. 7610 SK NO: 31 A BAYRAKLI / İZMİR,İZMİR,BAYRAKLI,38.4816406,27.1200162,557,NURŞEN YAGCI,135,,0,0.0,0.0,Aktif,201 - PETSHOP,cekirdek,nominatim_mahalle,mahalle_merkezi,NURŞEN YAĞCI,5551853310,,,
100000031,NIHAL BODUR ŞİRİN DOSTLAR TİCARET,ABDÜLHAMİD YAVUZ CAD.NO:29/A GAZİEMİR ABDÜLHAMİD YAVUZ CAD.NO:29/A GAZİEMİR,İZMİR,GAZİEMİR,38.3184997,27.1292132,666,DERYA YAYLA PAZARTESİ,1,2026-06-11,1,1087.5,21250.94,Aktif,201 - PETSHOP,cekirdek,erp,saha_gps,DERYA YAYLA,5532933132,34000,2026-06-11,43
100000066,GÜVEN PETSHOP / ENES SELKUT,YUNUSEMRE MAH. SIRRI ATALAY SK. NO:11 İÇ KAPI NO B KARABAGLAR/İZMİR KARABAGLAR/İZMİR,İZMİR,GAZİEMİR,38.3729404,27.1296297,666,DERYA YAYLA PAZARTESİ,2,2026-05-19,3,274.0,18515.89,Aktif,201 - PETSHOP,cekirdek,erp,saha_gps,DERYA YAYLA,5308603369,34000,2026-01-27,66
100000086,CEYDA BAYDUR AKCA,TELEFERİK MAH.SAKARYA CAD.NO:59/B BALÇOVA-İZMİR,İZMİR,BALÇOVA,38.3820922,27.0570997,666,DERYA YAYLA PAZARTESİ,3,,0,0.0,0.0,Aktif,201 - PETSHOP,cekirdek,nominatim_mahalle,mahalle_merkezi,DERYA YAYLA,5307608468,34000,,
100000146,BÜSRA YILDIZ,YELKİ MAH.İNÖNÜ CAD. NO:29-31/E GÜZELBAHÇE-İZMİR,İZMİR,GÜZELBAHÇE,38.3409365,26.86664,666,DERYA YAYLA PAZARTESİ,4,,0,0.0,0.0,Aktif,201 - PETSHOP,cekirdek,nominatim_mahalle,mahalle_merkezi,DERYA YAYLA,5532122032,34000,,
100000171,MERAL YUNCU,ALİ RIZA AVNİ BUL. BAHÇELİEVLER MAH. NO:72/A KARABAĞLAR-İZMİR,İZMİR,KARABAĞLAR,38.3865299,27.134722,666,DERYA YAYLA PAZARTESİ,5,,0,0.0,0.0,Aktif,201 - PETSHOP,cekirdek,nominatim_ilce,ilce_merkezi,DERYA YAYLA,5346545492,34000,,
100000215,FATIH FILIZ AMAZON PETSHOP,CAMİKEBİR MAH İZMİR CAD NO:87 A SEFERİHİSAR İZMİR SEFERİHİSAR İZMİR,İZMİR,SEFERİHİSAR,38.1973574,26.8337133,666,DERYA YAYLA PAZARTESİ,6,2026-03-31,3,986.0,52681.19,Aktif,201 - PETSHOP,cekirdek,erp,saha_gps,DERYA YAYLA,5461003235,34000,2025-12-15,115
100000231,FATIH YAPICI,ESENLİK MAH POLAT CAD ELMAS NO 13 KARABAĞLAR İZMİR,İZMİR,KARABAĞLAR,38.3966597,27.1124405,666,DERYA YAYLA PAZARTESİ,7,,0,0.0,0.0,Aktif,201 - PETSHOP,cekirdek,nominatim_mahalle,mahalle_merkezi,DERYA YAYLA,5070441828,34000,,
100000502,TEOS TARIM ÜMİT YAŞAR ERMİŞ,HIDIRLIK MAH. NECAT HEPKON CAD. NO:16 /A İÇ KAPI13,İZMİR,SEFERİHİSAR,38.1949547,26.8415235,666,DERYA YAYLA PAZARTESİ,12,2026-07-24,13,8511.0,633063.65,Aktif,202 - YEM TOPTAN,cekirdek,erp,saha_gps,DERYA YAYLA,5337798722,34000,2025-12-15,0
100000508,EGE PET SHOP TOLGA SÜLEK,ŞAİR NEDİM SOKAK NO:1/B BALÇOVA,İZMİR,BALÇOVA,38.3953128,27.05787,666,DERYA YAYLA PAZARTESİ,13,,0,0.0,0.0,Aktif,201 - PETSHOP,cekirdek,nominatim_ilce,ilce_merkezi,DERYA YAYLA,5546540535,34000,,
100000557,AYI PETSHOP ÜMİT KADİR ARAS,ÇAMTEPE MAH. MİTHATPAŞA CD. NO:257/C,İZMİR,BALÇOVA,38.3941806,27.0091302,666,DERYA YAYLA PAZARTESİ,14,2026-06-10,7,427.0,51039.46,Aktif,201 - PETSHOP,cekirdek,erp,saha_gps,DERYA YAYLA,5529441900,34000,2025-12-15,44
100000624,PETSHOP PINAR GEZGEN,GÜNALTAY MAH. ESKİİZMİR CAD. NO:387 KARABAĞLAR,İZMİR,KARABAĞLAR,38.3785819,27.1118921,666,DERYA YAYLA PAZARTESİ,15,,0,0.0,0.0,Aktif,201 - PETSHOP,cekirdek,erp,saha_gps,DERYA YAYLA,5077478099,34000,,
100000660,GÜMÜŞOLTA PETSHOP,SAİM ÇIKRIKÇI CAD. 16/A KARABAĞLAR,İZMİR,KARABAĞLAR,38.3865299,27.134722,666,DERYA YAYLA PAZARTESİ,16,,0,0.0,0.0,Aktif,202 - YEM TOPTAN,cekirdek,nominatim_ilce,ilce_merkezi,DERYA YAYLA,2322619457,34000,,
100000706,ASİL PET ELANUR POLAT,YURDOĞLU MAH. 3946SK. NO:30A KARABAĞLAR İZMİR,İZMİR,KARABAĞLAR,38.3619102,27.0947754,666,DERYA YAYLA PAZARTESİ,17,,0,0.0,0.0,Aktif,202 - YEM TOPTAN,cekirdek,nominatim_mahalle,mahalle_merkezi,DERYA YAYLA,5063841714,34000,,
100000745,DENİZ PETSHOP ABDULLAH OTAR,MİTHATPAŞA MH. MİTHATPAŞA CD. ANADOLU APT. NO:552/C KONAK,İZMİR,KONAK,38.4187168,27.1282675,666,DERYA YAYLA PAZARTESİ,18,,0,0.0,0.0,Aktif,201 - PETSHOP,cekirdek,nominatim_ilce,ilce_merkezi,DERYA YAYLA,5336855569,34000,,
100000771,S-PETSHOP MUSTAFA GÖK,ATIFBEY MAH. 6SOKAK NO:32A,İZMİR,GAZİEMİR,38.3174476,27.1320186,666,DERYA YAYLA PAZARTESİ,19,2026-07-20,11,1926.0,176112.04,Aktif,201 - PETSHOP,cekirdek,erp,saha_gps,DERYA YAYLA,5325110035,34000,2025-12-18,4
100000855,KALENDER PETMARKET EVCİL HAYVAN TARIM ÜRÜNLERİ SANAYİ VE TİCARET LİMİTED ŞİRKETİ,ALTINTAŞ MAH. MAOLYA SK. 1 NOLU BAĞIMSIZ NO:93A,İZMİR,URLA,38.3206529,26.7573515,666,DERYA YAYLA PAZARTESİ,23,2026-04-27,2,1104.0,77312.02,Aktif,201 - PETSHOP,cekirdek,nominatim_mahalle,mahalle_merkezi,DERYA YAYLA,5325875968,34000,2026-01-12,88
100000914,PETWAY STORE MERT ŞENOL,NARLI MAH. MİTHATPAŞA CAD. NO:264 NARLIDERE,İZMİR,NARLIDERE,38.3940392,27.005159,666,DERYA YAYLA PAZARTESİ,25,,0,0.0,0.0,Aktif,201 - PETSHOP,cekirdek,nominatim_mahalle,mahalle_merkezi,DERYA YAYLA,5549137867,34000,,
100000930,PATİKA PET MARKET ERKİN ÖZTÜRK,ESENYALI MAH. İNÖNÜ CAD. HÜSNÜ TÜRK NO:613A KARABAĞLAR,İZMİR,KARABAĞLAR,38.3944815,27.0899188,666,DERYA YAYLA PAZARTESİ,26,2026-07-24,16,2177.0,190444.17,Aktif,201 - PETSHOP,cekirdek,erp,saha_gps,DERYA YAYLA,5078230326,34000,2025-12-18,0
100001047,PAWESSAPETS NAZLICAN ÜNALAN,YURDOĞLU MAHALLESİ 3959/8 SK. B-31 BLOK NO:2 İÇ KAPI NO:5 KARABAĞLAR,İZMİR,KARABAĞLAR,38.3594888,27.103757,666,DERYA YAYLA PAZARTESİ,33,2026-06-15,6,872.0,65052.42,Aktif,201 - PETSHOP,cekirdek,erp,saha_gps,DERYA YAYLA,5061843085,34000,2026-01-21,39
100001069,Sezar Petshop / İrem Özen Çakır,Güvendik mahallesi Mehmet Ali Aygüven Caddesi No:162 Urla/İzmir,İZMİR,URLA,38.3951886,26.7470382,666,DERYA YAYLA PAZARTESİ,34,2026-07-14,4,915.0,61506.18,Aktif,201 - PETSHOP,cekirdek,erp,saha_gps,DERYA YAYLA,5054146369,34000,2025-12-29,10
100001101,UĞUR MARKET / ABDULLAH SALAHİ DEMİRTAŞ,TEPECİK MAH AKARCA CAD GÜNEŞLİKENT SİTESİ NO 68/32,İZMİR,SEFERİHİSAR,38.1409102,26.8254286,666,DERYA YAYLA PAZARTESİ,36,2026-03-16,3,163.0,12885.51,Aktif,205 - GELENEKSEL KANAL,cekirdek,erp,saha_gps,DERYA YAYLA,5365539060,34000,2026-01-26,130
100001129,ÜMİT PETSHOP / ÜMİTHAN DOĞAN,26 AĞUSTOS MH EMİRLER CAD NO;53/B-B KONAK,İZMİR,KONAK,38.4152686,27.1673331,666,DERYA YAYLA PAZARTESİ,38,2026-02-20,1,360.0,29995.81,Aktif,201 - PETSHOP,cekirdek,erp,saha_gps,DERYA YAYLA,5538022921,,2026-02-20,154
100001151,SÖRF MARKET ALAÇATİ,ALAÇATİ MAH 12054 SOK NO 2,İZMİR,ÇEŞME,38.2847573,26.3745176,666,DERYA YAYLA PAZARTESİ,39,2026-03-16,1,84.0,6720.21,Aktif,204 - ULUSAL KANAL,cekirdek,nominatim_mahalle,mahalle_merkezi,DERYA YAYLA,5324278172,,2026-03-16,130
100001198,TANER GENCELLİ LUCKY PETSHOP,İÇMELER MAH 1007 SOK NO 51 İÇMELER MAH 1007 SOK NO 51,İZMİR,URLA,37.826434,27.848422,666,DERYA YAYLA PAZARTESİ,41,2026-07-14,2,1350.0,73496.51,Aktif,201 - PETSHOP,cekirdek,erp,saha_gps,DERYA YAYLA,5302182835,,2026-05-11,10
100001219,ŞANSLI PATİLER / OKAN NALKESEN,PİRİ REİS MAH 285 SOK NO 57 PİRİ REİS MAH 285 SOK NO 57,İZMİR,KONAK,38.285254,27.140195,666,DERYA YAYLA PAZARTESİ,44,2026-07-14,1,322.0,31665.0,Aktif,201 - PETSHOP,cekirdek,erp,saha_gps,DERYA YAYLA,5078404481,,2026-07-14,10
100001223,TURKUAZ PETSHOP,GÖNGÖR MAH.İNÖNÜ CAD.NO:61/A GÖNGÖR MAH.İNÖNÜ CAD.NO:61/A,İZMİR,KONAK,38.416682,27.123098,666,DERYA YAYLA PAZARTESİ,45,2026-07-24,1,90.0,14197.11,Aktif,201 - PETSHOP,cekirdek,erp,saha_gps,DERYA YAYLA,5495240542,,2026-07-24,0
100001224,SÖĞÜTLÜ GIDA,1202/2 SOKAK NO :4/K HALKAPINAR MAH. 1202/2 SOKAK NO :4/K HALKAPINAR MAH,İZMİR,KONAK,38.195596,26.834222,666,DERYA YAYLA PAZARTESİ,46,2026-07-24,1,980.0,79955.91,Aktif,201 - PETSHOP,cekirdek,erp,saha_gps,DERYA YAYLA,5306904388,,2026-07-24,0
100001233,ATA PET OZAN YUNCU,DOĞANAY MAH. SAİM ÇIKRIKÇI CAD PEKDEMİR NO 132A DOĞANAY MAH. SAİM ÇIKRIKÇI CAD PEKDEMİR NO 132A,İZMİR,KARABAĞLAR,38.285305,27.140223,666,DERYA YAYLA PAZARTESİ,48,,0,0.0,0.0,Aktif,201 - PETSHOP,cekirdek,erp,saha_gps,DERYA YAYLA,5331549135,,,
100001162,TÜYLÜM PETSHOP / İBRAHİM ALADAĞ,ATATÜRK MAH BÜYÜK MENDERES CAD NO108/A İC KAPİ NO ATATÜRK MAH BÜYÜK MENDERES CAD NO108/A İC KAPİ NO A,İZMİR,GAZİEMİR,38.2980309,27.1702364,666,DERYA YAYLA PAZARTESİ,49,2026-04-30,2,195.0,13882.83,Aktif,201 - PETSHOP,cekirdek,erp,saha_gps,DERYA YAYLA,5558683856,,2026-04-06,85
100000032,KARIKATÜRHANE REKLAMCILIK EVCIL HAYVAN VE MALZ.GIDA SAN TIC.LTD.STI,BASIN SİTESİ MAH.İNÖNÜ CAD.NO:429 B KARABAĞLAR İZMİR KARABAĞLAR İZMİR,İZMİR,KARABAĞLAR,38.4009511,27.0988359,668,DERYA YAYLA SALI,1,2026-04-08,1,32.0,3598.1,Aktif,201 - PETSHOP,cekirdek,erp,saha_gps,DERYA YAYLA,5322401101,34000,2026-04-08,107
100000069,MURAT KAMAR,ATIFBEY MH. FERİDUN PÖZÜT CD. NO:16/A GAZİEMİR/İZMİR,İZMİR,GAZİEMİR,38.3262756,27.1399665,668,DERYA YAYLA SALI,2,,0,0.0,0.0,Aktif,201 - PETSHOP,cekirdek,nominatim_ilce,ilce_merkezi,DERYA YAYLA,5053523251,34000,,
100000117,FIKRET KINALI LEBEDOS PETSHOP,BENGİLER MAH.ÜRKMEZ CAD.NO:89 İÇ KAPI NO:B SEFERİHİSAR-İZMİR SEFERİHİSAR-İZMİR,İZMİR,SEFERİHİSAR,38.0782848,26.9543235,668,DERYA YAYLA SALI,3,2026-05-18,6,2578.0,183772.67,Aktif,201 - PETSHOP,cekirdek,erp,saha_gps,DERYA YAYLA,5537226566,34000,2025-12-18,67
100000147,DORUK YEM TARIM HAYVANCILIK GIDA NAKLIYE SAN.VE TIC.LTD.STI,SIRA MAH. AHMET BESİM UYAL CAD. NO:187 D URLA-İZMİR URLA-İZMİR,İZMİR,URLA,38.3265789,26.7491967,668,DERYA YAYLA SALI,4,2026-07-24,22,39506.0,2878392.31,Aktif,202 - YEM TOPTAN,cekirdek,erp,saha_gps,DERYA YAYLA,5458948990,34000,2025-12-29,0
100000176,ISMAIL YILMAZ,2947 SOK.NO:14/A KARABAĞLAR-İZMİR,İZMİR,KARABAĞLAR,38.3865299,27.134722,668,DERYA YAYLA SALI,5,2026-03-30,2,220.0,11800.57,Aktif,203 - ÇİFTLİK/BARINAK,cekirdek,nominatim_ilce,ilce_merkezi,DERYA YAYLA,5525692305,34000,2026-02-20,116
100000217,ALIRIZA DOGAN,NARLI MAH. İSMET İNÖNÜ CAD.NO:28A,İZMİR,NARLIDERE,38.3940392,27.005159,668,DERYA YAYLA SALI,6,,0,0.0,0.0,Aktif,201 - PETSHOP,cekirdek,nominatim_mahalle,mahalle_merkezi,DERYA YAYLA,5076362544,34000,,
100000235,YİĞİT GEDİZ PETSHOP,HIDIRLIK MAH İNÖNÜ CAD NO:14 C SEFERİHİSAR İZMİR SEFERİHİSAR İZMİR,İZMİR,SEFERİHİSAR,38.1927998,26.837777,668,DERYA YAYLA SALI,7,2026-07-24,11,6412.0,378860.86,Aktif,201 - PETSHOP,cekirdek,erp,saha_gps,DERYA YAYLA,5425708407,34000,2025-12-15,0
100000503,ÖZEREN AV VE HAFRİYAT KADİR ÖZEREN,CAMİKEBİR MAH. 52/4 SOK. NO.25 27/B,İZMİR,SEFERİHİSAR,38.1957797,26.8413853,668,DERYA YAYLA SALI,12,2026-02-10,1,1800.0,74403.87,Aktif,202 - YEM TOPTAN,cekirdek,erp,saha_gps,DERYA YAYLA,5324653260,34000,2026-02-10,164
100000512,MERT BELKIRAN MAMASU PETSHOP,HACI İSA MAH. B BARATAK BLV. ÖZEL URLA SAĞLKNO:86E,İZMİR,URLA,38.327172,26.766947,668,DERYA YAYLA SALI,13,2026-01-31,5,1706.0,146479.41,Aktif,201 - PETSHOP,cekirdek,erp,saha_gps,DERYA YAYLA,5078720019,34000,2025-12-18,174
100000568,PATİ PATİ PET NİDA ERDOĞMUŞ,CÜNEYTBEY MH. ARMUTLUK SK. NO:16-18 MENDERES,İZMİR,MENDERES,38.2560451,27.1324189,668,DERYA YAYLA SALI,14,2026-07-24,7,4756.0,246980.94,Aktif,201 - PETSHOP,cekirdek,erp,saha_gps,DERYA YAYLA,5336904943,34000,2026-01-12,0
100000632,MÖSYÖ PETSHOP BERKAY HABİB ZONTUR,YENİGÜN MAH. GAZİOSMANPAŞA BLV. NO:88/D ÇANKAYA,İZMİR,KONAK,38.4215847,27.1371868,668,DERYA YAYLA SALI,15,,0,0.0,0.0,Aktif,201 - PETSHOP,cekirdek,nominatim_mahalle,mahalle_merkezi,DERYA YAYLA,5364806987,34000,,
100000670,KERMİT PETSHOP SERKAN OMAY,İNÖNÜ CAD. NO:653/B1 ESENYALI,İZMİR,KARABAĞLAR,38.3865299,27.134722,668,DERYA YAYLA SALI,16,,0,0.0,0.0,Aktif,201 - PETSHOP,cekirdek,nominatim_ilce,ilce_merkezi,DERYA YAYLA,5323605475,34000,,
100000735,TURKUAZ PETSHOP FİSUN SEZEN,İNÖNÜ CD. NO:6/1A KONAK,İZMİR,KONAK,38.4187168,27.1282675,668,DERYA YAYLA SALI,17,,0,0.0,0.0,Aktif,201 - PETSHOP,cekirdek,nominatim_ilce,ilce_merkezi,DERYA YAYLA,5301411658,34000,,
100000746,PET CLUP FATMA KADIN SAYLAY,M.PAŞA CD. NO:1070/A KONAK,İZMİR,KONAK,38.4187168,27.1282675,668,DERYA YAYLA SALI,18,,0,0.0,0.0,Aktif,201 - PETSHOP,cekirdek,nominatim_ilce,ilce_merkezi,DERYA YAYLA,5010193600,34000,,
100000772,MİRA PETSHOP,YUNUS EMRE MAH. 4012SK. NO:167/1 KARABAĞLAR,İZMİR,KARABAĞLAR,38.3718423,27.1292243,668,DERYA YAYLA SALI,19,2026-05-19,2,242.0,28821.57,Aktif,201 - PETSHOP,cekirdek,erp,saha_gps,DERYA YAYLA,5555555555,34000,2026-03-23,66
100000848,PİSİ KUÇU PET SHOP,CAMİKEBİR MAH. 52/1 SOK. NO:9/B,İZMİR,SEFERİHİSAR,38.1958202,26.8395688,668,DERYA YAYLA SALI,22,2026-05-19,2,816.3,28028.04,Aktif,201 - PETSHOP,cekirdek,erp,saha_gps,DERYA YAYLA,5343064145,34000,2026-01-31,66
100000904,PET MARKET ÇEŞME URAL GÜLTEKİN,MUSALLA MAH. 2122SK. NO:77-A ÇEŞME,İZMİR,ÇEŞME,38.3223117,26.303482,668,DERYA YAYLA SALI,23,,0,0.0,0.0,Aktif,201 - PETSHOP,cekirdek,nominatim_mahalle,mahalle_merkezi,DERYA YAYLA,5312057373,34000,,
100000931,ALVİN PETSHOP MUSTAFA KARASU,MİTHATPAŞA CAD. NO:1081/C KONAK,İZMİR,KONAK,38.398734,27.0789334,668,DERYA YAYLA SALI,25,2026-03-09,1,88.0,16734.24,Aktif,201 - PETSHOP,cekirdek,erp,saha_gps,DERYA YAYLA,5322196777,34000,2026-03-09,137
100001093,PATİ BAHÇESİ PET SHOP /SELDA EROĞLUER,METİN OKTAY MAH 52/1 SK 143 B KARABAĞLAR İZMİR METİN OKTAY MAH 52/1 SK 143 B KARABAĞLAR İZMİR,İZMİR,KARABAĞLAR,38.3933602,27.086804,668,DERYA YAYLA SALI,33,2026-03-31,3,210.0,22014.28,Aktif,201 - PETSHOP,cekirdek,erp,saha_gps,DERYA YAYLA,5538121241,34000,2026-01-30,115
100001102,DEMİR MARKET / ERKAN DEMİR,YUNUS EMRE MAH 4188 SOK NO 9/A,İZMİR,KARABAĞLAR,38.3696959,27.1307875,668,DERYA YAYLA SALI,34,2026-02-20,2,84.0,6720.31,Aktif,205 - GELENEKSEL KANAL,cekirdek,erp,saha_gps,DERYA YAYLA,5407352121,34000,2026-01-21,154
100001139,KAAN PETSHOP / SUAT BAŞARAN,BENGİLER MAH MUSTAFA KEMAL PASA BLV. NO:7 -9E,İZMİR,SEFERİHİSAR,38.0791008,26.9568824,668,DERYA YAYLA SALI,36,2026-06-23,3,4055.0,246735.55,Aktif,201 - PETSHOP,cekirdek,erp,saha_gps,DERYA YAYLA,5327369016,,2026-02-28,31
100001152,NUR PETSHOP & NURSEN GÜNDÜZ,MURATREİS MAH 231 SOK NO 18 A KONAK,İZMİR,KONAK,38.4022226,27.1070174,668,DERYA YAYLA SALI,37,,0,0.0,0.0,Aktif,201 - PETSHOP,cekirdek,erp,saha_gps,DERYA YAYLA,5052703435,,,
100001163,ALO MAMACIM İSMET BATIKAN,ATİLLA MAH 474 SOK VARDARLI NO 23 B İÇ KAPI NO:B ATİLLA MAH 474 SOK VARDARLI NO 23 B İÇ KAPI NO:B,İZMİR,KONAK,38.4072633,27.1259491,668,DERYA YAYLA SALI,38,2026-03-26,1,70.0,5600.14,Aktif,201 - PETSHOP,cekirdek,nominatim_mahalle,mahalle_merkezi,DERYA YAYLA,5079021428,,2026-03-26,120
100000037,YIGIT COSKUN,ÇAMLIÇAY MAH. MAREŞEL FEVZİ ÇAKMAK BULV. NO:66 URLA İZMİR,İZMİR,URLA,38.3712715,26.8522131,670,DERYA YAYLA ÇARŞAMBA,1,,0,0.0,0.0,Aktif,201 - PETSHOP,cekirdek,nominatim_mahalle,mahalle_merkezi,DERYA YAYLA,5076536666,34000,,
100000074,PETİBÖR PETSHOP SERHAT SAYIM,GÜZEL YALI MAH.30 SK.VOLKAN APT.NO:7/A İÇ KAPI NO:A KONAK-İZMİR,İZMİR,KONAK,38.4187168,27.1282675,670,DERYA YAYLA ÇARŞAMBA,2,,0,0.0,0.0,Aktif,201 - PETSHOP,cekirdek,nominatim_ilce,ilce_merkezi,DERYA YAYLA,5368771110,34000,,
100000122,CEMAL ANIL TÜRKMEN,ATIFBEY MAH. PROF. DR. TÜRKAN SAYLAN CAD.NO:21 GAZİEMİR-İZMİR,İZMİR,GAZİEMİR,38.3215855,27.1293958,670,DERYA YAYLA ÇARŞAMBA,3,,0,0.0,0.0,Aktif,201 - PETSHOP,cekirdek,nominatim_mahalle,mahalle_merkezi,DERYA YAYLA,5532234266,34000,,
100000152,EMRE CAN BAYLAN,FEVZİ ÇAKMAK MAH. KIZILCIK SO. NO:3 B BALÇOVA-İZMİR,İZMİR,BALÇOVA,38.3865074,27.0556171,670,DERYA YAYLA ÇARŞAMBA,4,,0,0.0,0.0,Aktif,201 - PETSHOP,cekirdek,nominatim_mahalle,mahalle_merkezi,DERYA YAYLA,5523302683,34000,,
100000179,EVRIM AKDIL,ÇUKURALTI MH.MUSTAFA KEMAL PAŞA BLV. ÖZDERE-MENDERES-İZMİR,İZMİR,MENDERES,38.2551566,27.1381399,670,DERYA YAYLA ÇARŞAMBA,5,,0,0.0,0.0,Aktif,201 - PETSHOP,cekirdek,nominatim_ilce,ilce_merkezi,DERYA YAYLA,5465943637,34000,,
100000221,ABDURRAHMAN AYDIN,PİRİ REİS MAH İNÖNÜ CAD MEHTAP NO 232 F KONAK İZMİR,İZMİR,KONAK,38.404821,27.1149642,670,DERYA YAYLA ÇARŞAMBA,6,,0,0.0,0.0,Aktif,201 - PETSHOP,cekirdek,nominatim_mahalle,mahalle_merkezi,DERYA YAYLA,5523898935,34000,,
100000250,TÜRKAN GÜLTEKİN,GÜZELYALI MAH MİTHATPAŞA CAD NO:1037A KONAK İZMİR,İZMİR,KONAK,38.3961251,27.0857954,670,DERYA YAYLA ÇARŞAMBA,7,,0,0.0,0.0,Aktif,201 - PETSHOP,cekirdek,nominatim_mahalle,mahalle_merkezi,DERYA YAYLA,5323730348,34000,,
100000504,NÖBETÇİ BAKKAL,ULAŞMIŞ MAH. YEŞİLKENT 1452 SK 2/A SEFERİHİSAR,İZMİR,SEFERİHİSAR,38.2639317,26.8359933,670,DERYA YAYLA ÇARŞAMBA,12,2026-07-24,7,1440.0,71787.93,Aktif,201 - PETSHOP,cekirdek,erp,saha_gps,DERYA YAYLA,5372100757,34000,2025-12-15,0
100000608,MUTLU BAHÇELER PET GARDEN MESUT KÜLHAŞ,BADEMLER MH. ESKİCİ SK. NO:2 URLA,İZMİR,URLA,38.2926133,26.8507317,670,DERYA YAYLA ÇARŞAMBA,14,2026-07-14,11,3523.0,200063.09,Aktif,201 - PETSHOP,cekirdek,erp,saha_gps,DERYA YAYLA,5554879046,34000,2025-12-18,10
100000737,HUGO PETSHOP,MURAT REİS MAH. 137SK. NO:91/A KONAK,İZMİR,KONAK,38.4024386,27.1055751,670,DERYA YAYLA ÇARŞAMBA,17,2026-07-14,3,2016.0,143220.17,Aktif,201 - PETSHOP,cekirdek,erp,saha_gps,DERYA YAYLA,5555555555,34000,2025-12-29,10
100000747,UĞUR PETSHOP MESTAN OL,ALTINTAŞ MAH. 365SK. NO:2C KONAK,İZMİR,KONAK,38.4066274,27.1223376,670,DERYA YAYLA ÇARŞAMBA,18,,0,0.0,0.0,Aktif,201 - PETSHOP,cekirdek,erp,saha_gps,DERYA YAYLA,5427672414,34000,,
100000849,UYSAL PETSHOP FATİH UYSAL,KUŞADASI YOLU CD. NO:172A CUMHURİYET MH. SEFERİHİSAR,İZMİR,SEFERİHİSAR,38.0719732,26.9198295,670,DERYA YAYLA ÇARŞAMBA,22,2026-06-23,8,2979.0,225436.02,Aktif,201 - PETSHOP,cekirdek,erp,saha_gps,DERYA YAYLA,5306131190,34000,2026-01-09,31
100000905,DORUK PETSHOP GARDEN NİLGÜN KÖLEOĞLU,ETİLER CAD. NO:5 GAZİEMİR,İZMİR,GAZİEMİR,38.3236116,27.1357811,670,DERYA YAYLA ÇARŞAMBA,24,2026-04-18,9,4646.0,303197.84,Aktif,201 - PETSHOP,cekirdek,erp,saha_gps,DERYA YAYLA,5307623195,34000,2025-12-15,97
100000920,SARDES PETSHOP BAHTİYAR URHAN,KORUTÜRK MAH. RÜZGAR SK. NO:40/A BALÇOVA,İZMİR,BALÇOVA,38.3910693,27.0447873,670,DERYA YAYLA ÇARŞAMBA,25,2026-05-21,1,174.0,4845.46,Aktif,201 - PETSHOP,cekirdek,nominatim_mahalle,mahalle_merkezi,DERYA YAYLA,5076197102,34000,2026-05-21,64
100000932,MİA PET PETMARKET OĞUZHAN ÖZTOPKARA,GÖZTEPE MAH. MİTHATPAŞA CAD. YENİ NO:731 İÇ KAPI:1 KONAK,İZMİR,KONAK,38.3973139,27.0918506,670,DERYA YAYLA ÇARŞAMBA,26,,0,0.0,0.0,Aktif,201 - PETSHOP,cekirdek,nominatim_mahalle,mahalle_merkezi,DERYA YAYLA,5434010426,34000,,
100000962,MAMACI DEDE PET MALZEME TOPTAN VE PERAKENDE TİCARET A.Ş MACS PETSHOP,DOĞANAY MAH. SAİM ÇIRIKÇI CD. SEÇKİN NO:150 A KARABAĞLAR,İZMİR,KARABAĞLAR,38.3947857,27.1172394,670,DERYA YAYLA ÇARŞAMBA,27,2025-12-29,1,2010.0,107748.0,Aktif,201 - PETSHOP,cekirdek,nominatim_mahalle,mahalle_merkezi,DERYA YAYLA,5346540797,34000,2025-12-29,207
100001000,OBA PETSHOP SADETTİN BOSTAN,CENNETÇEŞME MAH. 3988SK. NO:46 KARABAĞLAR,İZMİR,KARABAĞLAR,38.3617744,27.0897135,670,DERYA YAYLA ÇARŞAMBA,30,2026-07-23,4,517.0,35364.97,Aktif,201 - PETSHOP,cekirdek,erp,saha_gps,DERYA YAYLA,5352930970,34000,2026-01-09,1
100001050,ONUR ERDEM ATASOY,KORUTÜRK MAH. PALMIYE SK. DIPÇEN NO: 9 B BALÇOVA/ IZMIR,İZMİR,BALÇOVA,38.393426,27.049395,670,DERYA YAYLA ÇARŞAMBA,33,2026-07-24,8,1379.0,84790.55,Aktif,201 - PETSHOP,cekirdek,erp,saha_gps,DERYA YAYLA,5324307892,34000,2025-12-15,0
100001097,YOO TOO MARKET / BESİ KOÇ,SEVGİ MAHALLESİ 663 SOKAK NO 6,İZMİR,GAZİEMİR,38.313715,27.1316567,670,DERYA YAYLA ÇARŞAMBA,35,2026-01-21,1,14.0,1120.07,Aktif,205 - GELENEKSEL KANAL,cekirdek,erp,saha_gps,DERYA YAYLA,5548705188,34000,2026-01-21,184
100001103,SADO PETSHOP / BÜŞRA YILDIZ,TRAKYA MAH.SELİMİYE CAD.NO:65 A KONAK / İZMİR,İZMİR,KONAK,38.4165068,27.1744205,670,DERYA YAYLA ÇARŞAMBA,36,2026-01-31,1,379.0,38647.47,Aktif,201 - PETSHOP,cekirdek,erp,saha_gps,DERYA YAYLA,5386361701,34000,2026-01-31,174
100001156,CANDAN PETSHOP / ORÇUN CANDAN,YALI MAH MİTHATPAŞA CAD NO 128 A,İZMİR,GÜZELBAHÇE,38.3778131,26.8897966,670,DERYA YAYLA ÇARŞAMBA,39,2026-03-16,1,114.0,9532.63,Aktif,201 - PETSHOP,cekirdek,erp,saha_gps,DERYA YAYLA,5548523207,,2026-03-16,130
100001185,KEMAL DUR KUKİ PETSHOP,KILIÇ REİS MAH ŞÜKRÜ SARAÇOĞLU CAD GÜLMEN NO:44A,İZMİR,KONAK,38.369263,27.13129,670,DERYA YAYLA ÇARŞAMBA,40,2026-06-10,3,165.0,35010.47,Aktif,201 - PETSHOP,cekirdek,erp,saha_gps,DERYA YAYLA,5549318097,,2026-04-28,44
100000030,ÖZYILDIZ INSAAT MALZEMELERI TUR.VE GIDASAN TIC.LTD.STI MERTİN PETSHOP,ATIF BEY MAH.KEMAL REİS CAD.NO:1 B İÇ KAPI NO:B GAZİEMİR-İZMİR,İZMİR,GAZİEMİR,38.3262756,27.1399665,670,DERYA YAYLA ÇARŞAMBA,43,2026-06-11,1,225.0,18250.44,Aktif,201 - PETSHOP,cekirdek,nominatim_ilce,ilce_merkezi,DERYA YAYLA,5533824135,34000,2026-06-11,43
100001164,ÖZKANMAZ MARKET,VATAN MAH MIZRAKLI CAD NO 112 A İÇ KAPI A,İZMİR,KONAK,38.4241143,27.1418644,670,DERYA YAYLA ÇARŞAMBA,44,,0,0.0,0.0,Aktif,204 - ULUSAL KANAL,cekirdek,nominatim_mahalle,mahalle_merkezi,DERYA YAYLA,5306113239,,,
100000045,ALFA PETSHOP MERYEM AYLA TANRIKULU,MİTHATPAŞA CAD. NO:71/A,İZMİR,BALÇOVA,38.394395,27.0550685,672,DERYA YAYLA PERŞEMBE,1,2026-01-30,2,4020.0,215496.0,Aktif,201 - PETSHOP,cekirdek,erp,saha_gps,DERYA YAYLA,5333368666,34000,2025-12-29,175
100000075,BURAK YAGIZ YILDIZ,ŞEHİT CEYSU CEYLAN SK.NO:76/A KONAK-İZMİR,İZMİR,KONAK,38.4187168,27.1282675,672,DERYA YAYLA PERŞEMBE,2,,0,0.0,0.0,Aktif,201 - PETSHOP,cekirdek,nominatim_ilce,ilce_merkezi,DERYA YAYLA,5079215132,34000,,
100000130,MUSTAFA ILEM,GÖZTEPE MAH.MİTHATPAŞA CAD. NO:980/1A KONAK-İZMİR,İZMİR,KONAK,38.3973139,27.0918506,672,DERYA YAYLA PERŞEMBE,3,,0,0.0,0.0,Aktif,201 - PETSHOP,cekirdek,nominatim_mahalle,mahalle_merkezi,DERYA YAYLA,5318174025,34000,,
100000156,SERKAN SÖKMEN,GÖKDERE CAD. NO:2/C YEŞİLYURT KARABAĞLAR-İZMİR,İZMİR,KARABAĞLAR,38.3865299,27.134722,672,DERYA YAYLA PERŞEMBE,4,,0,0.0,0.0,Aktif,201 - PETSHOP,cekirdek,nominatim_ilce,ilce_merkezi,DERYA YAYLA,5308262228,34000,,
100000200,CEMAL KÖSENÇİĞ PGP CONPET,HACI İSA MAH 75. YIL CUMHURİYET CAD NO:107 A URLA İZMİR,İZMİR,URLA,38.329172,26.766499,672,DERYA YAYLA PERŞEMBE,5,2026-03-27,1,28.0,2240.14,Aktif,201 - PETSHOP,cekirdek,erp,saha_gps,DERYA YAYLA,5552524058,34000,2026-03-27,119
100000222,GÖKSEL UÇAR,MALTEPE MAH 52 SOK NO:1 GÜZELBAHÇE İZMİR GÜZELBAHÇE İZMİR,İZMİR,GÜZELBAHÇE,38.38135,26.91276,672,DERYA YAYLA PERŞEMBE,6,2026-07-14,5,904.0,63391.63,Aktif,201 - PETSHOP,cekirdek,erp,saha_gps,DERYA YAYLA,5434420121,34000,2026-01-31,10
100000252,İBRAHİM CENGİZ,MİTHATPAŞA MAH KAVAKLI SOK NO:18D MENDERES İZMİR,İZMİR,MENDERES,38.2524145,27.137084,672,DERYA YAYLA PERŞEMBE,7,,0,0.0,0.0,Aktif,201 - PETSHOP,cekirdek,nominatim_mahalle,mahalle_merkezi,DERYA YAYLA,5384727411,34000,,
100000441,KEREM PETSHOP,FEVZİ ÇAKMAK MH. SAKARYA CD. 38A D6,İZMİR,BALÇOVA,38.3853485,27.0556101,672,DERYA YAYLA PERŞEMBE,11,2026-07-21,6,1651.0,105482.32,Aktif,201 - PETSHOP,cekirdek,erp,saha_gps,DERYA YAYLA,5374177810,34000,2026-01-30,3
100000505,MEGA LİMAN PET-DENİZ SHOP YİĞİT COŞKUN,ÇAMLIÇAY MAH. M.FEVZİ ÇAKMAK BLV NO:66,İZMİR,URLA,38.370791,26.8504562,672,DERYA YAYLA PERŞEMBE,12,2026-06-30,2,154.0,13999.63,Aktif,201 - PETSHOP,cekirdek,erp,saha_gps,DERYA YAYLA,5076536666,34000,2026-03-16,24
100000609,PINAR BOZA MUTLU PATİLER,BENGİLER MAH. ÜRKMEZ CD. NO:72A SEFERİHİSAR,İZMİR,SEFERİHİSAR,38.0778933,26.949384,672,DERYA YAYLA PERŞEMBE,14,,0,0.0,0.0,Aktif,201 - PETSHOP,cekirdek,erp,saha_gps,DERYA YAYLA,5063409387,34000,,
100000635,EFE PETSHOP MELİH ADAŞLAR,ÖNDER CAD. NO:22/1-C GAZİEMİR,İZMİR,GAZİEMİR,38.3220447,27.1282611,672,DERYA YAYLA PERŞEMBE,15,,0,0.0,0.0,Aktif,201 - PETSHOP,cekirdek,erp,saha_gps,DERYA YAYLA,5362026716,34000,,
100000741,MİRKET PET MARKET SENEM ARGUN,FAHRETTİN ALTAY MH. 65/17 SK NO:5/B,İZMİR,BALÇOVA,38.3953128,27.05787,672,DERYA YAYLA PERŞEMBE,16,2026-03-31,3,1423.0,136976.6,Aktif,201 - PETSHOP,cekirdek,nominatim_ilce,ilce_merkezi,DERYA YAYLA,5354639494,34000,2025-12-18,115
100000749,NİLÜFER ATEŞ PETFLORAM,MİTHATPAŞA CAD. ILICA MAH. NO:19/A,İZMİR,BALÇOVA,38.3953128,27.05787,672,DERYA YAYLA PERŞEMBE,17,,0,0.0,0.0,Aktif,201 - PETSHOP,cekirdek,nominatim_ilce,ilce_merkezi,DERYA YAYLA,5304355525,34000,,
100000851,TIRTIL PET SHOP EVCİL HAYVAN ÜRÜNLERİ DENİZ VE BAHÇE MLZ. TOPTAN VE PERAKENDE ALIM SATIMI,MİTATPAŞA CAD. NO:90D GÜZELBAHÇE,İZMİR,GÜZELBAHÇE,38.3781869,26.8923532,672,DERYA YAYLA PERŞEMBE,21,2026-04-17,5,603.0,36278.19,Aktif,201 - PETSHOP,cekirdek,erp,saha_gps,DERYA YAYLA,5325084313,34000,2026-01-09,98
100000875,SEV AL PETSHOP SERKAN SÖKMEN,GÖKDERE CAD. NO:2/C,İZMİR,KARABAĞLAR,38.3865299,27.134722,672,DERYA YAYLA PERŞEMBE,22,,0,0.0,0.0,Aktif,201 - PETSHOP,cekirdek,nominatim_ilce,ilce_merkezi,DERYA YAYLA,5308262228,34000,,
100000907,TUNA PET SHOP & STORE FUNDA YAVUZ,SIĞACIK MAH. 137SK. NO:6A SEFERİHİSAR,İZMİR,SEFERİHİSAR,38.1940993,26.7869909,672,DERYA YAYLA PERŞEMBE,23,2026-07-24,7,3102.0,119473.44,Aktif,201 - PETSHOP,cekirdek,erp,saha_gps,DERYA YAYLA,5309378024,34000,2025-12-15,0
100000925,EMPATİ35 PETSHOP NURHAN GÖZCÜ,ÇAMTEPE MAH. MİTHATPAŞA CAD. NO:177/C NARLIDERE,İZMİR,NARLIDERE,38.3938305,27.0155979,672,DERYA YAYLA PERŞEMBE,24,2026-07-08,7,1803.1,72927.58,Aktif,201 - PETSHOP,cekirdek,erp,saha_gps,DERYA YAYLA,5379172008,34000,2026-01-14,16
100000934,SEVİMLİ PET SHOP ŞEYDA IŞILDAKLI,MİTHATPAŞA CAD. NO:185/A,İZMİR,KONAK,38.3183455,27.1295043,672,DERYA YAYLA PERŞEMBE,25,,0,0.0,0.0,Aktif,201 - PETSHOP,cekirdek,erp,saha_gps,DERYA YAYLA,5352287978,34000,,
100000993,İZMİR KUŞ EVİ SEVGİ ÜNLÜER,ONUR MH. FULYA SK. NO:7 BALÇOVA,İZMİR,BALÇOVA,38.3890524,27.0584763,672,DERYA YAYLA PERŞEMBE,28,,0,0.0,0.0,Aktif,201 - PETSHOP,cekirdek,erp,saha_gps,DERYA YAYLA,5366452162,34000,,
100001098,SARNIÇ MARKET / Nezehat Pınar UYUSALAN,FATİH MAHALLESİ SANAYİ CAD NO 14-1C,İZMİR,GAZİEMİR,38.3030089,27.1655995,672,DERYA YAYLA PERŞEMBE,34,2026-03-30,2,74.0,5130.67,Aktif,205 - GELENEKSEL KANAL,cekirdek,erp,saha_gps,DERYA YAYLA,5352553542,34000,2026-01-21,116
100001107,ŞENER MARKET / ŞEHZAT ŞENER,BADEMLER MAH BADEMLER CAD NO 20 A,İZMİR,SEFERİHİSAR,38.2750864,26.8303476,672,DERYA YAYLA PERŞEMBE,35,2026-05-21,3,275.0,25783.09,Aktif,205 - GELENEKSEL KANAL,cekirdek,erp,saha_gps,DERYA YAYLA,0532644508,34000,2026-01-26,64
100001159,BALÇOVA PETSHOP / CEMALETTİN SÖNMEZ,ONUR MAH.DALYA SOK LEBLEBİCİ NO : 32 A İÇ KAPI 7,İZMİR,BALÇOVA,38.3911238,27.0557605,672,DERYA YAYLA PERŞEMBE,38,2026-03-25,1,70.0,5600.24,Aktif,201 - PETSHOP,cekirdek,erp,saha_gps,DERYA YAYLA,5068881616,,2026-03-25,121
100001202,CAN DOST PET SHOP / ZEYNEP DURSUN,KAZIM KARABEKİR MAH TÜRBE CAD ONURSAN NO 1 A İÇ KAPI NO A,İZMİR,KARABAĞLAR,38.36924,27.131274,672,DERYA YAYLA PERŞEMBE,39,2026-05-14,1,133.5,8138.31,Aktif,201 - PETSHOP,cekirdek,erp,saha_gps,DERYA YAYLA,5355599887,,2026-05-14,71
100001207,FIRIN MARKET / ŞEHRİBAN KURAN,bademler MAH.15000sok no 4,İZMİR,SEFERİHİSAR,38.275167,26.830419,672,DERYA YAYLA PERŞEMBE,40,2026-05-21,1,42.0,5459.56,Aktif,204 - ULUSAL KANAL,cekirdek,erp,saha_gps,DERYA YAYLA,5078585953,,2026-05-21,64
100001165,ATA TIRMALAMA PETSHOP / YUSUF ATAR,LEVENT MAH BARBAROS HAYRETTİN PAŞA CAD NUM 122/1A LEVENT MAH BARBAROS HAYRETTİN PAŞA CAD NUM 122/1A,İZMİR,KONAK,38.4133941,27.1660837,672,DERYA YAYLA PERŞEMBE,43,2026-05-21,2,845.0,63670.89,Aktif,202 - YEM TOPTAN,cekirdek,erp,saha_gps,DERYA YAYLA,5380808743,,2026-03-27,64
100000050,STC ENDÜSTRIYEL TIC. VE SAN. A.S,10010 SOKAK NO 8 ITOP O.S.B. 35477 TEKELI MENDERES/İZMİR/TÜRKİYE,İZMİR,MENDERES,38.2551566,27.1381399,674,DERYA YAYLA CUMA,1,,0,0.0,0.0,Aktif,201 - PETSHOP,cekirdek,nominatim_ilce,ilce_merkezi,DERYA YAYLA,5453584142,34000,,
100000076,S-PET PETSHOP ÜMIT FINDIK,DEMİRCİ EFE SOKAK NO:94/A BALÇOVA-İZMİR,İZMİR,BALÇOVA,38.3878501,27.0510091,674,DERYA YAYLA CUMA,2,2026-03-26,1,22.0,4011.83,Aktif,201 - PETSHOP,cekirdek,erp,saha_gps,DERYA YAYLA,5464161881,34000,2026-03-26,120
100000131,FIGEN YILMAZER ARES PETSHOP,KALABAK MAH. MUSTAFA KEMAL BLV. NO:183/A URLA-İZMİR URLA-İZMİR,İZMİR,URLA,38.354921,26.8099399,674,DERYA YAYLA CUMA,3,2026-07-14,5,3339.0,233152.35,Aktif,201 - PETSHOP,cekirdek,nominatim_mahalle,mahalle_merkezi,DERYA YAYLA,5557560615,34000,2026-01-21,10
100000164,NILÜFER ATES,MİTHATPAŞA VAD.ILICA MAH. NO:19/A NARLİDERE-İZMİR,İZMİR,NARLIDERE,38.3954414,27.0010982,674,DERYA YAYLA CUMA,4,,0,0.0,0.0,Aktif,201 - PETSHOP,cekirdek,nominatim_ilce,ilce_merkezi,DERYA YAYLA,5304355525,34000,,
100000203,SELALE PET SHOP FUAT DEDEOGLU,ATİLLA MAH EŞREFPAŞA CAD NO:316/B KONAK İZMİR,İZMİR,KONAK,38.4072633,27.1259491,674,DERYA YAYLA CUMA,5,,0,0.0,0.0,Aktif,201 - PETSHOP,cekirdek,nominatim_mahalle,mahalle_merkezi,DERYA YAYLA,5418338021,34000,,
100000225,CANAN TELLIOGLU,GÖZTEPE MAH İNÖNÜ CAD GÖKHAN NO 478 B KONAK İZMİR,İZMİR,KONAK,38.3973139,27.0918506,674,DERYA YAYLA CUMA,6,,0,0.0,0.0,Aktif,201 - PETSHOP,cekirdek,nominatim_mahalle,mahalle_merkezi,DERYA YAYLA,5534540110,34000,,
100000442,YEMCİ EROL,,İZMİR,BALÇOVA,38.3934883,27.023305,674,DERYA YAYLA CUMA,11,,0,0.0,0.0,Aktif,201 - PETSHOP,cekirdek,erp,saha_gps,DERYA YAYLA,5374177810,34000,,
100000506,LEON PET SHOP HİKMET TOLGA AYBAKAN,İSKELE MAH. MİTHATPAŞA CAD. NO:99/A URLA,İZMİR,URLA,38.3626529,26.7719463,674,DERYA YAYLA CUMA,12,2026-06-23,5,714.0,57385.58,Aktif,201 - PETSHOP,cekirdek,erp,saha_gps,DERYA YAYLA,5323939898,34000,2025-12-15,31
100000550,ŞAPŞİK PETSHOP HÜSEYİN YÖRÜK,KEMALPAŞA MH. ATATÜRK CD. NO:118-122A İÇ KAPI1,İZMİR,MENDERES,38.2605522,27.1303465,674,DERYA YAYLA CUMA,13,2026-06-23,3,513.0,40750.72,Aktif,201 - PETSHOP,cekirdek,erp,saha_gps,DERYA YAYLA,5467821513,34000,2026-02-03,31
100000742,ÜÇYOL PETSHOP,304 SK NO:58/A KONAK,İZMİR,KONAK,38.4187168,27.1282675,674,DERYA YAYLA CUMA,17,,0,0.0,0.0,Aktif,201 - PETSHOP,cekirdek,nominatim_ilce,ilce_merkezi,DERYA YAYLA,5555409339,34000,,
100000753,MAYA PETSHOP,EĞİTİM MAH. RAKIM ELKUTLU SK. NO:6-10B BALÇOVA,İZMİR,BALÇOVA,38.3945049,27.0591619,674,DERYA YAYLA CUMA,18,,0,0.0,0.0,Aktif,201 - PETSHOP,cekirdek,nominatim_mahalle,mahalle_merkezi,DERYA YAYLA,5331678987,34000,,
100000852,RAPUNZEL PET MARKET NURİYE BURÇE ORCAN,MERKEZ MH. CUMHURİYET CD. NO:10/1 KARABURUN,İZMİR,KARABURUN,38.6354423,26.5098027,674,DERYA YAYLA CUMA,22,,0,0.0,0.0,Aktif,201 - PETSHOP,cekirdek,nominatim_ilce,ilce_merkezi,DERYA YAYLA,5322265351,34000,,
100000886,ANIL PETSHOP HALİL ÜNAL,GÜNALTAY MAH. 5714/1 SK. NO:632,İZMİR,GAZİEMİR,38.3730138,27.1206637,674,DERYA YAYLA CUMA,23,2026-06-11,6,1577.4,110088.04,Aktif,201 - PETSHOP,cekirdek,erp,saha_gps,DERYA YAYLA,5544194874,34000,2026-02-20,43
100000910,ÇEŞME PET SHOP & PET KUAFÖR DENİZ DEMİRKIRAN,İSMET İNÖNÜ MAH. 2083SK. B BLOK NO:10-1-A ÇEŞME,İZMİR,ÇEŞME,38.3278572,26.3178787,674,DERYA YAYLA CUMA,24,2026-06-15,6,1319.0,79168.94,Aktif,201 - PETSHOP,cekirdek,erp,saha_gps,DERYA YAYLA,5435872529,34000,2025-12-18,39
100000927,NOKTA PATİ PETSHOP OKTAY SİYAMOĞLU,ALİ ÇETİNKAYA BULV. 71/C ALSANCAK,İZMİR,KONAK,38.4334194,27.1471059,674,DERYA YAYLA CUMA,25,2026-03-26,3,60.0,6654.0,Aktif,201 - PETSHOP,cekirdek,erp,saha_gps,DERYA YAYLA,2324224474,34000,2026-01-14,120
100001041,ESKİİZMİR PETSHOP 2,ESKİİZMİR CADDESİ NO:582/A UMUT MAH. KARABAĞLAR-İZMİR KARABAĞLAR-İZMİR,İZMİR,KARABAĞLAR,38.375189,27.1077204,674,DERYA YAYLA CUMA,31,2026-07-23,5,5172.0,559828.82,Aktif,201 - PETSHOP,cekirdek,erp,saha_gps,DERYA YAYLA,5074685049,34000,2026-01-31,1
100001099,MERCAN MARKET / YUSUF BERAT AKTAR,UĞUR MUMCU MAH 5714/1 SOK NO 145A,İZMİR,KARABAĞLAR,37.8526068,27.724799,674,DERYA YAYLA CUMA,34,2026-03-26,2,111.0,7678.54,Aktif,205 - GELENEKSEL KANAL,cekirdek,erp,saha_gps,DERYA YAYLA,5313099479,34000,2026-01-21,120
100001160,ORANGE PETSHOP / MERT ÇOLAKOĞLU,YALİ MAH MİTHATPAŞA CAD AKYELİ NO 142 A,İZMİR,GÜZELBAHÇE,38.3776791,26.8885633,674,DERYA YAYLA CUMA,38,2026-07-14,6,475.0,41782.59,Aktif,201 - PETSHOP,cekirdek,erp,saha_gps,DERYA YAYLA,5077940620,,2026-03-27,10
100001184,EGE AKDENİZ GIDA TARIM HAYV. İNŞ. TURZ,CÜNEYTBEY MAH İBRAHİM TURAN CD NO 136 A,İZMİR,MENDERES,38.369267,27.13129,674,DERYA YAYLA CUMA,39,2026-05-04,1,150.0,7626.28,Aktif,202 - YEM TOPTAN,cekirdek,erp,saha_gps,DERYA YAYLA,5376692510,,2026-05-04,81
100001183,LEO PETSHOP / FATİH ENES AKÇAY,KEMALPAŞA MAH 119 SK NO 31 A MENDERES KEMALPAŞA MAH 119 SK NO 31 A MENDERES,İZMİR,MENDERES,38.369268,27.131352,674,DERYA YAYLA CUMA,40,2026-07-14,2,375.0,25636.14,Aktif,201 - PETSHOP,cekirdek,erp,saha_gps,DERYA YAYLA,5402300724,,2026-04-29,10
100001203,EGE MARKET / SEVİL AYDEMİR,HIDIRLIK MAH 2165 SK NO 19 AKARCA SEFERİHİSAR HIDIRLIK MAH 2165 SK NO 19 AKARCA SEFERİHİSAR,İZMİR,SEFERİHİSAR,38.63587,26.509779,674,DERYA YAYLA CUMA,41,2026-05-18,1,87.0,9636.64,Aktif,205 - GELENEKSEL KANAL,cekirdek,erp,saha_gps,DERYA YAYLA,5330266288,,2026-05-18,67
100001204,YENİSU SAHİL MARKET / ŞAFAK AKHARMAN,Akarca MAH 1529 SK no 20 Akarca MAH 1529 SK no 20,İZMİR,SEFERİHİSAR,38.607508,26.532557,674,DERYA YAYLA CUMA,42,2026-05-19,1,116.0,12409.6,Aktif,204 - ULUSAL KANAL,cekirdek,erp,saha_gps,DERYA YAYLA,5426262588,,2026-05-19,66
100001217,MİRZA MARKET,emrez MAH 196 sok no 15/1 emrez MAH 196 sok no 15/1,İZMİR,GAZİEMİR,38.016129,27.102476,674,DERYA YAYLA CUMA,44,2026-06-30,1,42.0,4367.65,Aktif,204 - ULUSAL KANAL,cekirdek,erp,saha_gps,DERYA YAYLA,5055341672,,2026-06-30,24
100001170,EROGLUER GİDA DAGİTİM,456 sok no 118,İZMİR,KONAK,38.4187168,27.1282675,674,DERYA YAYLA CUMA,45,2026-04-15,3,258.0,22197.73,Aktif,204 - ULUSAL KANAL,cekirdek,nominatim_ilce,ilce_merkezi,DERYA YAYLA,5533814661,,2026-04-14,100
100000053,KARYA VETERINERLIK POLIKLINIK LTD.STI,ATIFBEY MAH. ABDULHAMIT YAVUZ CAD. NO:31/A GAZİEMİR/İZMİR,İZMİR,GAZİEMİR,38.3215855,27.1293958,675,DERYA YAYLA CUMARTESİ,1,,0,0.0,0.0,Aktif,200 - VETERİNER,cekirdek,nominatim_mahalle,mahalle_merkezi,DERYA YAYLA,5305286039,34000,,
100000077,AYHAN BARLIK,M.FEVZİ ÇAKMAK MAH. 4109 SOK. NO:3/F URLA-İZMİR,İZMİR,URLA,38.3688091,26.8344874,675,DERYA YAYLA CUMARTESİ,2,,0,0.0,0.0,Aktif,201 - PETSHOP,cekirdek,nominatim_mahalle,mahalle_merkezi,DERYA YAYLA,5315884033,34000,,
100000140,A+ PET ÜRÜNLERİ ARZU AZMAK,ÖZDERE ÇUKURALTI MAHALLESİ M. KEMAL PAŞA BLV. NO:32 B,İZMİR,MENDERES,38.0162796,27.102368,675,DERYA YAYLA CUMARTESİ,3,2026-07-14,9,5190.0,295711.5,Aktif,201 - PETSHOP,cekirdek,erp,saha_gps,DERYA YAYLA,5465943637,34000,2026-02-03,10
100000168,YELDA DÖNMEZ,ABDÜLHAMİT YAVUZ CADDESİ NO:37/A GAZİEMİR-İZMİR GAZİEMİR-İZMİR,İZMİR,GAZİEMİR,38.3184683,27.1292454,675,DERYA YAYLA CUMARTESİ,4,2026-05-05,1,177.0,13538.04,Aktif,201 - PETSHOP,cekirdek,erp,saha_gps,DERYA YAYLA,5309133404,34000,2026-05-05,80
100000206,ATILLA SIVIRAN-SIVIRAN TICARET,GAZİLER C 1250 SOK NO:94 KEMERALTI İZMİR,İZMİR,GAZİEMİR,38.3262756,27.1399665,675,DERYA YAYLA CUMARTESİ,5,,0,0.0,0.0,Aktif,201 - PETSHOP,cekirdek,nominatim_ilce,ilce_merkezi,DERYA YAYLA,5324248413,34000,,
100000228,GAMZE GENCELLI,ALTINTAŞ MAH AHMET BESİM UYAL CAD NO:123 URLA İZMİR URLA İZMİR,İZMİR,URLA,38.3182518,26.7580514,675,DERYA YAYLA CUMARTESİ,6,2026-06-15,7,3780.0,172575.13,Aktif,201 - PETSHOP,cekirdek,erp,saha_gps,DERYA YAYLA,5334757135,34000,2025-12-15,39
100000507,ANKA PET SHOP,75. YIL CUMHURİYET CD. NO:104/B URLA İZMİR,İZMİR,URLA,38.3228184,26.7672998,675,DERYA YAYLA CUMARTESİ,11,,0,0.0,0.0,Aktif,201 - PETSHOP,cekirdek,nominatim_ilce,ilce_merkezi,DERYA YAYLA,5558244741,34000,,
100000556,BEDİR KUŞCENNETİ BİLGEN BEDİR,REİS MAH. ULU ÖNDER CAD. NO:42/A YEŞİLYUR,İZMİR,KARABAĞLAR,38.3949499,27.1142629,675,DERYA YAYLA CUMARTESİ,12,,0,0.0,0.0,Aktif,201 - PETSHOP,cekirdek,nominatim_mahalle,mahalle_merkezi,DERYA YAYLA,2322551509,34000,,
100000612,BEDİRHAN SİVRİKAYA VİZYON İLETİŞİM,GAZİ MH. 16 SK. NO:7D İÇ KAPI 1 GAZİEMİR,İZMİR,GAZİEMİR,38.3200581,27.1275797,675,DERYA YAYLA CUMARTESİ,13,2026-02-28,3,4040.0,234461.14,Aktif,201 - PETSHOP,cekirdek,erp,saha_gps,DERYA YAYLA,5364530808,34000,2025-12-29,146
100000701,MELİH ÖZER LUCKY PETSHOP,ALİ FUAT CEBESOY MAH. 9125 6SK. NO:75A KARABAĞLAR,İZMİR,KARABAĞLAR,38.3792267,27.1083099,675,DERYA YAYLA CUMARTESİ,15,,0,0.0,0.0,Aktif,201 - PETSHOP,cekirdek,nominatim_mahalle,mahalle_merkezi,DERYA YAYLA,5525622843,34000,,
100000743,CİGSS PETSHOP,KEMAL REİS MAH. MİTHATPAŞA CAD. BİRLİK NO:435/C KONAK,İZMİR,KONAK,38.4068653,27.1142131,675,DERYA YAYLA CUMARTESİ,16,,0,0.0,0.0,Aktif,201 - PETSHOP,cekirdek,nominatim_mahalle,mahalle_merkezi,DERYA YAYLA,5056324691,34000,,
100000769,AHMET IŞIK AHŞAP AMBALAJ İNŞAAT SANAYİ VE TİCARET LİMİTED ŞİRKETİ SÜPER PETSHOP,ÇALIKUŞU MAH 3209SK. NO:48 KARABAĞLAR,İZMİR,KARABAĞLAR,38.396625,27.1305045,675,DERYA YAYLA CUMARTESİ,17,2026-07-24,4,553.44,51136.11,Aktif,201 - PETSHOP,cekirdek,erp,saha_gps,DERYA YAYLA,5323300234,34000,2026-02-20,0
100000854,KENAN ATAK ATAK PETSHOP,ZEYTİNALANI 4143SK. NO:8,İZMİR,URLA,38.367472,26.8388416,675,DERYA YAYLA CUMARTESİ,21,2026-06-30,5,1294.0,140938.56,Aktif,201 - PETSHOP,cekirdek,erp,saha_gps,DERYA YAYLA,5334946986,34000,2025-12-15,24
100000889,DOĞA PETSHOP ENGİN DOĞAN,YÜZBAŞI ŞERAFETTİN MAH. 3900/4 SK NO:155 KARABAĞLAR / İZMİR,İZMİR,KARABAĞLAR,38.3664734,27.0961546,675,DERYA YAYLA CUMARTESİ,22,2026-02-20,3,591.0,29994.18,Aktif,201 - PETSHOP,cekirdek,nominatim_mahalle,mahalle_merkezi,DERYA YAYLA,5418672178,34000,2025-12-29,154
100000911,PET ALA PETSHOP ERDAL AKTAŞ,ILICA MAH. 5065SK. NO:1-A/2 ÇEŞME,İZMİR,ÇEŞME,38.3083827,26.3607464,675,DERYA YAYLA CUMARTESİ,23,,0,0.0,0.0,Aktif,201 - PETSHOP,cekirdek,nominatim_mahalle,mahalle_merkezi,DERYA YAYLA,5433282866,34000,,
100000967,SAKIZ PETSHOP FÜSUN ÇAMCI,BAHÇELİEVLER MAH. 506SK. NO:12 A KARABAĞLAR,İZMİR,KARABAĞLAR,38.4029765,27.1202075,675,DERYA YAYLA CUMARTESİ,26,2026-06-23,3,304.0,24473.0,Aktif,201 - PETSHOP,cekirdek,erp,saha_gps,DERYA YAYLA,5010319936,34000,2026-01-23,31
100000977,GÖKAY NACİ KALYONCU,EMİR SULTAN MAH. 2208 SK. NO: 74 C KONAK/ İZMİR,İZMİR,KONAK,38.4204773,27.167418,675,DERYA YAYLA CUMARTESİ,27,2025-12-26,1,337.0,21110.93,Aktif,201 - PETSHOP,cekirdek,erp,saha_gps,DERYA YAYLA,5325717526,34000,2025-12-26,210
100001100,YOK YOK AVM / CİHAN ÖZEĞDEMİR,ATA MAH YAZAR NAMIK KEMAL CD NO 3/1,İZMİR,MENDERES,38.2891336,27.130162,675,DERYA YAYLA CUMARTESİ,34,2026-04-06,2,101.0,2720.02,Aktif,205 - GELENEKSEL KANAL,cekirdek,erp,saha_gps,DERYA YAYLA,5078578428,34000,2026-01-21,109
100001150,PARK PETSHOP,SELVİLİ MAH 4019 SOKAK SİİRT NO 53-E,İZMİR,KARABAĞLAR,38.3794583,27.1289102,675,DERYA YAYLA CUMARTESİ,37,2026-05-08,2,210.0,10924.67,Aktif,201 - PETSHOP,cekirdek,erp,saha_gps,DERYA YAYLA,5520110383,,2026-03-16,77
100001161,SEÇ PET MARKET / SELİM BECERİKLİ,ATIFBEY MAH AKADLAR CAD NO 16 ATIFBEY MAH AKADLAR CAD NO 16,İZMİR,GAZİEMİR,38.3215855,27.1293958,675,DERYA YAYLA CUMARTESİ,38,,0,0.0,0.0,Aktif,201 - PETSHOP,cekirdek,nominatim_mahalle,mahalle_merkezi,DERYA YAYLA,5527551335,,,
100000035,SANAT-I AKVARYUM EVCİL HAYVANLAR TURİZ. GIDA. İTH. VE İHRACAT SAN. TİC. LTD. ŞTİ,KAZIM DİRİK MH. 154SK. NO:48/A BORNOVA - İZMİR,İZMİR,BORNOVA,38.4402075,27.2289715,689,ÖMER AYDIN PAZARTESİ,1,,0,0.0,0.0,Aktif,201 - PETSHOP,cekirdek,erp,saha_gps,ÖMER AYDIN,5555555555,34000,,
100000048,KAÇMAZ IÇ VE DIS TICARET A.S,Sütçüler Mah. Işılay Saygın Sok. No:13/1 Kemalpaşa İzmir,İZMİR,KEMALPAŞA,38.4554775,27.4531891,689,ÖMER AYDIN PAZARTESİ,2,,0,0.0,0.0,Aktif,202 - YEM TOPTAN,cekirdek,erp,saha_gps,ÖMER AYDIN,5388751168,34000,,
100000078,IBRAHIM KAHVECI,BİRİLİK MAH. 4187 SK. NO:6/A BORNOVA-İZMİR,İZMİR,BORNOVA,38.4259809,27.2025789,689,ÖMER AYDIN PAZARTESİ,3,,0,0.0,0.0,Aktif,201 - PETSHOP,cekirdek,erp,saha_gps,ÖMER AYDIN,5363111844,34000,,
100000151,AHMET ERKÖK,KAZIM DİRİK CAD. NO:13 ARMUTLU-İZMİR,İZMİR,KEMALPAŞA,38.4037166,27.5320682,689,ÖMER AYDIN PAZARTESİ,4,,0,0.0,0.0,Aktif,202 - YEM TOPTAN,cekirdek,erp,saha_gps,ÖMER AYDIN,5327818339,34000,,
100000190,ATABERK ORÇUN TURAN,K.DİRLİK MAH 232 SOK ERSOY 10 APT NO:16/D BORNOVA/İZMİR,İZMİR,BORNOVA,38.4661896,27.2191942,689,ÖMER AYDIN PAZARTESİ,5,,0,0.0,0.0,Aktif,201 - PETSHOP,cekirdek,nominatim_ilce,ilce_merkezi,ÖMER AYDIN,5064112335,34000,,
100000219,EMRE COSAR,SEKİZ EYLÜL MAH 136 SOK NO:8A KEMALPAŞA İZMİR,İZMİR,KEMALPAŞA,38.4324466,27.4095581,689,ÖMER AYDIN PAZARTESİ,6,,0,0.0,0.0,Aktif,201 - PETSHOP,cekirdek,nominatim_mahalle,mahalle_merkezi,ÖMER AYDIN,5313309486,34000,,
100000244,İHSAN BASUT,75 YIL CUMHURİYET MEYDANI NO:14 KEMALPAŞA İZMİR,İZMİR,KEMALPAŞA,38.4694649,27.4002143,689,ÖMER AYDIN PAZARTESİ,7,,0,0.0,0.0,Aktif,201 - PETSHOP,cekirdek,nominatim_ilce,ilce_merkezi,ÖMER AYDIN,5332687099,34000,,
100000515,MİRA PETSHOP HATİCE ÖZDEMİR,ERGENE MAH. YÜZBAŞI İBRAHİM HAKKI CAD. NO:35/A,İZMİR,BORNOVA,38.4701439,27.2211408,689,ÖMER AYDIN PAZARTESİ,18,,0,0.0,0.0,Aktif,201 - PETSHOP,cekirdek,erp,saha_gps,ÖMER AYDIN,5521513505,34000,,
100000526,BOTANİK AKVARYUM HASAN EKİCİ,4032 SK NO:5/B YEŞİLOVA İZMİR,İZMİR,BORNOVA,38.4407541,27.2012867,689,ÖMER AYDIN PAZARTESİ,19,,0,0.0,0.0,Aktif,201 - PETSHOP,cekirdek,erp,saha_gps,ÖMER AYDIN,5393485758,34000,,
100000602,PATİMOM'S PET SHOP AYŞE TÜTÜNCÜ,GAZİ OSMAN PAŞA MAH. KAMİL TUNCA CAD. NO:153B,İZMİR,BORNOVA,38.4320286,27.192303,689,ÖMER AYDIN PAZARTESİ,20,,0,0.0,0.0,Aktif,201 - PETSHOP,cekirdek,erp,saha_gps,ÖMER AYDIN,5521567812,34000,,
100000840,WAHW PETSHOP ARİF ÇALIŞKAN,KARACAOĞLAN MAH. 6213SK. NO:30A,İZMİR,BORNOVA,38.4439144,27.2057231,689,ÖMER AYDIN PAZARTESİ,24,2026-07-08,15,2877.0,189335.54,Aktif,201 - PETSHOP,cekirdek,erp,saha_gps,ÖMER AYDIN,5072555360,34000,2025-12-15,16
100001200,BADO PET EVCİL HAYVAN YEM,EĞRİDERE MH. ÇINAR SK. NO:16,İZMİR,BORNOVA,38.463847,27.163926,689,ÖMER AYDIN PAZARTESİ,35,,0,0.0,0.0,Aktif,202 - YEM TOPTAN,cekirdek,erp,saha_gps,ÖMER AYDIN,5325513553,,,
100001218,HAQITO AKVARYUM PET ÜRÜNLERİ,OSMANGAZİ MH. YAVUZ CD. NO:261-E,İZMİR,BAYRAKLI,38.474556,27.186265,689,ÖMER AYDIN PAZARTESİ,36,2026-07-08,1,60.0,11976.23,Aktif,201 - PETSHOP,cekirdek,erp,saha_gps,ÖMER AYDIN,5335611422,,2026-07-08,16
100000038,ASLAN ÇOSAN,Y.İBRAHİM HAKKI CAD.NO:159 BORNOVA İZMİR,İZMİR,BORNOVA,38.4661896,27.2191942,690,ÖMER AYDIN SALI,1,,0,0.0,0.0,Aktif,201 - PETSHOP,cekirdek,nominatim_ilce,ilce_merkezi,ÖMER AYDIN,5061753190,34000,,
100000049,NECATI ERKANLI,KAZIM DİRİK MAH.207 SOKNO:5/E BORNOVA İZMİR,İZMİR,BORNOVA,38.4632216,27.2038171,690,ÖMER AYDIN SALI,2,,0,0.0,0.0,Aktif,201 - PETSHOP,cekirdek,erp,saha_gps,ÖMER AYDIN,5322009209,34000,,
100000110,DAMLA KOCABAS,GÜRPINAR MAH.7055 SK.PINAR APT. NO:84 BORNOVA-İZMİR,İZMİR,BORNOVA,38.4271103,27.2662498,690,ÖMER AYDIN SALI,3,,0,0.0,0.0,Aktif,201 - PETSHOP,cekirdek,nominatim_mahalle,mahalle_merkezi,ÖMER AYDIN,5444882247,34000,,
100000159,HUZUR SOLMAZ,8 EYLÜL MAH. KEMALPAŞA STADI CAD. NO:45/A KEMALPAŞA-İZMİR,İZMİR,KEMALPAŞA,38.4324466,27.4095581,690,ÖMER AYDIN SALI,4,,0,0.0,0.0,Aktif,201 - PETSHOP,cekirdek,nominatim_mahalle,mahalle_merkezi,ÖMER AYDIN,5071430717,34000,,
100000191,FUNDA SERBETÇIOGLU,1762 SOK NO:1 K:7 D:81 BORNOVA İZMİR,İZMİR,BORNOVA,38.4661896,27.2191942,690,ÖMER AYDIN SALI,5,,0,0.0,0.0,Aktif,201 - PETSHOP,cekirdek,nominatim_ilce,ilce_merkezi,ÖMER AYDIN,5535552586,34000,,
100000227,FATMA CEYLAN HOROZ,KAZIMDİRİK MAH 213 SOK NO:1 BORNOVA İZMİR,İZMİR,BORNOVA,38.4594994,27.2111158,690,ÖMER AYDIN SALI,6,,0,0.0,0.0,Aktif,201 - PETSHOP,cekirdek,nominatim_mahalle,mahalle_merkezi,ÖMER AYDIN,5522049381,34000,,
100000245,SERPİL KARATAŞ,DOĞANLAR MAH 1580 SOK NO:28B BORNOVA İZMİR,İZMİR,BORNOVA,38.9190335,27.8186237,690,ÖMER AYDIN SALI,7,,0,0.0,0.0,Aktif,201 - PETSHOP,cekirdek,erp,saha_gps,ÖMER AYDIN,5539476760,34000,,
100000517,EKVATOR AKVARYUM HÜSEYİN ÖZKAN SOLAK,ÇAMDİBİ ZİYAPAŞA CAD. NO:61/A BORNOVA,İZMİR,BORNOVA,38.4661896,27.2191942,690,ÖMER AYDIN SALI,18,,0,0.0,0.0,Aktif,201 - PETSHOP,cekirdek,nominatim_ilce,ilce_merkezi,ÖMER AYDIN,5547166534,34000,,
100000527,DOĞUŞ PETSHOP FATİH İÇİNAK,5119sk. no:44 / a ÇAMDİBİ İZMİR,İZMİR,BORNOVA,38.4393524,27.1857272,690,ÖMER AYDIN SALI,19,,0,0.0,0.0,Aktif,201 - PETSHOP,cekirdek,erp,saha_gps,ÖMER AYDIN,5412524435,34000,,
100000842,MERCAN PETSHOP MUSTAFA MERCAN,Erzene mh 10 SK no 6 c,İZMİR,BORNOVA,38.4669912,27.2220972,690,ÖMER AYDIN SALI,24,2026-06-11,1,60.0,4787.01,Aktif,201 - PETSHOP,cekirdek,erp,saha_gps,ÖMER AYDIN,5324666728,34000,2026-06-11,43
100000898,GÜL PETSHOP EMRE GÜL,ULUCAK MUSTAFA KEMAL ATATÜRK MAH. ŞEHİT MUSTAFA AKMANSOY CD. NO:42 A KEMALPAŞA,İZMİR,KEMALPAŞA,38.4707823,27.3467149,690,ÖMER AYDIN SALI,28,,0,0.0,0.0,Aktif,201 - PETSHOP,cekirdek,nominatim_mahalle,mahalle_merkezi,ÖMER AYDIN,5071082156,34000,,
100001017,UZ KİMYA,129/26 NO:8 4. SANAYİ SİTESİ,İZMİR,BORNOVA,38.4661896,27.2191942,690,ÖMER AYDIN SALI,31,,0,0.0,0.0,Aktif,201 - PETSHOP,cekirdek,nominatim_ilce,ilce_merkezi,ÖMER AYDIN,5335914596,34000,,
100001110,CANDOSTLAR PETSHOP / SEVİL AYDIN,BARBAROS MAH. 5329 SOKAK NO:25/B,İZMİR,BORNOVA,38.437101,27.1943742,690,ÖMER AYDIN SALI,32,2026-07-11,6,2231.0,104380.83,Aktif,202 - YEM TOPTAN,cekirdek,erp,saha_gps,ÖMER AYDIN,5356153962,34000,2026-01-31,13
100001201,YEŞİLOVA VETERİNER KLİNİĞİ / CEM GÖKALP,YEŞİLOVA MH. 4156SK. NO:63/A,İZMİR,BORNOVA,38.432294,27.203244,690,ÖMER AYDIN SALI,34,2026-05-13,1,435.0,12113.64,Aktif,200 - VETERİNER,cekirdek,erp,saha_gps,ÖMER AYDIN,2324354241,,2026-05-13,72
100001143,BY BORA STORE / BORA BAYYURT,75.YIL CUMHURİYET MH. ERDAL İNÖNÜ CD. NO:21/B,İZMİR,KEMALPAŞA,38.4099739,27.5870187,690,ÖMER AYDIN SALI,35,2026-03-31,1,2088.0,38398.78,Aktif,206 - E-TİCARET,cekirdek,erp,saha_gps,ÖMER AYDIN,5323902470,,2026-03-31,115
100000039,IZZET ARSLAN,CENGİZHAN CAD.NO:39/B EVKA-3 BORNOVA İZMİR,İZMİR,BORNOVA,38.4647578,27.2459673,691,ÖMER AYDIN ÇARŞAMBA,1,,0,0.0,0.0,Aktif,201 - PETSHOP,cekirdek,erp,saha_gps,ÖMER AYDIN,5333346224,34000,,
100000056,ORHAN VESEK,129 SK. NO: 6/A,İZMİR,KEMALPAŞA,38.4694649,27.4002143,691,ÖMER AYDIN ÇARŞAMBA,2,,0,0.0,0.0,Aktif,202 - YEM TOPTAN,cekirdek,nominatim_ilce,ilce_merkezi,ÖMER AYDIN,5335751523,34000,,
100000121,MERYEM SAGUT,TÜRKCEDİT MAH.TURAN GÜNEŞ CD. NO:6 KINIK-İZMİR,İZMİR,KINIK,39.0855101,27.3876819,691,ÖMER AYDIN ÇARŞAMBA,3,,0,0.0,0.0,Aktif,201 - PETSHOP,cekirdek,nominatim_mahalle,mahalle_merkezi,ÖMER AYDIN,5333773416,34000,,
100000160,ÖZGE SARI,8 EYLÜL MAH. STADYUM CAD. NO:31/A KEMALPAŞA-İZMİR,İZMİR,KEMALPAŞA,38.4324466,27.4095581,691,ÖMER AYDIN ÇARŞAMBA,4,,0,0.0,0.0,Aktif,202 - YEM TOPTAN,cekirdek,nominatim_mahalle,mahalle_merkezi,ÖMER AYDIN,5054508239,34000,,
100000198,PABLO PETSHOP OGUZHAN TEK,YEŞİLOVA MAH 4049 SOK NO:12/A BORNOVA İZMİR BORNOVA İZMİR,İZMİR,BORNOVA,38.4319103,27.2075844,691,ÖMER AYDIN ÇARŞAMBA,5,2026-06-16,13,2072.0,153041.03,Aktif,201 - PETSHOP,cekirdek,erp,saha_gps,ÖMER AYDIN,5074440565,34000,2026-01-12,38
100000233,METİN ORMAN,,İZMİR,BORNOVA,38.4661896,27.2191942,691,ÖMER AYDIN ÇARŞAMBA,6,,0,0.0,0.0,Aktif,201 - PETSHOP,cekirdek,nominatim_ilce,ilce_merkezi,ÖMER AYDIN,5555555555,34000,,
100000246,TURGUT YEM HAYVANCILIK NAKLİYE SANAYİ VE TİCARET LİMİTED ŞİRKETİ,Kamil Tunca Cad. No:256/A koşukavak mah BORNOVA İZMİR,İZMİR,BORNOVA,38.4297347,27.2014286,691,ÖMER AYDIN ÇARŞAMBA,7,2026-06-16,1,5760.0,386461.15,Aktif,202 - YEM TOPTAN,cekirdek,erp,saha_gps,ÖMER AYDIN,5345676314,34000,2026-06-16,38
100000495,LİNA PET SHOP,İNÖNÜ MAH. ŞEHİT MUSTAFA CAD. NO:45-B BORNOVA İZMR,İZMİR,BORNOVA,38.4801951,27.2140681,691,ÖMER AYDIN ÇARŞAMBA,17,2026-07-20,7,1087.0,60294.97,Aktif,201 - PETSHOP,cekirdek,erp,saha_gps,ÖMER AYDIN,5073749196,34000,2026-01-22,4
100000518,KUŞ DÜNYASI,KOŞUKAVAK MAH. ZİYA PAŞA CAD.NO:15/A BORNOVA,İZMİR,BORNOVA,38.4298011,27.1986111,691,ÖMER AYDIN ÇARŞAMBA,18,,0,0.0,0.0,Aktif,201 - PETSHOP,cekirdek,nominatim_mahalle,mahalle_merkezi,ÖMER AYDIN,5324893988,34000,,
100000528,HASRET AKVARYUM MÜNEVVER ÖZGÜN,5227SK. NO:25 BORNOVA İZMİR,İZMİR,BORNOVA,38.4661896,27.2191942,691,ÖMER AYDIN ÇARŞAMBA,19,,0,0.0,0.0,Aktif,201 - PETSHOP,cekirdek,nominatim_ilce,ilce_merkezi,ÖMER AYDIN,5359458804,34000,,
100000724,SANAT-I AKVARYUM EVCİL HAYVANLAR TURİZ. GIDA. İTH. VE İHRACAT SAN. TİC. LTD. ŞTİ,KAZIM DİRİK MH. 154SK. NO:48/A BORNOVA - İZMİR,İZMİR,BORNOVA,38.4661896,27.2191942,691,ÖMER AYDIN ÇARŞAMBA,22,,0,0.0,0.0,Aktif,201 - PETSHOP,cekirdek,nominatim_ilce,ilce_merkezi,ÖMER AYDIN,5555555555,34000,,
100000783,KAREN PETSHOP ENİS SEZEN,BURAK REİS CAD. NO:178/A ÇAMDİBİ,İZMİR,BORNOVA,38.439034,27.1953595,691,ÖMER AYDIN ÇARŞAMBA,23,2026-02-10,3,709.0,44263.55,Aktif,201 - PETSHOP,cekirdek,erp,saha_gps,ÖMER AYDIN,5538840498,34000,2026-01-22,164
100000845,ANİMALL PETSHOP ERDOĞAN DİNDAR,ULUCAK MUSTAFA KEMAL ATATÜRK MAHALLESİ CELAL BAYAR BULVARI NO88/A,İZMİR,KEMALPAŞA,38.4707823,27.3467149,691,ÖMER AYDIN ÇARŞAMBA,24,,0,0.0,0.0,Aktif,201 - PETSHOP,cekirdek,nominatim_mahalle,mahalle_merkezi,ÖMER AYDIN,5389157772,34000,,
100000888,MELTEM ÖZDEMİR TWEETY PETSHOP & YEM MARKET ALTINDAĞ,SERİNTEPE MAH. 4310 SK. NO:23 BORNOVA,İZMİR,BORNOVA,38.4228731,27.1952714,691,ÖMER AYDIN ÇARŞAMBA,27,2026-06-08,1,990.0,61703.64,Aktif,201 - PETSHOP,cekirdek,erp,saha_gps,ÖMER AYDIN,5449531520,34000,2026-06-08,46
100000899,CAN DOSTLAR ULUCAK PETSHOP ÖMER GÜLTEKİN,ULUCAK İSTİKLAL MAH. 9167SK. NO:4 A,İZMİR,KEMALPAŞA,38.4781496,27.3583074,691,ÖMER AYDIN ÇARŞAMBA,28,2026-03-26,2,288.0,48091.54,Aktif,201 - PETSHOP,cekirdek,erp,saha_gps,ÖMER AYDIN,5545678956,34000,2026-02-17,120
100000950,PETOPİA PETSHOP BUĞRA BAHÇİVAN,ERGENE MAH. 534SK. NO:2 B BORNOVA,İZMİR,BORNOVA,38.4670566,27.2172903,691,ÖMER AYDIN ÇARŞAMBA,30,2026-05-15,9,2698.0,145434.4,Aktif,201 - PETSHOP,cekirdek,erp,saha_gps,ÖMER AYDIN,5077969464,34000,2026-01-02,70
100001022,PATİ ZONE GÜLŞAH HATİPOĞLU,KAZIMDİRİK MH. 154SK. ŞENGÜN NO:4/B BORNOVA,İZMİR,BORNOVA,38.4661896,27.2191942,691,ÖMER AYDIN ÇARŞAMBA,31,,0,0.0,0.0,Aktif,201 - PETSHOP,cekirdek,nominatim_ilce,ilce_merkezi,ÖMER AYDIN,5467811718,34000,,
100000040,MUSTAFA ZAFER KARASU,ERGENE MAH.537 SK.NO18/B BORNOVA İZMİR,İZMİR,BORNOVA,38.4675937,27.2185438,692,ÖMER AYDIN PERŞEMBE,1,,0,0.0,0.0,Aktif,201 - PETSHOP,cekirdek,nominatim_mahalle,mahalle_merkezi,ÖMER AYDIN,5352151794,34000,,
100000059,AYSUN GENEVIRCI,KEMALPAŞA MAH.7055 SK.NO:36/A PINARBAŞI BORNOVA İZMİR,İZMİR,BORNOVA,38.429104,27.2664549,692,ÖMER AYDIN PERŞEMBE,2,,0,0.0,0.0,Aktif,201 - PETSHOP,cekirdek,nominatim_mahalle,mahalle_merkezi,ÖMER AYDIN,5075308336,34000,,
100000134,SADIYE ÖZEREN CHACKİE PETSHOP,ZİYA GÖKALP CD.NO:6-A BORNOVA-İZMİR,İZMİR,BORNOVA,38.4661896,27.2191942,692,ÖMER AYDIN PERŞEMBE,3,,0,0.0,0.0,Aktif,201 - PETSHOP,cekirdek,nominatim_ilce,ilce_merkezi,ÖMER AYDIN,5321706569,34000,,
100000161,AHMET TATLIDEDE,ARMUTLU 85.YIL CUMHURİYET MAH. SAĞLIK CAD. NO:2/A KEMALPAŞA-İZMİR,İZMİR,KEMALPAŞA,38.4073876,27.5261831,692,ÖMER AYDIN PERŞEMBE,4,,0,0.0,0.0,Aktif,202 - YEM TOPTAN,cekirdek,nominatim_mahalle,mahalle_merkezi,ÖMER AYDIN,5370614067,34000,,
100000201,HAYVANLAR IÇIN PROJELER DERNEGI,HÜRRİYET MH. İNLİK ÇARŞIKLI KÜME EVLERİ NO:5,İZMİR,KEMALPAŞA,38.4694649,27.4002143,692,ÖMER AYDIN PERŞEMBE,5,,0,0.0,0.0,Aktif,203 - ÇİFTLİK/BARINAK,cekirdek,nominatim_ilce,ilce_merkezi,ÖMER AYDIN,5537645635,34000,,
100000234,ÜLKEM TARIM ÜRÜNLERİ GIDA HYV PAZ SAN TİC LTD ŞTİ,ERGENE MAH 540 SOK NO: 6A BORNOVA İZMİR,İZMİR,BORNOVA,38.4675937,27.2185438,692,ÖMER AYDIN PERŞEMBE,6,,0,0.0,0.0,Aktif,202 - YEM TOPTAN,cekirdek,nominatim_mahalle,mahalle_merkezi,ÖMER AYDIN,5334960011,34000,,
100000248,PETKA PETSHOP SİNAN KARTAL,KAZIMDİRİK MAH. 194SK. NO:36B BORNOVA,İZMİR,BORNOVA,38.460846,27.2045778,692,ÖMER AYDIN PERŞEMBE,7,,0,0.0,0.0,Aktif,201 - PETSHOP,cekirdek,erp,saha_gps,ÖMER AYDIN,5452982804,34000,,
100000496,ATLANTİS PET SHOP,ERGENE MAH. 544 SK NO:7 BORNOVA İZMİR,İZMİR,BORNOVA,38.4675937,27.2185438,692,ÖMER AYDIN PERŞEMBE,17,,0,0.0,0.0,Aktif,201 - PETSHOP,cekirdek,nominatim_mahalle,mahalle_merkezi,ÖMER AYDIN,5441144088,34000,,
100000520,CUCUPAKVARYUM YAVUZ GÜLER,KAMİL TUNCA BULV. NO:251/A YEŞİLOVA,İZMİR,BORNOVA,38.4661896,27.2191942,692,ÖMER AYDIN PERŞEMBE,18,,0,0.0,0.0,Aktif,201 - PETSHOP,cekirdek,nominatim_ilce,ilce_merkezi,ÖMER AYDIN,5359259405,34000,,
100000536,EDA ÇULHA ASLAN KRAL PET,ERGENE MH. YZB. İBRAHİM HAKKI CD. AKDAĞ NO:159,İZMİR,BORNOVA,38.465518,27.2094459,692,ÖMER AYDIN PERŞEMBE,19,,0,0.0,0.0,Aktif,201 - PETSHOP,cekirdek,erp,saha_gps,ÖMER AYDIN,5061753290,34000,,
100000631,ÖMER AKGÜMÜŞ PETKON,ERZANE MAH. 64 SK. NO:8/B BORNOVA İZMİR,İZMİR,BORNOVA,38.4626162,27.2253117,692,ÖMER AYDIN PERŞEMBE,20,,0,0.0,0.0,Aktif,201 - PETSHOP,cekirdek,erp,saha_gps,ÖMER AYDIN,5321552985,34000,,
100000728,İBRAHİM FERİDUN BİGALI EC FEED ADDITIVES,KOŞUKAVAK MH. 4212SK. NO:1/22 BORNOVA,İZMİR,BORNOVA,38.4661896,27.2191942,692,ÖMER AYDIN PERŞEMBE,22,,0,0.0,0.0,Aktif,201 - PETSHOP,cekirdek,nominatim_ilce,ilce_merkezi,ÖMER AYDIN,5079732979,34000,,
100000847,VETCORP VETERİNERLİK VE TARIM HİZMETLERİ LTD. ŞTİ,EVKA3 MAHALLESİ 125SK. NO:12/1,İZMİR,BORNOVA,38.4667548,27.2473636,692,ÖMER AYDIN PERŞEMBE,24,2026-03-14,1,330.0,34334.88,Aktif,200 - VETERİNER,cekirdek,erp,saha_gps,ÖMER AYDIN,5557000069,34000,2026-03-14,132
100000900,KEMALPAŞA PETSHOP MEHMET YÜKSEL,MEHMET AKİF ERSOY MAH. MESERETÇİOĞLU CAD. NO:7 A KEMALPAŞA,İZMİR,KEMALPAŞA,38.427586,27.4188893,692,ÖMER AYDIN PERŞEMBE,28,2026-07-14,10,3120.0,211327.37,Aktif,201 - PETSHOP,cekirdek,erp,saha_gps,ÖMER AYDIN,5545678956,34000,2026-01-22,10
100001133,KAFKAS YEM / TÜRKER DEĞİRMENCİ,85.YIL CUMHURİYET MH. NO:75/C,İZMİR,KEMALPAŞA,38.4074081,27.5261892,692,ÖMER AYDIN PERŞEMBE,33,2026-03-30,4,1500.0,70760.5,Aktif,202 - YEM TOPTAN,cekirdek,erp,saha_gps,ÖMER AYDIN,5300377119,,2026-02-17,116
100001154,YAĞMUR KUTUCU EVCİL HAYV. VE MALZEMELERİ SATIŞI,FAZIL PAŞA CD. NO:58/B,İZMİR,BORNOVA,38.4277476,27.1943017,692,ÖMER AYDIN PERŞEMBE,35,2026-07-14,3,315.0,46398.58,Aktif,201 - PETSHOP,cekirdek,erp,saha_gps,ÖMER AYDIN,5452741750,,2026-03-14,10
100000041,FATMA AKBAS,KAZIM DİRİK MAH.184.SOK.NO:59/ABORNOVA İZMİR,İZMİR,BORNOVA,38.4661896,27.2191942,693,ÖMER AYDIN CUMA,1,,0,0.0,0.0,Aktif,201 - PETSHOP,cekirdek,nominatim_ilce,ilce_merkezi,ÖMER AYDIN,5320654887,34000,,
100000062,TEVFIK DEVE,ULUCAK İSTİKLAL MAH.TURGUT ÖZAL BULVARI NO:35 B İÇ KAPI NO:B KEMALPAŞA İZMİR,İZMİR,KEMALPAŞA,38.4791186,27.358118,693,ÖMER AYDIN CUMA,2,,0,0.0,0.0,Aktif,201 - PETSHOP,cekirdek,nominatim_mahalle,mahalle_merkezi,ÖMER AYDIN,5333066859,34000,,
100000136,SEFADE ÇETINKAYA,AŞ MAH.RÜŞTÜ CD.NO:2/E KINIK-İZMİR,İZMİR,KINIK,39.0868407,27.3517023,693,ÖMER AYDIN CUMA,3,,0,0.0,0.0,Aktif,201 - PETSHOP,cekirdek,nominatim_mahalle,mahalle_merkezi,ÖMER AYDIN,5377680043,34000,,
100000177,KEMALPASA HAYVANSEVENLER DERNEGI,102 SOKAK NO:48/A KEMALPAŞA-İZMİR,İZMİR,KEMALPAŞA,38.4694649,27.4002143,693,ÖMER AYDIN CUMA,4,,0,0.0,0.0,Aktif,203 - ÇİFTLİK/BARINAK,cekirdek,nominatim_ilce,ilce_merkezi,ÖMER AYDIN,5384400510,34000,,
100000211,K.B.D. NAKLIYE SAN.TIC.LTD.STI,EGEMENLİK MAH. 6133/2 SOK. NO:4 BORNOVA İZMİR,İZMİR,BORNOVA,38.4264864,27.2295296,693,ÖMER AYDIN CUMA,5,,0,0.0,0.0,Aktif,201 - PETSHOP,cekirdek,nominatim_mahalle,mahalle_merkezi,ÖMER AYDIN,2324446998,34000,,
100000238,MELAHAT YORULMAZ,85. YIL CUMHURİYET MAH KAZIM DİRİK CAD NO:31 KEMALPAŞA İZMİR,İZMİR,KEMALPAŞA,38.4064556,27.5293779,693,ÖMER AYDIN CUMA,6,,0,0.0,0.0,Aktif,201 - PETSHOP,cekirdek,nominatim_mahalle,mahalle_merkezi,ÖMER AYDIN,5355285983,34000,,
100000249,EGE ULAŞIM TAŞIMACILIK VE TİCARET ANONİM ŞİRKETİ,KEMALPAŞA MAH 7401 SOK NO:7 BORNOVA İZMİR,İZMİR,BORNOVA,38.429104,27.2664549,693,ÖMER AYDIN CUMA,7,,0,0.0,0.0,Aktif,201 - PETSHOP,cekirdek,nominatim_mahalle,mahalle_merkezi,ÖMER AYDIN,5342712922,34000,,
100000497,PARK PETSHOP RECEP BİLEN,ERGENE MAH. 540 SK. FETHİ BEY CAD. NO:47_B BORNOVA,İZMİR,BORNOVA,38.4675937,27.2185438,693,ÖMER AYDIN CUMA,17,,0,0.0,0.0,Aktif,201 - PETSHOP,cekirdek,nominatim_mahalle,mahalle_merkezi,ÖMER AYDIN,5075346969,34000,,
100000522,İHSAN AKKAYA YEŞİLOVA PET,YEŞİLOVA MAH. 4150 SK. NO:63/5A BORNOVA İZMİR,İZMİR,BORNOVA,38.4323342,27.202657,693,ÖMER AYDIN CUMA,18,,0,0.0,0.0,Aktif,201 - PETSHOP,cekirdek,erp,saha_gps,ÖMER AYDIN,5354368208,34000,,
100000558,EFE KINIK EFEPETSHOP BORNOVA,ERGENE MAH. 552. SK NO:11 A / BORNOVA,İZMİR,BORNOVA,38.4702414,27.2183621,693,ÖMER AYDIN CUMA,19,,0,0.0,0.0,Aktif,201 - PETSHOP,cekirdek,erp,saha_gps,ÖMER AYDIN,5316967664,34000,,
100000672,ALFA PET EMEL ÖZSOY,MEHMET AKİF ERSOY MAH. KEMALPAŞA CAD. NO:44A,İZMİR,KEMALPAŞA,38.4311915,27.4165374,693,ÖMER AYDIN CUMA,20,,0,0.0,0.0,Aktif,201 - PETSHOP,cekirdek,erp,saha_gps,ÖMER AYDIN,5378610576,34000,,
100000712,REDBELT PETSHOP HALİL CAN KIRMIZIKUŞAK,ERZENE MAH. 8SK. BEKİRAĞA NO:16A BORNOVA,İZMİR,BORNOVA,38.465288,27.2211347,693,ÖMER AYDIN CUMA,21,,0,0.0,0.0,Aktif,201 - PETSHOP,cekirdek,nominatim_mahalle,mahalle_merkezi,ÖMER AYDIN,5436937835,34000,,
100000859,ENGOO PETSHOP ENGİN KÖRÜKCÜ,KAZIMDİRİK MAH. 364/11SK NO:1/3K BORNOVA,İZMİR,BORNOVA,38.4454978,27.2019735,693,ÖMER AYDIN CUMA,24,2026-03-14,2,878.0,61444.32,Aktif,201 - PETSHOP,cekirdek,erp,saha_gps,ÖMER AYDIN,5558751035,34000,2026-02-10,132
100000902,YILMAZLAR PETSHOP ÖZGE YILMAZ,YEŞİLOVA MAH. 4053SK. NO:39/A BORNOVA,İZMİR,BORNOVA,38.4378855,27.2061822,693,ÖMER AYDIN CUMA,28,2026-03-31,6,1148.0,70995.81,Aktif,201 - PETSHOP,cekirdek,erp,saha_gps,ÖMER AYDIN,5556170562,34000,2025-12-15,115
100000969,TUANA EVCİL HAYVAN EKİPMANLARI İBRAHİM KODAL,1517 SOKAK NO:8/B DOĞANLAR MAH. BORNOVA,İZMİR,BORNOVA,38.4497459,27.2495848,693,ÖMER AYDIN CUMA,30,2025-12-17,1,3825.0,206275.92,Aktif,201 - PETSHOP,cekirdek,erp,saha_gps,ÖMER AYDIN,5552946408,34000,2025-12-17,219
100001157,ÇARLİ PETSHOP / ÖZGE FATMA KARAMANOĞLU,ATATÜRK MH. YAVUZ CD. NO:142/A,İZMİR,BORNOVA,38.474535,27.1964465,693,ÖMER AYDIN CUMA,35,2026-05-11,6,728.0,62029.61,Aktif,201 - PETSHOP,cekirdek,erp,saha_gps,ÖMER AYDIN,5303400540,,2026-03-23,74
100000042,VEYSEL ÖZTÜRK,OSMANGAZİ MAH.617/10 SOK.A.ERDEN NO:1 BAYRAKLI/ İZMİR,İZMİR,BORNOVA,38.4670853,27.2000127,694,ÖMER AYDIN CUMARTESİ,1,,0,0.0,0.0,Aktif,201 - PETSHOP,cekirdek,nominatim_mahalle,mahalle_merkezi,ÖMER AYDIN,5308733040,34000,,
100000063,ATILLA AYHAN,ŞİFNE MAH. 6000 SK NO: 28 ÇEŞME/İZMİR,İZMİR,BORNOVA,38.4661896,27.2191942,694,ÖMER AYDIN CUMARTESİ,2,,0,0.0,0.0,Aktif,201 - PETSHOP,cekirdek,nominatim_ilce,ilce_merkezi,ÖMER AYDIN,5323617396,34000,,
100000148,MÜMIN YILMAZ,KAMİL TUNCA BULV. NO:1/A YEŞİLOVA MAH. BORNOVA-İZMİR KAMİL TUNCA BULV. NO:1/A YEŞİLOVA MAH. BORNOVA-İZMİR,İZMİR,BORNOVA,38.4310923,27.196649,694,ÖMER AYDIN CUMARTESİ,3,2026-07-08,2,1110.0,57299.72,Aktif,202 - YEM TOPTAN,cekirdek,erp,saha_gps,ÖMER AYDIN,5372367507,34000,2026-03-31,16
100000188,SUNAY ELARSLAN,M.AKİF ERSOY MAH KİRAZLI CAD NO:175/A KEMALPAŞA/İZMİR,İZMİR,KEMALPAŞA,38.4694649,27.4002143,694,ÖMER AYDIN CUMARTESİ,4,,0,0.0,0.0,Aktif,201 - PETSHOP,cekirdek,nominatim_ilce,ilce_merkezi,ÖMER AYDIN,5343489566,34000,,
100000212,GÜMÜS CY INSAAT TEKSTIL SAN TIC LTD STI,ERGENE MAH YZB İBRAHİM HAKKI CAD NO:161B BORNOVA İZMİR,İZMİR,BORNOVA,38.4675937,27.2185438,694,ÖMER AYDIN CUMARTESİ,5,,0,0.0,0.0,Aktif,201 - PETSHOP,cekirdek,nominatim_mahalle,mahalle_merkezi,ÖMER AYDIN,5325747338,34000,,
100000241,ÖZGE YILMAZ,YEŞİLOVA MAH 4053 SOK ERHAN YILMAZ NO:39 A BORNOVA İZMİR,İZMİR,BORNOVA,38.4397371,27.2054946,694,ÖMER AYDIN CUMARTESİ,6,,0,0.0,0.0,Aktif,201 - PETSHOP,cekirdek,nominatim_mahalle,mahalle_merkezi,ÖMER AYDIN,5556170562,34000,,
100000513,DERİN DENİZ AKVARYUM BURAK DOĞRU,75 SOKAK NO:19-C BORNOVA İZMİR,İZMİR,BORNOVA,38.4661896,27.2191942,694,ÖMER AYDIN CUMARTESİ,17,,0,0.0,0.0,Aktif,201 - PETSHOP,cekirdek,nominatim_ilce,ilce_merkezi,ÖMER AYDIN,5518433999,34000,,
100000523,AYYILDIZ PETSHOP HATİCE YILDIZ,BARBAROS MAH. 5329 SK. NO:1/A BORNOVA / İZMİR,İZMİR,BORNOVA,38.4361694,27.1912167,694,ÖMER AYDIN CUMARTESİ,18,,0,0.0,0.0,Aktif,201 - PETSHOP,cekirdek,nominatim_mahalle,mahalle_merkezi,ÖMER AYDIN,5378556274,34000,,
100000683,PATİSESİ CEMİL CAN SÜRMELİ,İZMİR BORNOVA YAKAKÖY,İZMİR,BORNOVA,38.4661896,27.2191942,694,ÖMER AYDIN CUMARTESİ,20,,0,0.0,0.0,Aktif,203 - ÇİFTLİK/BARINAK,cekirdek,nominatim_ilce,ilce_merkezi,ÖMER AYDIN,5454458666,34000,,
100000733,MİNİKCANLAR PETSHOP ÖMER AKGÜMÜŞ,ERZENE MH. 64SK. NO:8/B BORNOVA,İZMİR,BORNOVA,38.4623871,27.2253193,694,ÖMER AYDIN CUMARTESİ,22,2026-07-20,4,740.0,60030.44,Aktif,201 - PETSHOP,cekirdek,erp,saha_gps,ÖMER AYDIN,5555555555,34000,2026-06-08,4
100000828,SURTAŞ İŞLETMECİLİK İNŞAAT SANAYİ VE NAKLİYAT LİMİTED ŞİRKETİ,EGEMENLİK MAH. 6153SK. NO:4S IŞIKKENT,İZMİR,BORNOVA,38.4264864,27.2295296,694,ÖMER AYDIN CUMARTESİ,23,2025-12-30,1,187.0,17014.46,Aktif,205 - GELENEKSEL KANAL,cekirdek,nominatim_mahalle,mahalle_merkezi,ÖMER AYDIN,5305459803,34000,2025-12-30,206
100000033,NAZIM BIRGÜL,ARAP HASAN MAH.İNÖNÜ CAD.199 A KARABAĞLAR İZMİR,İZMİR,KARABAĞLAR,38.4006765,27.1088226,,,,,0,0.0,0.0,Pasif,201 - PETSHOP,cekirdek,nominatim_mahalle,mahalle_merkezi,,5545080943,34000,,
100000034,SERKAN KÖKER,ÜÇYOL METRO İSTASYONU İÇİ İNÖNÜ CAD. P/3 KONAK İZMİR,İZMİR,KONAK,38.4187168,27.1282675,,,,,0,0.0,0.0,Pasif,201 - PETSHOP,cekirdek,nominatim_ilce,ilce_merkezi,,5057454190,34000,,
100000044,BAHAR KARAKURT,SAİM ÇIKRIKÇI CAD.NO:156/A YEŞİLYURT İZMİR,İZMİR,KONAK,38.4187168,27.1282675,,,,,0,0.0,0.0,Pasif,201 - PETSHOP,cekirdek,nominatim_ilce,ilce_merkezi,,5318174374,34000,,
100000054,AHMET YENIOGLU,ŞEMİKLER MAH. ERDOĞAN AKKAYA SK. NO: 43 1A KARŞIYAKA/İZMİR,İZMİR,KARŞIYAKA,38.4755359,27.0950001,,,,,0,0.0,0.0,İptal,201 - PETSHOP,cekirdek,nominatim_mahalle,mahalle_merkezi,,545489012,34000,,
100000055,SERIFE AYAR,MİTHATPAŞA CAD NO: 917/A GÜZELYALI-İZMİR,İZMİR,GÜZELBAHÇE,38.375516,26.8755527,,,,,0,0.0,0.0,Pasif,201 - PETSHOP,cekirdek,nominatim_ilce,ilce_merkezi,,5464433535,34000,,
100000060,METİN ÖZVARDAR,5037 SOK.NO:3/1 ÇAMDİBİ İZMİR,İZMİR,KONAK,38.4187168,27.1282675,,,,,0,0.0,0.0,Pasif,202 - YEM TOPTAN,cekirdek,nominatim_ilce,ilce_merkezi,,5323956445,34000,,
100000061,NURAN BOSTANCI,GÖZTEPE MAH. MİTHATPAŞA CAD. 908 C KONAK İZMİR,İZMİR,KONAK,38.3973139,27.0918506,,,,,0,0.0,0.0,Pasif,201 - PETSHOP,cekirdek,nominatim_mahalle,mahalle_merkezi,,5324622966,34000,,
100000064,ENDER KÜLAHCI,,İZMİR,,,,,,,,0,0.0,0.0,Pasif,201 - PETSHOP,cekirdek,basarisiz,yok,,5558029097,34000,,
100000068,EROL BÖLÜKBASI,,İZMİR,KARABAĞLAR,38.3865299,27.134722,,,,,0,0.0,0.0,Pasif,201 - PETSHOP,cekirdek,nominatim_ilce,ilce_merkezi,,5305610073,34000,,
100000070,ÖZGE KALE-CARMEN PETSHOP,,İZMİR,BAYRAKLI,38.4639144,27.1644029,,,,,0,0.0,0.0,İptal,201 - PETSHOP,cekirdek,nominatim_ilce,ilce_merkezi,,5301103464,34000,,
100000072,MEHMET LEVENT ARIKAN GIDA TURIZM TASIMA PETROL ÜRÜNLERI PAZ.SAN.VE TIC.LTD STI,CUMHURİYET MAH.MERKEZ MAH.NO:6 MORDOĞAN-KARABURUN-İZMİR,İZMİR,KARABURUN,38.6352337,26.5092576,,,,,0,0.0,0.0,Pasif,205 - GELENEKSEL KANAL,cekirdek,nominatim_mahalle,mahalle_merkezi,,5325785326,34000,,
100000079,YELIZ CAN,ŞEMİKLER MAH.6182 SOK.69 B KARŞIYAKA-İZMİR,İZMİR,KARŞIYAKA,38.4755359,27.0950001,,,,,0,0.0,0.0,İptal,201 - PETSHOP,cekirdek,nominatim_mahalle,mahalle_merkezi,,5530869112,34000,,
100000081,ERHAN ERTÜRK,BAHÇELİEVLER MAH.GÜN SAZAK BLV.NO:1 D İÇ KAPI NO KARŞIYAKA-İZMİR,İZMİR,KARŞIYAKA,38.4662877,27.1171287,,,,,0,0.0,0.0,İptal,201 - PETSHOP,cekirdek,nominatim_mahalle,mahalle_merkezi,,5525921912,34000,,
100000083,ISIK ÖZDEMIR,ŞB.MIZRAKLI CAD.NO:41/A KARABAĞLAR-İZMİR,İZMİR,KARABAĞLAR,38.3865299,27.134722,,,,,0,0.0,0.0,Pasif,201 - PETSHOP,cekirdek,nominatim_ilce,ilce_merkezi,,5532841145,34000,,
100000084,ABDULLAH ARTUG,MURAT REİS MAH.137 SK.NO:91 A KONAK-İZMİR,İZMİR,KONAK,38.4030711,27.1086302,,,,,0,0.0,0.0,İptal,201 - PETSHOP,cekirdek,nominatim_mahalle,mahalle_merkezi,,5056324691,34000,,
100000088,EMRE SAMUR,YENİKALE MAH.MİTHATPAŞA CAD.NO:136 C NARLIDERE-İZMİR,İZMİR,NARLIDERE,38.3949989,27.0088783,,,,,0,0.0,0.0,Pasif,201 - PETSHOP,cekirdek,nominatim_mahalle,mahalle_merkezi,,8503020905,34000,,
100000089,MÜBECCEL AYANA,YALI MAH. 6440/4 SK. SEBİLE NO:15 A KARŞIYAKA-İZMİR,İZMİR,KARŞIYAKA,38.4677487,27.0912444,,,,,0,0.0,0.0,İptal,201 - PETSHOP,cekirdek,nominatim_mahalle,mahalle_merkezi,,5334383499,34000,,
100000090,ECKON BESICILIK GIDA,YILDIRIM BEYAZIT MH.5126 SK.NO:32/A ÇAMDİBİ-İZMİR,İZMİR,KONAK,38.4187168,27.1282675,,,,,0,0.0,0.0,Pasif,201 - PETSHOP,cekirdek,nominatim_ilce,ilce_merkezi,,5378669686,34000,,
100000092,BERKE YELEKLI,KEMAL REİS MAH.HALİL RIFATPAŞA CAD.NO:435 C İÇ KAPI NO:C KONAK-İZMİR,İZMİR,KONAK,38.4068653,27.1142131,,,,,0,0.0,0.0,Pasif,202 - YEM TOPTAN,cekirdek,nominatim_mahalle,mahalle_merkezi,,5442805097,34000,,
100000093,ATILLA ÖNEM,BIYIKLAR MAH.KUBİLAY CAD.NO:37 BAYINDIR-İZMİR,İZMİR,BAYINDIR,38.2224751,27.6529166,,,,,0,0.0,0.0,Pasif,202 - YEM TOPTAN,cekirdek,nominatim_mahalle,mahalle_merkezi,,5382123550,34000,,
100000094,AHMET ÖZKURT,ESATPAŞA MAH. ATATÜRK CAD.NO:116-A MENEMEN-İZMİR,İZMİR,MENEMEN,38.6054001,27.0743447,,,,,0,0.0,0.0,Pasif,201 - PETSHOP,cekirdek,nominatim_mahalle,mahalle_merkezi,,5369485866,34000,,
100000096,KAMIL ÇOBANYILMAZ,GAYBİ MAH.A.MENDERES CADDESİ NO:29/A MENEMEN-İZMİR,İZMİR,MENEMEN,38.6083941,27.067033,,,,,0,0.0,0.0,Pasif,201 - PETSHOP,cekirdek,nominatim_mahalle,mahalle_merkezi,,5332327918,34000,,
100000102,TİRE ATA YEM AYSEN KAYNAK,YENİ MAH.FEVZİPAŞA CD. NO:2/A,İZMİR,TİRE,38.087407,27.7340259,,,,,0,0.0,0.0,Pasif,202 - YEM TOPTAN,cekirdek,nominatim_mahalle,mahalle_merkezi,,5399736593,34000,,
100000103,SERKAN SERMET,BOSTANLI MAH.GİRNE CAD.NO:37 KARŞIYAKA-İZMİR,İZMİR,ÇİĞLİ,38.4916582,27.0634346,,,,,0,0.0,0.0,İptal,201 - PETSHOP,cekirdek,nominatim_ilce,ilce_merkezi,,5392086779,34000,,
100000104,METIN ALTIN,K.TUNCA BLV.NO:66 ALTINDAĞ-İZMİR,İZMİR,BAYINDIR,38.212768,27.6489919,,,,,0,0.0,0.0,Pasif,201 - PETSHOP,cekirdek,nominatim_ilce,ilce_merkezi,,5327081145,34000,,
100000106,EN-ES GIDA ÜRÜNLERI INSIAAT PETROL NAKLIYE SANAYI TICARET LIMITED SIRKETI,TURABEY MH. ÜÇKEMER CD.NO:94/A BERGAMA-İZMİR,İZMİR,BERGAMA,39.1189476,27.1773642,,,,,0,0.0,0.0,Pasif,201 - PETSHOP,cekirdek,nominatim_ilce,ilce_merkezi,,5302200011,34000,,
100000108,KEREM SAGIROGLU,ERTUĞRUL MAH. ERTUĞRUL CAD. NO:53 BERGAMA-İZMİR,İZMİR,BERGAMA,39.1187329,27.1784561,,,,,0,0.0,0.0,Pasif,201 - PETSHOP,cekirdek,nominatim_mahalle,mahalle_merkezi,,5372847042,34000,,
100000109,ÖZLEM KALELI,ERTUĞRUL MAH. KAYMAKAM KEMAL BEY CAD.NO:9/A BERGAMA-İZMİR,İZMİR,BERGAMA,39.1187329,27.1784561,,,,,0,0.0,0.0,Pasif,201 - PETSHOP,cekirdek,nominatim_mahalle,mahalle_merkezi,,5306940191,34000,,
100000111,AHMET HIKMET YAMAN YAKAMOZ PETSHOP,9131/14 SOKAK NO:3/A KARABAĞLAR,İZMİR,KARABAĞLAR,38.3865299,27.134722,,,,,0,0.0,0.0,Pasif,201 - PETSHOP,cekirdek,nominatim_ilce,ilce_merkezi,,5355275688,34000,,
100000113,YUSUF ALTINTAS,8020/3 SOK NO:1-5/B ÇİĞLİ-İZMİR,İZMİR,ÇİĞLİ,38.4916582,27.0634346,,,,,0,0.0,0.0,İptal,201 - PETSHOP,cekirdek,nominatim_ilce,ilce_merkezi,,5539223596,34000,,
100000118,MEHMET ALI HEPGÜN,ÇUKURALTI MAH.MUSTAFA KEMAL PAŞA BLV.NO:105/BİÇ KAPI NO:B MENDERES-İZMİR,İZMİR,MENDERES,38.0204863,27.0966019,,,,,0,0.0,0.0,Pasif,201 - PETSHOP,cekirdek,nominatim_mahalle,mahalle_merkezi,,5362291211,34000,,
100000123,DOGA ZIRAI ÜRÜN ALIM,HACIVELİ MH.NO:101 FOÇA-İZMİR,İZMİR,FOÇA,38.668916,26.7547749,,,,,0,0.0,0.0,İptal,202 - YEM TOPTAN,cekirdek,nominatim_ilce,ilce_merkezi,,5353076646,34000,,
100000124,TOLGA TALA KARATAŞ CAFE VE HALI SAHA,MUSTAFA KEMAL ATATÜRK MAH.İZMİR CD.NO:109 YENİ FOÇA-İZMİR YENİ FOÇA-İZMİR,İZMİR,FOÇA,38.7406854,26.8396877,,,,2026-01-14,2,338.0,21019.11,Pasif,201 - PETSHOP,cekirdek,nominatim_mahalle,mahalle_merkezi,,5323657440,34000,2025-12-29,191
100000125,MERAY MERAL,30 AGUSTOS MAH.7113 SOK.ŞİRİNYURT SİT.ÖMERKAYA APT.NO:11 K:3 D:8 MENEMEN-İZMİR,İZMİR,MENEMEN,38.5533467,27.0464174,,,,,0,0.0,0.0,Pasif,201 - PETSHOP,cekirdek,nominatim_mahalle,mahalle_merkezi,,5547547240,34000,,
100000126,SENEM ARGUN,FAHRETTİN ALTAY MAH.65/17 SOK.NO:3/A KARABAĞLAR-İZMİR,İZMİR,KARABAĞLAR,38.3953931,27.068135,,,,,0,0.0,0.0,Pasif,201 - PETSHOP,cekirdek,nominatim_mahalle,mahalle_merkezi,,5392305894,34000,,
100000127,GÜRHAN KALENDER TAR,YAKA MAH.ÇEŞME URLA İZMİR ASFALTI CAD.BO:269 URLA-İZMİR,İZMİR,URLA,38.3186987,26.7566615,,,,,0,0.0,0.0,Pasif,201 - PETSHOP,cekirdek,erp,saha_gps,,5322861087,34000,,
100000128,MIRDEN GIDA,AKDENİZ MAH. CUMHURİYET BULV. NO:45/7 KONAK-İZMİR,İZMİR,KONAK,38.4244882,27.1329276,,,,,0,0.0,0.0,Pasif,201 - PETSHOP,cekirdek,nominatim_mahalle,mahalle_merkezi,,5425304973,34000,,
100000137,MEHMET PINARBASIOGLU,1728 SK. NO:20/A KARŞIYAKA-İZMİR,İZMİR,KARŞIYAKA,38.5034452,27.1134554,,,,,0,0.0,0.0,İptal,201 - PETSHOP,cekirdek,nominatim_ilce,ilce_merkezi,,5322348964,34000,,
100000138,MUSTAFA SEKER,KOCATEPE MAH. 574 SOK.NO:59 DAİRE:4 EŞREFPAŞA-KONAK-İZMİR,İZMİR,KONAK,38.4073517,27.129331,,,,,0,0.0,0.0,Pasif,201 - PETSHOP,cekirdek,nominatim_mahalle,mahalle_merkezi,,5301183090,34000,,
100000143,KUTUP EVCIL HAYVAN ÜRÜNLERI,ALAÇATI MAH. 11500 SK. NO:24/B ÇEŞME-İZMİR,İZMİR,ÇEŞME,38.2847573,26.3745176,,,,,0,0.0,0.0,Pasif,201 - PETSHOP,cekirdek,nominatim_mahalle,mahalle_merkezi,,5321549292,34000,,
100000144,KEMAL DOKUZKARDES,ŞİRİNTEPE MAH. MALTEPE CAD. NO:27/A ÇİĞLİ-İZMİR,İZMİR,ÇİĞLİ,38.4934044,27.0680021,,,,,0,0.0,0.0,Pasif,201 - PETSHOP,cekirdek,nominatim_mahalle,mahalle_merkezi,,5385891450,34000,,
100000153,SEVTAP ORAL,ÇANDARLI MAH. OKUL SK.NO:1/A DİKİLİ/İZMİR,İZMİR,DİKİLİ,38.9375423,26.9328964,,,,,0,0.0,0.0,Pasif,201 - PETSHOP,cekirdek,nominatim_mahalle,mahalle_merkezi,,5064220089,34000,,
100000154,NIHAT KAÇAN,ZÜBEYDE HANIM MAH.7448/2 SK.NO:1-1A KARŞIYAKA-İZMİR,İZMİR,KARŞIYAKA,38.4914811,27.1095407,,,,,0,0.0,0.0,İptal,201 - PETSHOP,cekirdek,nominatim_mahalle,mahalle_merkezi,,5327688072,34000,,
100000155,DENIZ SARDAG,GÜZELYALI MAH. 38 SK. NO:28 KONAK-İZMİR,İZMİR,KONAK,38.3961251,27.0857954,,,,,0,0.0,0.0,Pasif,201 - PETSHOP,cekirdek,nominatim_mahalle,mahalle_merkezi,,5076561864,34000,,
100000158,ZABUNSU GÜBRE YEM VE TAR.ÜR.SAN.TIC.LTD.STI,TEKELİ FEVZİ ÇAKMAK MAH. POYRAZ SK.NO:30 MENDERES-İZMİR,İZMİR,MENDERES,38.1886759,27.1899524,,,,,0,0.0,0.0,İptal,202 - YEM TOPTAN,cekirdek,nominatim_mahalle,mahalle_merkezi,,5075627010,34000,,
100000162,SAFIYE IÇMEZ KUS YEMI VE MLZ. SATISI,GÜMÜŞPALA MAHALLESİ 7019 SOKAK NO:56/C BAYRAKLI-İZMİR,İZMİR,BAYRAKLI,38.4692259,27.1368594,,,,,0,0.0,0.0,İptal,202 - YEM TOPTAN,cekirdek,nominatim_mahalle,mahalle_merkezi,,5352453856,34000,,
100000163,EFECAN ÇALISKAN,SOĞUKKUYU MAH. 1847 SOK. NO:13-1B BAYRAKLI-İZMİR,İZMİR,BAYRAKLI,38.4734871,27.1194878,,,,,0,0.0,0.0,İptal,201 - PETSHOP,cekirdek,nominatim_mahalle,mahalle_merkezi,,5534118919,34000,,
100000165,GÜNEBAKAN BAHÇE VE PET ÜRÜNLERI TIC.LTD.STI,16 EYLÜL MAH.3001 SK. NO:29/6 ÇEŞME-İZMİR,İZMİR,ÇEŞME,38.3258574,26.3050061,,,,,0,0.0,0.0,Pasif,201 - PETSHOP,cekirdek,nominatim_mahalle,mahalle_merkezi,,2327128817,34000,,
100000167,SEBAHATTIN SOYUGÜZEL,ESENTEPE MH. 46/4 SK 21 2 KARABAĞLAR / İZMİR,İZMİR,KONAK,38.4187168,27.1282675,,,,,0,0.0,0.0,Pasif,201 - PETSHOP,cekirdek,nominatim_ilce,ilce_merkezi,,5322061173,34000,,
100000169,SELMA KIZILHAN,TELEFERİK MAH. ÖZSAĞLIK SK. NO:46/A BALÇOVA-İZMİR,İZMİR,BALÇOVA,38.3820922,27.0570997,,,,,0,0.0,0.0,Pasif,201 - PETSHOP,cekirdek,nominatim_mahalle,mahalle_merkezi,,5325118072,34000,,
100000170,ERKAN KANLI,HIDIRAK MAH. 65 SOK.NO:19/B SEFERİHİSAR-İZMİR,İZMİR,SEFERİHİSAR,38.1950292,26.8342193,,,,,0,0.0,0.0,Pasif,201 - PETSHOP,cekirdek,nominatim_ilce,ilce_merkezi,,5324761098,34000,,
100000174,ILIMDAR YASAR,AKIN KIVANÇ SOKAK POSTACILAR MAH. NO:161/A BAYRAKLI-İZMİR,İZMİR,BAYRAKLI,38.4791835,27.1240007,,,,,0,0.0,0.0,İptal,201 - PETSHOP,cekirdek,nominatim_mahalle,mahalle_merkezi,,5075041371,34000,,
100000175,SEFERIHISAR DOGA VE HAYVAN DOSTLARI DERNEGI,137/19 SOKAK NO:9 SIĞACIK -SEFERİHİSAR-İZMİR,İZMİR,SEFERİHİSAR,38.1950292,26.8342193,,,,,0,0.0,0.0,Pasif,203 - ÇİFTLİK/BARINAK,cekirdek,nominatim_ilce,ilce_merkezi,,5324319780,34000,,
100000180,SEVGI BERK,CUMHURİYET CAD.MERSİN ALANI NO:63/A-B ÜRKMEZ-SEFERİHİSAR-İZMİR,İZMİR,SEFERİHİSAR,38.1950292,26.8342193,,,,,0,0.0,0.0,Pasif,201 - PETSHOP,cekirdek,nominatim_ilce,ilce_merkezi,,5534830447,34000,,
100000181,AHMET MEHMET ERMAN,16 EYLÜL MAH.3037 SK 6/8 ÇEŞME-İZMİR,İZMİR,ÇEŞME,38.3258574,26.3050061,,,,,0,0.0,0.0,Pasif,201 - PETSHOP,cekirdek,nominatim_mahalle,mahalle_merkezi,,5362462885,34000,,
100000182,KEREM ÇOKMENGILIG,ESENYALI MAH.İNÖNÜ CAD. NO:589 KARABAĞLAR-İZMİR,İZMİR,KARABAĞLAR,38.3939705,27.0913282,,,,,0,0.0,0.0,Pasif,201 - PETSHOP,cekirdek,nominatim_mahalle,mahalle_merkezi,,5380817755,34000,,
100000183,BAHADIR ÇIL,MERMERLİ MAH. ZİYA GÖKALP CAD. NO:153/A MENEMEN-İZMİR,İZMİR,MENEMEN,38.6100613,27.0674296,,,,,0,0.0,0.0,Pasif,201 - PETSHOP,cekirdek,nominatim_mahalle,mahalle_merkezi,,5077439391,34000,,
100000184,ÇAGLAR PINAR,MERMERLİ MH. Z.GÖKALP C. NO:106/B MENEMEN-İZMİR,İZMİR,MENEMEN,38.6033618,27.0764308,,,,,0,0.0,0.0,Pasif,201 - PETSHOP,cekirdek,nominatim_ilce,ilce_merkezi,,5438416255,34000,,
100000185,CÜNEYT ARCAK,MİTHATPAŞA CAD.NO:25 MENEMEN-İZMİR,İZMİR,MENEMEN,38.6033618,27.0764308,,,,,0,0.0,0.0,Pasif,201 - PETSHOP,cekirdek,nominatim_ilce,ilce_merkezi,,5305800944,34000,,
100000187,ARDA OLGUN,1738 SOKAK NO:136/B KARŞIYAKA-İZMİR,İZMİR,KARŞIYAKA,38.5034452,27.1134554,,,,,0,0.0,0.0,İptal,201 - PETSHOP,cekirdek,nominatim_ilce,ilce_merkezi,,5077163200,34000,,
100000189,NEBI ECE,ZAİMAĞA CADDESİ 56 C-C KARABAĞLAR-İZMİR,İZMİR,KARABAĞLAR,38.3865299,27.134722,,,,,0,0.0,0.0,Pasif,201 - PETSHOP,cekirdek,nominatim_ilce,ilce_merkezi,,5535677641,34000,,
100000192,MELIH ÇÖL,KASIMPAŞA MAH PAŞA TÜRBE GEÇİTİ NO:12 K:2 D:3,İZMİR,MENEMEN,38.6086765,27.0721729,,,,,0,0.0,0.0,Pasif,201 - PETSHOP,cekirdek,nominatim_mahalle,mahalle_merkezi,,5447088891,34000,,
100000193,CEMALETTIN SÖNMEZ,ONUR MAH SEMT DALYA DOK NOç32/A İÇ KAPI NO:7 BALÇOVA İZMİR,İZMİR,BALÇOVA,38.3915902,27.0520209,,,,,0,0.0,0.0,Pasif,201 - PETSHOP,cekirdek,nominatim_mahalle,mahalle_merkezi,,5068881616,34000,,
100000196,SEVDA ÖMÜRLÜ,NERGİZ MAH ALİ ALP BÖKE CAD NO:41 A KARŞIYAKA İZMİR,İZMİR,KARŞIYAKA,38.4609332,27.1068886,,,,,0,0.0,0.0,İptal,201 - PETSHOP,cekirdek,nominatim_mahalle,mahalle_merkezi,,5320633223,34000,,
100000197,ASIYE KURUDAL VANİLYA PETSHOP,BAHRİYE ÜÇOK MAHALLESİ LATİFE HANIM SOKAK 93A,İZMİR,KARŞIYAKA,38.4590051,27.1095382,,,,,0,0.0,0.0,İptal,201 - PETSHOP,cekirdek,nominatim_mahalle,mahalle_merkezi,,5426558666,34000,,
100000199,MURAT ATALAY,ŞEMİKLER MAH 6266 SOK NO:4 K:2 D:16 KARŞIYAKA İZMİR,İZMİR,KARŞIYAKA,38.4755359,27.0950001,,,,,0,0.0,0.0,İptal,201 - PETSHOP,cekirdek,nominatim_mahalle,mahalle_merkezi,,5058235130,34000,,
100000202,ADEM YATAGAR,FEVZİ ÇAKMAK MAH SADULLAH SEVER CAD NO:128 A FOÇA İZMİR,İZMİR,FOÇA,38.7417482,26.8332008,,,,,0,0.0,0.0,Pasif,201 - PETSHOP,cekirdek,nominatim_mahalle,mahalle_merkezi,,5536825543,34000,,
100000204,ZAAT ENGIN,EĞİTİM MAH ZİYA GÖKALP SOK AHMET TUZCU NO:1 C İÇ KAPI NO: C BALÇOVA İZMİR,İZMİR,BALÇOVA,38.3945049,27.0591619,,,,,0,0.0,0.0,Pasif,201 - PETSHOP,cekirdek,nominatim_mahalle,mahalle_merkezi,,5352865047,34000,,
100000205,MURAT ÖZTÜRK,YENİMAHALLE MAH 8040 SOK NO:22 D:5 ÇİĞLİ İZMİR,İZMİR,ÇİĞLİ,38.4958778,27.0535841,,,,,0,0.0,0.0,Pasif,201 - PETSHOP,cekirdek,nominatim_mahalle,mahalle_merkezi,,5334450292,34000,,
100000209,AYA STORE TEKSTIL IMALAT ITHALAT VE IHRACAT AS,Çatalkaya mahallesi mithatpaşa caddesi no:389 narlıdere İzmir,İZMİR,NARLIDERE,38.3926928,27.0014374,,,,,0,0.0,0.0,Pasif,201 - PETSHOP,cekirdek,nominatim_mahalle,mahalle_merkezi,,5079215132,34000,,
100000210,LOKMAN YALÇIN,29 EKİM MAH 184 SOK NO:10 B MENEMEN İZMİR,İZMİR,MENEMEN,38.5454842,27.0392998,,,,,0,0.0,0.0,Pasif,201 - PETSHOP,cekirdek,nominatim_mahalle,mahalle_merkezi,,5071547698,34000,,
100000213,HEDIYE LIMANLIK,FİKRİ ALTAY MAH. 6183 SK NO:14 A,İZMİR,KARŞIYAKA,38.4746276,27.1019973,,,,,0,0.0,0.0,İptal,201 - PETSHOP,cekirdek,nominatim_mahalle,mahalle_merkezi,,5071805306,34000,,
100000214,FUNDA YAVUZ,SIĞACIK MAH. 137 SK. NO:6 SEFERİHİSAR-İZMİR,İZMİR,SEFERİHİSAR,38.1931856,26.786015,,,,,0,0.0,0.0,Pasif,201 - PETSHOP,cekirdek,nominatim_mahalle,mahalle_merkezi,,5309378024,34000,,
100000216,AS EFE TARIM SANAYI VE TICARET LTD STI,CAMİKEBİR MAH 52/4 SOK NO:26 A SEFERİHİSAR İZMİR,İZMİR,SEFERİHİSAR,38.1962534,26.8385116,,,,,0,0.0,0.0,Pasif,202 - YEM TOPTAN,cekirdek,nominatim_mahalle,mahalle_merkezi,,5322570088,34000,,
100000220,OSMAN SÖGÜTLÜ GIDA TAR ÜR VE VTR IL ITH IHR SAN TIC LTD STI,HALKAPINAR MAH 1202/2 SOK NO:4 K KONAK İZMİR,İZMİR,KONAK,38.4311773,27.1645185,,,,,0,0.0,0.0,Pasif,202 - YEM TOPTAN,cekirdek,nominatim_mahalle,mahalle_merkezi,,5306904388,34000,,
100000224,SEYITHAN ARACI,AKDENİZ MAH MİMAR KEMALETTİN CAD NO:36A İÇ KAPI NO A KONAK İZMİR,İZMİR,KONAK,38.4244882,27.1329276,,,,,0,0.0,0.0,Pasif,201 - PETSHOP,cekirdek,nominatim_mahalle,mahalle_merkezi,,5364181648,34000,,
100000232,SERHAT ÖZAK,ÇANKAYA MAH MİTHATPAŞA CAD ŞAD NO792A İÇ KAPI NO A KONAK İZMİR,İZMİR,KONAK,38.4047173,27.1012228,,,,,0,0.0,0.0,Pasif,201 - PETSHOP,cekirdek,nominatim_mahalle,mahalle_merkezi,,5444899856,34000,,
100000236,SETARİ GIDA TURİZM İNŞAAT SANAYİ VE TİCARET LİMİTED ŞİRKETİ,ÇAMLI MAH ÇAMLICA CAD NO 26A GÜZELBAHÇE İZMİR,İZMİR,GÜZELBAHÇE,38.3139141,26.859942,,,,,0,0.0,0.0,Pasif,201 - PETSHOP,cekirdek,nominatim_mahalle,mahalle_merkezi,,5301315335,34000,,
100000237,ALİ CAN ÖZSAN,PİRİ REİS MAH 286 SOK MELTEM NO:4 İÇ KAPI NO 21 KONAK İZMİR,İZMİR,KONAK,38.404821,27.1149642,,,,,0,0.0,0.0,Pasif,201 - PETSHOP,cekirdek,nominatim_mahalle,mahalle_merkezi,,5337499910,34000,,
100000239,URLA DEĞİR.YEM UN GIDA HAYV.TAR.NAK.İNŞ.TURZ.SAN.VE TİC.LTD,YELALTI MAH PARK SOK NO:7 URLA İZMİR,İZMİR,URLA,38.3226,26.7689076,,,,,0,0.0,0.0,Pasif,202 - YEM TOPTAN,cekirdek,nominatim_mahalle,mahalle_merkezi,,5303238235,34000,,
100000242,ERCAN DÖKÜM METAL PET TEKS GIDA NAK HU TU SAN TİC LTD ŞTİ,İTOB OSB MAH 10035 CAD NO :3 MENDERES İZMİR,İZMİR,MENDERES,38.2551566,27.1381399,,,,,0,0.0,0.0,Pasif,201 - PETSHOP,cekirdek,nominatim_ilce,ilce_merkezi,,5321554502,34000,,
100000243,CC KURYE NAKLİYE LOJİSTİK HİZMETLERİ VE TAŞIMACILIK TİC.SAN.LTD.ŞTİ,ALSANCAK 1467 SOKAK NO 17 İÇ KAPI NO A KONAK İZMİR,İZMİR,KONAK,38.4187168,27.1282675,,,,,0,0.0,0.0,Pasif,201 - PETSHOP,cekirdek,nominatim_ilce,ilce_merkezi,,5326306137,34000,,
100000247,MERAL GÜNDOĞAN,YENİKENT MAH 75. YIL CUMHURİYET CAD NO:126 A İÇ KAPI NO 0 URLA İZMİR,İZMİR,URLA,38.3332004,26.7696836,,,,,0,0.0,0.0,Pasif,201 - PETSHOP,cekirdek,nominatim_mahalle,mahalle_merkezi,,5073997085,34000,,
100000251,RECAİ BARBOROS,ESENLİK MAH ULU ÖNDER CAD NO:30A İÇ KAPI NO 0 KARABAĞLAR İZMİR,İZMİR,KARABAĞLAR,38.3966597,27.1124405,,,,,0,0.0,0.0,Pasif,201 - PETSHOP,cekirdek,nominatim_mahalle,mahalle_merkezi,,5061879988,34000,,
100000253,NESİM LÜLECİ,YOK ÇAMLI KÖYÜ NO: 14 GÜZELBAHÇE/ İZMİR,İZMİR,GÜZELBAHÇE,38.375516,26.8755527,,,,,0,0.0,0.0,Pasif,205 - GELENEKSEL KANAL,cekirdek,nominatim_ilce,ilce_merkezi,,5427275324,34000,,
100000444,CAT-DOG PET SHOP,,İZMİR,TORBALI,38.1701193,27.347338,,,,,0,0.0,0.0,Pasif,201 - PETSHOP,cekirdek,nominatim_ilce,ilce_merkezi,,5337320738,34000,,
100000445,MEHMET LEVENT ARIKAN,,İZMİR,KARABURUN,38.6354423,26.5098027,,,,,0,0.0,0.0,İptal,201 - PETSHOP,cekirdek,nominatim_ilce,ilce_merkezi,,5325785326,34000,,
100000489,VURAL ÇİL İZMİR PETS,EGEKENT MH. 3831 SK. NO:19/B ÇİĞLİ İZMİR,İZMİR,ÇİĞLİ,38.4916582,27.0634346,,,,,0,0.0,0.0,Pasif,201 - PETSHOP,cekirdek,nominatim_ilce,ilce_merkezi,,5427698286,34000,,
100000490,ERDOĞAN KOL,İSMET İNÖNÜ MAH. 80. YIL CAD. İNŞAAT NO:20 A,İZMİR,MENEMEN,38.5998857,27.0786012,,,,,0,0.0,0.0,Pasif,201 - PETSHOP,cekirdek,nominatim_mahalle,mahalle_merkezi,,5531351815,34000,,
100000491,ERCAN KOL,UĞUR MUMCU MAH. 1304 SK. MER KA APT NO:34 İÇ KAPI8,İZMİR,MENEMEN,38.6035699,27.0817541,,,,,0,0.0,0.0,Pasif,201 - PETSHOP,cekirdek,nominatim_mahalle,mahalle_merkezi,,5332006643,34000,,
100000492,HAVVA ÜREDİN,FEVZİ PAŞA MAH. 197 SK. NO:8 A,İZMİR,FOÇA,38.668916,26.7547749,,,,,0,0.0,0.0,İptal,201 - PETSHOP,cekirdek,nominatim_ilce,ilce_merkezi,,5536308024,34000,,
100000501,YENİSU MARKET SEDAT ÇELİK KUŞ,TEPECİK MAH. 1529SK YENİSU SİTESİ NO:20 SEFERİHİSR,İZMİR,SEFERİHİSAR,38.179946,26.8355999,,,,2026-02-10,2,410.0,22126.82,Pasif,201 - PETSHOP,cekirdek,nominatim_mahalle,mahalle_merkezi,,5448223535,34000,2026-01-26,164
100000509,HYREAQUA,EĞİTİM MAH. GAZİ OSMANPAŞA SK. NO:19/B,İZMİR,BALÇOVA,38.3945049,27.0591619,,,,,0,0.0,0.0,Pasif,201 - PETSHOP,cekirdek,nominatim_mahalle,mahalle_merkezi,,5556139583,34000,,
100000510,MİNOS BURÇİN YOLDAŞ ÖZOĞLU PET SHOP,H. İSA MAH. ERDOĞAN KER CAD. NO.1 D:1 URLA / İZMİR,İZMİR,URLA,38.3250947,26.7668526,,,,,0,0.0,0.0,Pasif,201 - PETSHOP,cekirdek,nominatim_mahalle,mahalle_merkezi,,5535718507,34000,,
100000511,TOKVET VETERİNERLİK HİZ. TARIM İNŞ. GIDA TURİZM HAYV. SAN. VE ULUSLARARASI TİC. A.Ş,ALTINTAŞ MAH. ZAFER CAD. NO.145B URLA,İZMİR,URLA,38.3206529,26.7573515,,,,,0,0.0,0.0,Pasif,200 - VETERİNER,cekirdek,nominatim_mahalle,mahalle_merkezi,,5384740570,34000,,
100000514,GÖRKEM ÇETİN VENDİ PETSHOP,8759 SK NO:5/1B KÜÇÜKÇİĞLİ İZMİR,İZMİR,ÇİĞLİ,38.4916582,27.0634346,,,,,0,0.0,0.0,Pasif,201 - PETSHOP,cekirdek,nominatim_ilce,ilce_merkezi,,5061865677,34000,,
100000516,TRUVA PETSHOP,ATAŞEHİR MAH. 8010-2 SK. NO:8-A CİĞLİ İZMİR,İZMİR,ÇİĞLİ,38.4891551,27.062681,,,,,0,0.0,0.0,İptal,201 - PETSHOP,cekirdek,nominatim_mahalle,mahalle_merkezi,,5531085803,34000,,
100000519,DESTAN AV ÖMER NERGİZ,ANADOLU CD. NO:976/A KÜÇÜKÇİĞLİ /ÇİĞLİ İZMİR,İZMİR,ÇİĞLİ,38.4916582,27.0634346,,,,,0,0.0,0.0,İptal,202 - YEM TOPTAN,cekirdek,nominatim_ilce,ilce_merkezi,,5332659898,34000,,
100000529,TURGUT REİS PETSHOP ZARİFE YILMAZ,DOKUZ EYLÜL MH. KAHRAMANLAR CD. NO:3/1-A GAZİEMİR,İZMİR,GAZİEMİR,38.3262756,27.1399665,,,,,0,0.0,0.0,Pasif,201 - PETSHOP,cekirdek,nominatim_ilce,ilce_merkezi,,5534268012,34000,,
100000532,LOKİ PETSHOP ŞABAN GELDİ,ATATÜRK MAH. 202/28 SK. NO:12 A BUCA İZMİR,İZMİR,BUCA,38.3784033,27.1806754,,,,,0,0.0,0.0,İptal,201 - PETSHOP,cekirdek,nominatim_mahalle,mahalle_merkezi,,5364742254,34000,,
100000539,UĞUR YILDIRIM,BAHARİYE MAH. ZÜBEYDE HANIM CD. MELİSA NO:106 D,İZMİR,KARŞIYAKA,38.461686,27.1161239,,,,,0,0.0,0.0,İptal,201 - PETSHOP,cekirdek,nominatim_mahalle,mahalle_merkezi,,5536321002,34000,,
100000546,UYEM EVCİL HAYVAN ÜRÜNLERİ TİC. LMT. ŞİRKETİ,YALI MAH. 6402 SK NO:37B KARŞIYAKA,İZMİR,ÇİĞLİ,38.4916582,27.0634346,,,,,0,0.0,0.0,İptal,201 - PETSHOP,cekirdek,nominatim_ilce,ilce_merkezi,,5422471515,34000,,
100000555,TORBALI PETSHOP HAKAN OLCAN,TORBALI MAH. METROPOLİS BLV. NO:57 A,İZMİR,TORBALI,38.1716783,27.3484468,,,,2025-12-15,1,329.0,53449.9,Pasif,201 - PETSHOP,cekirdek,nominatim_mahalle,mahalle_merkezi,,5524775596,34000,2025-12-15,221
100000560,MİNİMA PETSHOP BURAK ANTAKYALIOĞLU,ALPKENT. MAH. 1047 SK. NO:16/B,İZMİR,TORBALI,38.1672585,27.3561286,,,,,0,0.0,0.0,Pasif,201 - PETSHOP,cekirdek,nominatim_mahalle,mahalle_merkezi,,5465646462,34000,,
100000578,HALİL KARABULUT ES PETSHOP,AYRANCILAR MAH. 75/1 SK NO:28 İÇ KAPI NO:1 TORBALI,İZMİR,TORBALI,38.2493603,27.2758448,,,,,0,0.0,0.0,Pasif,201 - PETSHOP,cekirdek,nominatim_mahalle,mahalle_merkezi,,5382247087,34000,,
100000584,İZMİR GNC YAPI GAYRİMENKUL LMT. ŞRKT,TORBALI MH. 5169 SK NO:3 C TORBALI İZMİR,İZMİR,TORBALI,38.1701193,27.347338,,,,,0,0.0,0.0,Pasif,201 - PETSHOP,cekirdek,nominatim_ilce,ilce_merkezi,,5056730401,34000,,
100000595,TÜYLÜ DOSTUM PETSHOP GÜLSÜM GÖNEN,8809SK NO 141 Z-33 YEŞİL İZMİR İŞ MERKEZİ,İZMİR,ÇİĞLİ,38.4916582,27.0634346,,,,,0,0.0,0.0,İptal,201 - PETSHOP,cekirdek,nominatim_ilce,ilce_merkezi,,5060649560,34000,,
100000617,ENDERPET TOPTAN VE PERAKENDE EVCİL HAYVAN MALZEMELERİ,IRMAK MH 97 SK NO:9/B GAZİEMİR İZMİR,İZMİR,GAZİEMİR,38.3262756,27.1399665,,,,,0,0.0,0.0,Pasif,202 - YEM TOPTAN,cekirdek,nominatim_ilce,ilce_merkezi,,5542138680,34000,,
100000618,ARYAPET CLUP HAKKI YILMAZ,GAZİ MAHALLESİ 16 SK NO:26/B GAZİEMİR,İZMİR,GAZİEMİR,38.3224928,27.1269715,,,,,0,0.0,0.0,Pasif,201 - PETSHOP,cekirdek,nominatim_mahalle,mahalle_merkezi,,5331425679,34000,,
100000625,BARLAS SOĞUTMA SAN. VE TİC. A.Ş,OĞLANANSI ATATÜRK MAH. İZMİR AYDIN CAD. NO:28,İZMİR,MENDERES,38.2551566,27.1381399,,,,,0,0.0,0.0,Pasif,201 - PETSHOP,cekirdek,nominatim_ilce,ilce_merkezi,,2322575192,34000,,
100000640,TUMBALI TİCARET UN. YEM&TARIM ÜRÜNLERİ TİCARETİ İGSAŞ GÜBRE BAYİ,FATİH MAH. HASTANE CAD. NO:46/A BAYINDIR,İZMİR,BAYINDIR,38.2158392,27.6497365,,,,,0,0.0,0.0,Pasif,202 - YEM TOPTAN,cekirdek,nominatim_mahalle,mahalle_merkezi,,5534318970,34000,,
100000648,KUNPET EVCİL HAYVAN ÜRÜNLERİ,29 EKİM MH. 8CAD SİMGE SİT. NO:28/D,İZMİR,MENEMEN,38.6033618,27.0764308,,,,,0,0.0,0.0,Pasif,201 - PETSHOP,cekirdek,nominatim_ilce,ilce_merkezi,,5555555555,34000,,
100000653,ÇITIR PETSHOP HAKAN GÖGCE,KÖYİÇİ MH. 8072SK NO:10 İÇ KAPI :0 ÇİĞLİ,İZMİR,ÇİĞLİ,38.4916582,27.0634346,,,,,0,0.0,0.0,Pasif,201 - PETSHOP,cekirdek,nominatim_ilce,ilce_merkezi,,5555555555,34000,,
100000671,HALİL İBRAHİM AKKOÇ,LALELİ MAH. MENDERES CAD. NO:406 A İÇ KAPI NO:A,İZMİR,BUCA,38.3984575,27.1513516,,,,,0,0.0,0.0,Pasif,201 - PETSHOP,cekirdek,nominatim_mahalle,mahalle_merkezi,,5387170875,34000,,
100000677,MEVLANA UNLU MAMÜLLER GIDA TAR. İNŞ. TİC. VE SAN. LTD. ŞTİ,ATATÜRK MAH. ABUHAYAT CD. NO:36A,İZMİR,SELÇUK,37.9498351,27.3678777,,,,,0,0.0,0.0,Pasif,201 - PETSHOP,cekirdek,nominatim_mahalle,mahalle_merkezi,,2328920239,34000,,
100000687,BAHADIR ARPAZ TARIM ÜRÜNLERİ SAN. VE TİC. LTD. ŞTİ,CÜNEYTBEY MAH. İBRAHİM TURAN CAD. NO:60/A,İZMİR,MENDERES,38.2482464,27.1337464,,,,,0,0.0,0.0,Pasif,202 - YEM TOPTAN,cekirdek,nominatim_mahalle,mahalle_merkezi,,5554909082,34000,,
100000689,CAN DOSTLAR PETSHOP ARMAN ÇETİN,M.KEMAL ATATÜRK MAHALLESİ İZMİR CAD. NO:88/A,İZMİR,FOÇA,38.6530153,26.9022153,,,,,0,0.0,0.0,İptal,201 - PETSHOP,cekirdek,nominatim_mahalle,mahalle_merkezi,,5458320089,34000,,
100000690,PATİ PETSHOP RAHŞAN SERTOL,YALI MAH. 644/04SK. SEBİLE NO:15A KARŞIYAKA,İZMİR,KARŞIYAKA,38.4677487,27.0912444,,,,,0,0.0,0.0,İptal,201 - PETSHOP,cekirdek,nominatim_mahalle,mahalle_merkezi,,5555555555,34000,,
100000693,MUSTAFA AYKUT BOLAT AQUPETYA,30 AĞUSTOS MH. 7113SK NO:3D MENEMEN,İZMİR,MENEMEN,38.560082,27.0459865,,,,2026-05-20,9,2790.0,314040.28,İptal,201 - PETSHOP,cekirdek,erp,saha_gps,,5555555555,34000,2025-12-18,65
100000697,ZUHAL ALTAY ASİLPATİ PETSHOP,ATIFBEY MAH. ABDÜLHAMİT YAVUZ CAD. GÜL NO:63B,İZMİR,GAZİEMİR,38.3215855,27.1293958,,,,,0,0.0,0.0,Pasif,201 - PETSHOP,cekirdek,nominatim_mahalle,mahalle_merkezi,,5555555555,34000,,
100000705,AGROMAK TARIM GIDA HAY. DAN. TURZ. İNŞ. SAN. VE TİC. LTD. ŞTİ,YAKA MAH. ERDOĞAN KER CADDESİ 3 NOLU BAĞIMSIZ 106A,İZMİR,URLA,38.3251632,26.7572309,,,,,0,0.0,0.0,Pasif,201 - PETSHOP,cekirdek,nominatim_mahalle,mahalle_merkezi,,2324259944,34000,,
100000710,HALİL BÜYÜKDAĞLI,ÇAMLIK MAH. 406. SK NO:8 SELÇUK/İZMİR,İZMİR,SELÇUK,37.8856274,27.3828863,,,,,0,0.0,0.0,Pasif,202 - YEM TOPTAN,cekirdek,nominatim_mahalle,mahalle_merkezi,,5355269236,34000,,
100000711,PET URLA TOLGA KETE,GÜVENDİK MAH. MEHMET ALİ AYGÜVEN CAD. NO:150 B,İZMİR,URLA,38.3978946,26.7276893,,,,,0,0.0,0.0,Pasif,201 - PETSHOP,cekirdek,nominatim_mahalle,mahalle_merkezi,,5451277611,34000,,
100000716,ASKLEPİON VETERİNERLİK SANAYİ VE TİCARET LTD. ŞTİ,MURATBEY MAH. 3548SK. NO:29/12 TORBALI,İZMİR,TORBALI,38.1522667,27.3536932,,,,,0,0.0,0.0,Pasif,200 - VETERİNER,cekirdek,nominatim_mahalle,mahalle_merkezi,,5467261648,34000,,
100000731,SİMGE ALTINOVA ASVARYUM PETSHOP,GAZİ MH. 16SK. NO:26 B GAZİEMİR,İZMİR,GAZİEMİR,38.3262756,27.1399665,,,,,0,0.0,0.0,Pasif,201 - PETSHOP,cekirdek,nominatim_ilce,ilce_merkezi,,5364521177,34000,,
100000739,TANEM PET VE HAŞERE İLAÇLARI,ALTINTAŞ NH. 343 SK NO:15/C,İZMİR,KONAK,38.4187168,27.1282675,,,,,0,0.0,0.0,Pasif,201 - PETSHOP,cekirdek,nominatim_ilce,ilce_merkezi,,5555555555,34000,,
100000740,ASEN ŞARKÜTERİ,5757/26 SOKAK NO:2/A KARABAĞLAR,İZMİR,KARABAĞLAR,38.3865299,27.134722,,,,,0,0.0,0.0,Pasif,204 - ULUSAL KANAL,cekirdek,nominatim_ilce,ilce_merkezi,,5548726439,34000,,
100000748,PHOKAİA VET CANDENİZ VETERİNERLİK HİZMETLERİ,FEVZİ ÇAKMAK MH. KURTULUŞ CD. NO:22 YENİFOÇA,İZMİR,FOÇA,38.668916,26.7547749,,,,,0,0.0,0.0,Pasif,200 - VETERİNER,cekirdek,nominatim_ilce,ilce_merkezi,,5320572988,34000,,
100000751,EGE PETSHOP,İNÖNÜ MH. SARACOĞLU CAD. NO:53A ÖDEMİŞ,İZMİR,ÖDEMİŞ,38.2220766,27.9654515,,,,,0,0.0,0.0,Pasif,201 - PETSHOP,cekirdek,nominatim_ilce,ilce_merkezi,,5532315717,34000,,
100000758,POYRAZ PET BİRSEN YANAR,ARAP HASAN MAH. GAZETECİ HASAN TAHSİN CAD. NO:68A KARABAĞLAR,İZMİR,KARABAĞLAR,38.4006765,27.1088226,,,,,0,0.0,0.0,Pasif,201 - PETSHOP,cekirdek,nominatim_mahalle,mahalle_merkezi,,5555555555,34000,,
100000764,KORDELYA PETSHOP,NERGİZ MAH. BERİN TAŞAN SK. GÖKKUŞAĞI NO:90/A KARŞIYAKA,İZMİR,KARŞIYAKA,38.4609332,27.1068886,,,,,0,0.0,0.0,İptal,201 - PETSHOP,cekirdek,nominatim_mahalle,mahalle_merkezi,,5388438978,34000,,
100000768,VETAŞ GIDA MADDELERİ TARIM ÜRÜNLERİ TİC. VE SAN. LTD. ŞTİ,1202/(6SK. NO:3K YENİŞEHİR-KONAK,İZMİR,KONAK,38.4187168,27.1282675,,,,,0,0.0,0.0,Pasif,202 - YEM TOPTAN,cekirdek,nominatim_ilce,ilce_merkezi,,2324335504,34000,,
100000807,PET SHOP 35 PERİHAN ELİF ÜNAL,29 EKİM MAH 8. CAD. NO:35B MENEMEN,İZMİR,MENEMEN,38.5454842,27.0392998,,,,,0,0.0,0.0,Pasif,201 - PETSHOP,cekirdek,nominatim_mahalle,mahalle_merkezi,,5467497253,34000,,
100000820,NEKO PETSHOP DAMLA ÇETİNKURŞUN,M.ALİ AYGÜVEN CAD. NO:105/A,İZMİR,URLA,38.3228184,26.7672998,,,,,0,0.0,0.0,Pasif,201 - PETSHOP,cekirdek,nominatim_ilce,ilce_merkezi,,5405651871,34000,,
100000831,PAN PETSHOP DENİZ ÇETİN,ATAKENT MAH. 6342SK. NO:25/A,İZMİR,KARŞIYAKA,38.4663511,27.0880288,,,,,0,0.0,0.0,İptal,201 - PETSHOP,cekirdek,nominatim_mahalle,mahalle_merkezi,,5326607360,34000,,
100000850,İKLİMCE HOME CİHAN ÖZTÜRK,TURABİYE MH. 52/4 SK. NO:54/A,İZMİR,SEFERİHİSAR,38.1950292,26.8342193,,,,,0,0.0,0.0,İptal,205 - GELENEKSEL KANAL,cekirdek,nominatim_ilce,ilce_merkezi,,5332790646,34000,,
100000853,AYHAN BARLIK PATİ PET SHOP,M. FEVZİ ÇAKMAK MH. 4109SK. NO:3/F URLA,İZMİR,URLA,38.3687032,26.8379317,,,,,0,0.0,0.0,Pasif,201 - PETSHOP,cekirdek,erp,saha_gps,,5323873559,34000,,
100000856,KARİKATÜRHANE REKLAMCILIK EVCİL HAYVAN VE MALZEMELERİ GIDA SAN. TİC. LİMİTED. ŞİRKETİ BADEM PETSHOP,BASIN SİTESİ MAH. İNÖNÜ CAD. NO:429/B KARABAĞLAR,İZMİR,KARABAĞLAR,38.4010664,27.0992212,,,,,0,0.0,0.0,İptal,201 - PETSHOP,cekirdek,erp,saha_gps,,5322401101,34000,,
100000860,TOBACCO PETSHOP BERİVAN ÇALIŞKAN,75. YIL MAH 1609/12 SK. BIRKENT CANGÜL NO:2/1B,İZMİR,BAYRAKLI,38.4742189,27.1567729,,,,,0,0.0,0.0,İptal,201 - PETSHOP,cekirdek,nominatim_mahalle,mahalle_merkezi,,5555555555,34000,,
100000862,ÇAĞAN ÖZSOY,CUMHURİYET MAH. ALİZE SİTESİ NO:12 YENİFOÇA,İZMİR,FOÇA,38.7349328,26.8766288,,,,,0,0.0,0.0,Pasif,203 - ÇİFTLİK/BARINAK,cekirdek,nominatim_mahalle,mahalle_merkezi,,5544738715,34000,,
100000865,MADAGASKAR PET SHOP GÖRKEM ŞİMŞEK,ONUR MAH. SARMAŞIK CAD. İZZETİN BAY APT. NO:16/C,İZMİR,BALÇOVA,38.3915902,27.0520209,,,,,0,0.0,0.0,Pasif,201 - PETSHOP,cekirdek,nominatim_mahalle,mahalle_merkezi,,5065093636,34000,,
100000894,JERRY PETSHOP MİRAÇ IŞIK,POSTACILAR MAH. 7610SK. NO:31A BAYRAKLI,İZMİR,BAYRAKLI,38.4816406,27.1200162,,,,,0,0.0,0.0,İptal,201 - PETSHOP,cekirdek,nominatim_mahalle,mahalle_merkezi,,5456068862,34000,,
100000926,DENİZ AKVARYUM EVCİL HAYVANLAR GIDA VE TURİZM SANAYİ VE TİC. LTD. ŞTİ,TALATPAŞA BULV. NO:36/B ALSANCAK,İZMİR,KONAK,38.4187168,27.1282675,,,,,0,0.0,0.0,Pasif,201 - PETSHOP,cekirdek,nominatim_ilce,ilce_merkezi,,5322313960,34000,,
100000928,TUĞRA PETSHOP REKLAM ADEM KOCAER,2208SOK. NO:74/C BOĞAZİÇİ MAH. KONAK,İZMİR,KONAK,38.4202239,27.1693961,,,,,0,0.0,0.0,Pasif,201 - PETSHOP,cekirdek,nominatim_mahalle,mahalle_merkezi,,5462043377,34000,,
100000933,BOBO PET MARKET ÇİĞDEM AÇAN,ÇANKAYA MAH. MİTHATPAŞA CAD. ŞAD NO:792 A KONAK,İZMİR,KONAK,38.4047173,27.1012228,,,,,0,0.0,0.0,Pasif,201 - PETSHOP,cekirdek,nominatim_mahalle,mahalle_merkezi,,5462410617,34000,,
100000935,SEMPATİ PETSHOP YELDA ÇAYLAN,ABDÜLHAMİT YAVUZ CAD. NO:37/A GAZİEMİR,İZMİR,GAZİEMİR,38.3183338,27.1295064,,,,,0,0.0,0.0,Pasif,201 - PETSHOP,cekirdek,erp,saha_gps,,5309133404,34000,,
100000947,GİZEM PETSHOP DERYA AKÇIL,SALİMBEY MAH/SEMT 12SK 4A1 DİKİLİ,İZMİR,DİKİLİ,39.0638401,26.8874609,,,,,0,0.0,0.0,Pasif,201 - PETSHOP,cekirdek,nominatim_mahalle,mahalle_merkezi,,5075458233,34000,,
100000948,KOR PETSHOP NAİL KOR,İSMETPAŞA MAH. 10SK. CANPOLAT APT,İZMİR,DİKİLİ,39.0740357,26.8949175,,,,,0,0.0,0.0,Pasif,201 - PETSHOP,cekirdek,nominatim_mahalle,mahalle_merkezi,,5302052672,34000,,
100000951,BALÇOVA PETSHOP CEMALETTİN SÖNMEZ,ONUR MAH. DALYA SK. NO:32/A,İZMİR,BALÇOVA,38.3854679,27.0557873,,,,,0,0.0,0.0,Pasif,201 - PETSHOP,cekirdek,erp,saha_gps,,5068881616,34000,,
100001019,TUSAN KESER PET10 PETSHOP,ESENLİK MAH. 9161 SK. SUCUOĞLU APT. NO:13-17 İÇ KAPI NO:1,İZMİR,KARABAĞLAR,38.3966597,27.1124405,,,,,0,0.0,0.0,Pasif,201 - PETSHOP,cekirdek,nominatim_mahalle,mahalle_merkezi,,5075071614,34000,,
100001032,KAYHAN OPTİK,ESATPAŞA MH. ÇANAKKALE ASFALTI CD. NO:181-B,İZMİR,MENEMEN,38.6033618,27.0764308,,,,,0,0.0,0.0,Pasif,201 - PETSHOP,cekirdek,nominatim_ilce,ilce_merkezi,,5336077071,34000,,
100001095,GÜVEN PETSHOP / ENES SELKUT,YUNUS EMRE MAHALLESİ SIRRI ATALAY SOKAK NO11/B,İZMİR,KARABAĞLAR,38.371172,27.129457,,,,2026-03-16,1,105.0,5011.47,Pasif,201 - PETSHOP,cekirdek,erp,saha_gps,,5308603369,34000,2026-03-16,130
PT41497,ERDOĞAN PETSHOP,TURAN MAH.SAHNİZADE CADDESİ NO:87/A,İZMİR,TİRE,38.0787732,27.7158882,,,,2025-12-15,1,1157.0,117805.59,Pasif,201 - PETSHOP,cekirdek,nominatim_mahalle,mahalle_merkezi,,5373914807,34000,2025-12-15,221
